payment_id,customer_id,amount,payment_method,bank,failure_reason,previous_success_count,previous_failure_count,retry_attempted,retry_delay_minutes,recovered,recovery_time_minutes,treatment_group
P00001,C00861,437.72,upi,SBI,network_error,8,2,1,10,0,,1
P00002,C01295,589.66,netbanking,HDFC,insufficient_funds,4,2,1,120,0,,1
P00003,C01131,209.3,upi,ICICI,insufficient_funds,3,3,0,0,0,,0
P00004,C01096,1583.73,netbanking,SBI,network_error,4,1,1,60,1,17.0,1
P00005,C01639,382.42,card,Other,bank_declined,2,2,1,60,0,,1
P00006,C02170,771.02,card,SBI,insufficient_funds,2,4,1,30,0,,1
P00007,C00467,295.02,card,SBI,insufficient_funds,1,0,0,0,1,239.0,0
P00008,C01239,173.28,netbanking,SBI,bank_declined,3,5,0,0,0,,0
P00009,C00331,1115.87,upi,HDFC,limit_exceeded,6,2,0,0,0,,0
P00010,C01483,257.71,upi,SBI,timeout,4,4,0,0,1,31.0,0
P00011,C02136,854.08,netbanking,Other,insufficient_funds,4,4,0,0,0,,0
P00012,C02920,276.09,card,ICICI,timeout,1,0,0,0,1,195.0,0
P00013,C00131,422.44,card,Axis,insufficient_funds,2,2,1,30,0,,1
P00014,C01686,440.83,card,HDFC,network_error,5,2,0,0,0,,0
P00015,C00770,483.82,card,Axis,timeout,6,1,1,10,1,132.0,1
P00016,C02392,314.27,card,SBI,bank_declined,3,2,1,30,1,53.0,1
P00017,C01516,815.52,wallet,HDFC,bank_declined,2,2,0,0,0,,0
P00018,C02854,953.26,upi,Other,limit_exceeded,2,8,0,0,0,,0
P00019,C02434,1158.61,upi,Axis,insufficient_funds,4,4,0,0,0,,0
P00020,C01216,360.47,upi,ICICI,insufficient_funds,1,0,0,0,1,235.0,0
P00021,C00956,225.15,upi,Other,limit_exceeded,2,1,1,30,0,,1
P00022,C02325,572.3,wallet,Other,limit_exceeded,5,5,1,10,0,,1
P00023,C01185,638.66,wallet,Axis,bank_declined,1,4,0,0,0,,0
P00024,C00460,641.25,netbanking,ICICI,network_error,6,2,0,0,0,,0
P00025,C00022,1441.57,card,HDFC,insufficient_funds,6,3,1,10,1,210.0,1
P00026,C02301,532.48,netbanking,Other,limit_exceeded,3,4,0,0,1,41.0,0
P00027,C00748,2140.85,card,HDFC,bank_declined,5,5,1,30,1,151.0,1
P00028,C02905,912.05,upi,Other,network_error,7,2,1,30,0,,1
P00029,C00475,931.97,upi,SBI,insufficient_funds,7,1,0,0,0,,0
P00030,C01083,523.89,card,Other,network_error,4,1,0,0,0,,0
P00031,C02559,396.2,wallet,HDFC,network_error,3,1,1,120,0,,1
P00032,C02048,321.42,wallet,ICICI,bank_declined,4,1,0,0,0,,0
P00033,C02748,560.14,wallet,Axis,limit_exceeded,5,2,0,0,1,139.0,0
P00034,C00976,909.79,card,ICICI,insufficient_funds,3,3,1,120,1,24.0,1
P00035,C01807,429.32,card,Other,limit_exceeded,1,1,1,60,0,,1
P00036,C00190,380.15,wallet,HDFC,timeout,4,0,1,10,1,124.0,1
P00037,C02735,239.42,card,SBI,timeout,4,0,1,120,1,163.0,1
P00038,C00563,705.16,upi,ICICI,network_error,3,0,0,0,1,206.0,0
P00039,C01900,233.25,upi,SBI,bank_declined,3,2,0,0,1,81.0,0
P00040,C01268,651.04,card,Axis,bank_declined,2,1,1,60,1,19.0,1
P00041,C02880,600.81,netbanking,SBI,timeout,3,2,1,120,1,119.0,1
P00042,C01529,447.09,card,Axis,bank_declined,5,1,1,10,0,,1
P00043,C00647,1145.61,upi,SBI,insufficient_funds,2,1,1,120,1,127.0,1
P00044,C02069,1499.73,card,Other,insufficient_funds,4,1,0,0,1,168.0,0
P00045,C02889,112.78,upi,SBI,timeout,3,4,0,0,0,,0
P00046,C02215,174.0,card,ICICI,timeout,4,5,1,10,1,142.0,1
P00047,C01298,741.94,upi,ICICI,bank_declined,5,0,1,60,0,,1
P00048,C02436,1612.01,wallet,ICICI,bank_declined,5,0,0,0,1,166.0,0
P00049,C00601,189.96,netbanking,Axis,network_error,6,3,1,30,1,127.0,1
P00050,C02364,661.86,upi,Axis,bank_declined,2,2,0,0,0,,0
P00051,C02062,145.21,netbanking,Other,network_error,3,0,1,10,0,,1
P00052,C00242,134.68,netbanking,Axis,bank_declined,2,5,0,0,0,,0
P00053,C02042,2096.44,upi,Other,insufficient_funds,2,1,1,120,0,,1
P00054,C02825,646.88,upi,SBI,insufficient_funds,3,5,0,0,1,19.0,0
P00055,C02613,167.95,netbanking,HDFC,bank_declined,3,2,0,0,1,64.0,0
P00056,C02946,423.64,upi,ICICI,insufficient_funds,4,0,1,120,1,58.0,1
P00057,C01364,285.25,card,ICICI,limit_exceeded,2,6,1,10,1,50.0,1
P00058,C02140,365.43,netbanking,Other,network_error,2,4,1,30,1,212.0,1
P00059,C01391,395.7,card,Axis,insufficient_funds,3,1,0,0,0,,0
P00060,C01479,571.24,netbanking,SBI,bank_declined,4,1,1,60,1,30.0,1
P00061,C02557,674.88,netbanking,Other,bank_declined,1,1,0,0,1,213.0,0
P00062,C00776,304.8,netbanking,ICICI,network_error,3,3,0,0,1,183.0,0
P00063,C00035,294.13,card,Other,limit_exceeded,7,4,1,30,1,55.0,1
P00064,C02254,653.96,wallet,HDFC,bank_declined,1,3,0,0,0,,0
P00065,C01956,312.45,upi,HDFC,bank_declined,3,1,1,120,0,,1
P00066,C01586,310.79,netbanking,HDFC,bank_declined,3,2,1,10,0,,1
P00067,C01022,530.57,upi,SBI,bank_declined,2,4,0,0,0,,0
P00068,C02614,503.4,card,HDFC,insufficient_funds,5,2,0,0,1,124.0,0
P00069,C01130,361.06,card,SBI,network_error,4,0,1,30,1,233.0,1
P00070,C01501,1029.28,card,Other,limit_exceeded,8,2,0,0,0,,0
P00071,C00703,696.25,upi,SBI,timeout,2,0,1,120,1,39.0,1
P00072,C02450,2023.66,card,ICICI,limit_exceeded,4,1,0,0,0,,0
P00073,C02778,414.11,upi,Axis,insufficient_funds,3,1,1,10,1,186.0,1
P00074,C01580,807.31,upi,HDFC,network_error,3,4,1,120,0,,1
P00075,C00162,1367.03,upi,Axis,limit_exceeded,3,1,1,120,0,,1
P00076,C00202,263.71,card,Other,insufficient_funds,6,2,0,0,0,,0
P00077,C01982,383.38,upi,SBI,limit_exceeded,3,0,1,120,1,180.0,1
P00078,C00996,1162.56,netbanking,SBI,insufficient_funds,4,1,1,60,1,48.0,1
P00079,C02318,789.44,upi,Axis,limit_exceeded,4,1,1,30,1,27.0,1
P00080,C00816,484.93,card,Other,insufficient_funds,6,1,0,0,0,,0
P00081,C00456,187.33,upi,Axis,bank_declined,3,5,1,10,1,133.0,1
P00082,C01276,198.63,upi,ICICI,insufficient_funds,3,0,1,60,0,,1
P00083,C01017,358.8,card,HDFC,insufficient_funds,3,5,0,0,0,,0
P00084,C02344,280.91,card,HDFC,limit_exceeded,9,2,1,60,1,152.0,1
P00085,C02768,285.54,upi,SBI,insufficient_funds,2,2,1,30,0,,1
P00086,C00338,136.59,upi,Other,timeout,5,1,1,30,1,112.0,1
P00087,C00879,190.65,card,Other,limit_exceeded,2,2,0,0,0,,0
P00088,C01077,265.93,upi,SBI,limit_exceeded,5,0,1,30,1,151.0,1
P00089,C00792,534.93,card,Other,limit_exceeded,6,2,1,60,0,,1
P00090,C02265,387.29,card,Other,limit_exceeded,6,1,1,60,0,,1
P00091,C00764,513.33,netbanking,HDFC,insufficient_funds,2,1,1,10,0,,1
P00092,C02236,497.95,upi,ICICI,limit_exceeded,4,1,1,60,1,196.0,1
P00093,C00380,149.84,netbanking,ICICI,insufficient_funds,5,2,0,0,0,,0
P00094,C00493,1037.54,wallet,SBI,insufficient_funds,5,2,0,0,1,15.0,0
P00095,C01181,823.14,wallet,ICICI,insufficient_funds,2,1,1,30,0,,1
P00096,C02063,507.71,card,ICICI,timeout,1,1,0,0,1,213.0,0
P00097,C00065,340.15,upi,HDFC,insufficient_funds,5,3,0,0,1,42.0,0
P00098,C02569,1276.78,upi,ICICI,bank_declined,2,2,1,120,0,,1
P00099,C01368,242.0,netbanking,ICICI,network_error,3,0,1,10,0,,1
P00100,C01153,977.87,upi,ICICI,bank_declined,3,2,1,120,1,188.0,1
P00101,C02028,268.26,card,Axis,insufficient_funds,2,5,1,30,0,,1
P00102,C02696,1238.24,upi,ICICI,network_error,3,6,0,0,0,,0
P00103,C01496,682.13,card,Axis,bank_declined,6,1,0,0,1,55.0,0
P00104,C01163,922.04,netbanking,HDFC,network_error,8,1,0,0,1,184.0,0
P00105,C01523,571.61,upi,ICICI,network_error,4,3,1,120,0,,1
P00106,C02641,673.76,upi,Other,limit_exceeded,5,2,0,0,1,80.0,0
P00107,C00392,503.64,card,Axis,limit_exceeded,6,0,1,30,1,91.0,1
P00108,C01699,241.88,upi,ICICI,insufficient_funds,1,0,0,0,0,,0
P00109,C00419,1059.87,upi,Other,insufficient_funds,7,3,1,30,0,,1
P00110,C02337,409.05,upi,SBI,limit_exceeded,5,3,1,120,1,58.0,1
P00111,C00379,527.57,netbanking,Axis,network_error,3,0,1,60,0,,1
P00112,C01797,162.29,netbanking,HDFC,timeout,3,0,0,0,0,,0
P00113,C02279,435.2,upi,SBI,network_error,6,2,1,120,1,44.0,1
P00114,C02089,650.66,netbanking,Other,timeout,5,4,1,60,1,30.0,1
P00115,C02183,1649.28,upi,Axis,insufficient_funds,9,0,1,120,1,228.0,1
P00116,C00201,470.87,upi,Axis,timeout,3,3,0,0,1,25.0,0
P00117,C01864,387.7,upi,ICICI,limit_exceeded,7,2,1,30,0,,1
P00118,C00780,310.66,upi,SBI,bank_declined,3,0,0,0,1,228.0,0
P00119,C02978,316.09,upi,ICICI,bank_declined,6,1,0,0,1,27.0,0
P00120,C00503,1719.86,card,HDFC,network_error,7,2,1,120,1,77.0,1
P00121,C02455,233.85,upi,SBI,limit_exceeded,2,3,1,120,1,43.0,1
P00122,C01752,368.68,card,Axis,limit_exceeded,3,0,0,0,0,,0
P00123,C00805,1334.67,card,Other,network_error,7,1,1,30,1,76.0,1
P00124,C02147,1104.19,card,HDFC,network_error,2,5,0,0,0,,0
P00125,C02732,2493.04,upi,ICICI,limit_exceeded,3,2,0,0,0,,0
P00126,C01896,1044.21,card,ICICI,insufficient_funds,3,1,1,120,0,,1
P00127,C02774,584.93,wallet,HDFC,timeout,6,2,0,0,1,165.0,0
P00128,C01571,760.39,netbanking,SBI,bank_declined,2,3,1,60,0,,1
P00129,C00961,242.7,upi,HDFC,network_error,2,1,0,0,1,178.0,0
P00130,C02661,459.33,upi,SBI,limit_exceeded,4,5,0,0,0,,0
P00131,C01486,250.69,card,HDFC,network_error,2,3,1,120,0,,1
P00132,C02691,1340.75,netbanking,HDFC,insufficient_funds,4,3,0,0,0,,0
P00133,C01029,176.26,card,Axis,limit_exceeded,3,3,1,60,1,67.0,1
P00134,C00503,414.85,card,SBI,network_error,2,0,1,60,1,154.0,1
P00135,C02815,236.3,netbanking,HDFC,insufficient_funds,3,5,0,0,0,,0
P00136,C00398,998.3,card,ICICI,insufficient_funds,2,1,1,60,1,109.0,1
P00137,C00871,555.0,upi,ICICI,bank_declined,6,5,1,60,0,,1
P00138,C02843,482.59,netbanking,SBI,insufficient_funds,2,2,0,0,0,,0
P00139,C00393,215.51,netbanking,HDFC,network_error,2,3,0,0,0,,0
P00140,C00207,1337.12,card,SBI,network_error,5,2,1,60,0,,1
P00141,C01039,257.17,netbanking,HDFC,timeout,6,3,0,0,1,232.0,0
P00142,C01882,371.11,upi,Axis,network_error,6,1,0,0,1,160.0,0
P00143,C02940,491.28,upi,Other,bank_declined,2,3,1,30,0,,1
P00144,C01485,717.67,upi,ICICI,insufficient_funds,4,2,0,0,1,14.0,0
P00145,C00864,402.72,card,SBI,insufficient_funds,3,3,1,60,0,,1
P00146,C02791,1347.26,upi,ICICI,limit_exceeded,3,4,1,10,0,,1
P00147,C00564,512.27,upi,HDFC,insufficient_funds,4,3,1,60,0,,1
P00148,C01021,1581.84,netbanking,ICICI,bank_declined,6,1,0,0,0,,0
P00149,C00096,258.8,upi,HDFC,timeout,6,3,0,0,1,205.0,0
P00150,C01924,713.11,card,SBI,limit_exceeded,4,0,0,0,1,108.0,0
P00151,C01758,293.75,upi,Other,insufficient_funds,5,0,1,10,0,,1
P00152,C02533,441.74,upi,Axis,insufficient_funds,4,0,0,0,1,99.0,0
P00153,C02279,193.91,upi,Axis,insufficient_funds,4,3,0,0,0,,0
P00154,C02797,1289.96,card,ICICI,insufficient_funds,3,0,0,0,1,9.0,0
P00155,C01679,1289.47,card,SBI,bank_declined,3,2,1,30,1,63.0,1
P00156,C00541,1162.26,card,SBI,network_error,4,1,0,0,1,193.0,0
P00157,C01060,966.01,netbanking,Axis,timeout,5,3,1,10,0,,1
P00158,C02573,3368.04,netbanking,HDFC,bank_declined,3,3,1,10,1,151.0,1
P00159,C01184,571.39,card,Axis,network_error,4,5,0,0,0,,0
P00160,C01723,1604.23,upi,ICICI,insufficient_funds,4,5,0,0,0,,0
P00161,C01820,489.36,upi,Axis,limit_exceeded,3,2,1,120,1,16.0,1
P00162,C02626,755.36,upi,HDFC,limit_exceeded,3,2,0,0,0,,0
P00163,C02730,876.93,upi,ICICI,network_error,4,4,0,0,0,,0
P00164,C02605,138.51,netbanking,HDFC,insufficient_funds,4,0,1,10,1,229.0,1
P00165,C01598,455.37,upi,Other,limit_exceeded,1,3,1,10,1,135.0,1
P00166,C02694,421.88,wallet,ICICI,timeout,4,3,1,120,0,,1
P00167,C00796,484.2,upi,HDFC,insufficient_funds,4,2,1,60,1,28.0,1
P00168,C01052,298.12,card,Axis,bank_declined,4,0,0,0,1,232.0,0
P00169,C01644,553.19,wallet,Other,insufficient_funds,2,7,1,120,0,,1
P00170,C01364,632.59,card,HDFC,insufficient_funds,2,1,0,0,0,,0
P00171,C01982,243.9,netbanking,Axis,insufficient_funds,7,3,0,0,1,188.0,0
P00172,C01355,505.87,upi,Other,network_error,5,3,0,0,0,,0
P00173,C01664,414.13,netbanking,SBI,bank_declined,2,1,0,0,1,28.0,0
P00174,C01530,1145.78,upi,SBI,bank_declined,2,4,0,0,1,16.0,0
P00175,C02039,738.83,card,Other,insufficient_funds,3,0,1,60,0,,1
P00176,C01497,287.58,upi,HDFC,insufficient_funds,7,5,0,0,0,,0
P00177,C02238,977.01,upi,HDFC,timeout,0,0,0,0,0,,0
P00178,C01409,475.34,upi,ICICI,network_error,0,1,1,120,1,142.0,1
P00179,C01401,515.02,wallet,HDFC,bank_declined,5,3,0,0,0,,0
P00180,C01307,258.11,upi,HDFC,insufficient_funds,3,3,1,60,0,,1
P00181,C02681,567.68,card,SBI,timeout,5,1,0,0,0,,0
P00182,C02676,954.6,card,SBI,limit_exceeded,5,2,0,0,0,,0
P00183,C00973,416.37,netbanking,HDFC,network_error,3,2,0,0,1,90.0,0
P00184,C01769,1489.67,netbanking,Axis,insufficient_funds,1,5,1,30,1,31.0,1
P00185,C01283,927.18,upi,SBI,network_error,4,1,1,30,0,,1
P00186,C00710,274.76,upi,HDFC,insufficient_funds,3,0,1,120,0,,1
P00187,C01480,591.7,netbanking,SBI,insufficient_funds,6,0,1,10,0,,1
P00188,C01435,187.98,card,HDFC,bank_declined,0,3,0,0,0,,0
P00189,C00649,250.54,upi,Other,insufficient_funds,2,0,1,30,0,,1
P00190,C00318,145.74,upi,SBI,limit_exceeded,6,5,1,10,1,236.0,1
P00191,C01258,160.09,card,HDFC,timeout,6,3,0,0,0,,0
P00192,C00684,400.45,upi,SBI,bank_declined,7,3,1,120,0,,1
P00193,C00664,431.43,card,Axis,limit_exceeded,8,1,1,10,0,,1
P00194,C01999,577.69,card,Other,bank_declined,0,3,1,60,1,31.0,1
P00195,C01632,263.08,upi,HDFC,network_error,5,4,0,0,1,69.0,0
P00196,C01496,883.26,upi,Other,network_error,3,1,1,120,1,166.0,1
P00197,C01137,424.28,card,HDFC,network_error,4,1,1,60,0,,1
P00198,C01854,612.26,card,Other,insufficient_funds,5,2,1,120,1,149.0,1
P00199,C01521,51.66,card,Other,limit_exceeded,5,0,0,0,0,,0
P00200,C02490,493.79,card,ICICI,bank_declined,5,3,0,0,0,,0
P00201,C00564,854.92,upi,HDFC,network_error,3,0,0,0,0,,0
P00202,C01292,100.14,card,SBI,timeout,3,3,1,120,0,,1
P00203,C01637,504.25,card,SBI,limit_exceeded,5,3,1,10,1,10.0,1
P00204,C03000,283.62,netbanking,SBI,bank_declined,3,1,0,0,0,,0
P00205,C00699,1448.73,card,Other,timeout,3,1,0,0,1,171.0,0
P00206,C02161,200.13,wallet,Axis,insufficient_funds,3,0,1,120,0,,1
P00207,C00002,2236.77,upi,SBI,timeout,4,0,1,60,1,183.0,1
P00208,C00642,1217.54,card,Other,timeout,2,0,1,60,0,,1
P00209,C02268,533.53,upi,SBI,bank_declined,5,1,0,0,1,91.0,0
P00210,C01590,180.39,wallet,ICICI,bank_declined,1,0,1,60,1,200.0,1
P00211,C00855,357.39,upi,Other,bank_declined,3,2,1,30,1,225.0,1
P00212,C01760,796.59,upi,HDFC,insufficient_funds,9,1,1,30,0,,1
P00213,C02433,532.3,upi,Other,network_error,4,2,0,0,0,,0
P00214,C01662,228.39,upi,ICICI,limit_exceeded,2,1,1,30,0,,1
P00215,C01154,1069.84,card,HDFC,network_error,1,5,1,60,1,212.0,1
P00216,C01077,460.71,card,SBI,network_error,4,3,0,0,0,,0
P00217,C01708,600.58,upi,Other,limit_exceeded,4,1,1,60,0,,1
P00218,C02778,988.66,netbanking,ICICI,network_error,0,4,0,0,0,,0
P00219,C01696,913.76,card,HDFC,bank_declined,4,3,0,0,0,,0
P00220,C01734,1049.44,upi,Axis,timeout,6,2,0,0,0,,0
P00221,C01440,803.55,wallet,Other,network_error,2,0,1,10,0,,1
P00222,C02295,308.35,card,Other,limit_exceeded,5,2,0,0,1,158.0,0
P00223,C00836,478.37,upi,SBI,limit_exceeded,6,1,0,0,0,,0
P00224,C00203,1267.37,upi,Axis,limit_exceeded,1,0,0,0,0,,0
P00225,C00123,191.67,card,SBI,insufficient_funds,2,3,1,10,0,,1
P00226,C00401,223.72,upi,Axis,bank_declined,6,1,0,0,0,,0
P00227,C00767,719.72,card,HDFC,network_error,7,3,1,10,1,216.0,1
P00228,C00294,462.59,card,HDFC,bank_declined,4,4,1,30,1,9.0,1
P00229,C02328,152.51,netbanking,Other,network_error,8,1,1,30,1,62.0,1
P00230,C02932,803.74,netbanking,Other,timeout,1,3,1,30,0,,1
P00231,C00198,676.58,netbanking,HDFC,network_error,9,2,0,0,0,,0
P00232,C01931,3115.2,wallet,Axis,bank_declined,1,2,0,0,1,192.0,0
P00233,C02800,564.33,netbanking,SBI,network_error,7,1,0,0,1,231.0,0
P00234,C02192,2173.35,card,HDFC,timeout,4,0,1,120,1,85.0,1
P00235,C00609,980.96,card,HDFC,network_error,6,3,1,120,1,139.0,1
P00236,C01148,131.98,card,ICICI,timeout,4,4,0,0,1,128.0,0
P00237,C00187,503.41,upi,Other,limit_exceeded,1,1,0,0,0,,0
P00238,C02512,471.08,card,Axis,insufficient_funds,5,1,0,0,0,,0
P00239,C01795,462.97,upi,SBI,limit_exceeded,5,1,0,0,1,38.0,0
P00240,C00660,269.08,netbanking,ICICI,bank_declined,3,2,1,30,1,154.0,1
P00241,C02812,863.79,card,ICICI,network_error,5,1,0,0,1,238.0,0
P00242,C01956,387.25,upi,HDFC,limit_exceeded,2,1,1,60,1,105.0,1
P00243,C02451,1122.27,card,Other,network_error,5,2,1,120,1,209.0,1
P00244,C01370,1012.58,upi,HDFC,insufficient_funds,3,2,1,120,0,,1
P00245,C01987,416.9,card,ICICI,bank_declined,6,1,1,30,1,101.0,1
P00246,C01535,322.27,wallet,ICICI,limit_exceeded,2,2,0,0,0,,0
P00247,C00147,333.33,wallet,SBI,bank_declined,5,1,1,10,1,138.0,1
P00248,C02912,502.13,card,HDFC,timeout,5,3,1,120,0,,1
P00249,C01735,617.41,wallet,HDFC,timeout,2,1,1,60,1,65.0,1
P00250,C01844,360.08,upi,Axis,limit_exceeded,3,2,1,10,1,139.0,1
P00251,C00489,368.53,upi,SBI,bank_declined,4,0,1,60,0,,1
P00252,C02977,601.63,upi,Other,bank_declined,5,1,0,0,0,,0
P00253,C01960,1015.54,netbanking,HDFC,bank_declined,5,1,0,0,0,,0
P00254,C01664,584.22,card,HDFC,network_error,8,3,0,0,1,221.0,0
P00255,C02599,483.22,card,Other,insufficient_funds,2,1,0,0,0,,0
P00256,C02386,581.72,upi,SBI,insufficient_funds,4,0,0,0,1,211.0,0
P00257,C02920,140.17,upi,HDFC,limit_exceeded,5,5,1,60,0,,1
P00258,C00641,418.95,upi,Other,network_error,3,2,0,0,1,128.0,0
P00259,C01803,204.45,netbanking,Axis,insufficient_funds,7,3,0,0,0,,0
P00260,C02521,336.41,card,HDFC,network_error,4,0,1,30,1,181.0,1
P00261,C01970,259.72,wallet,Other,network_error,7,1,0,0,0,,0
P00262,C02199,257.26,wallet,ICICI,network_error,5,2,1,30,1,44.0,1
P00263,C01439,247.26,card,HDFC,network_error,2,1,1,10,1,166.0,1
P00264,C01635,2509.25,card,Axis,network_error,5,2,0,0,1,187.0,0
P00265,C00263,473.65,upi,Other,insufficient_funds,0,2,1,120,0,,1
P00266,C01788,1144.91,upi,Other,bank_declined,5,2,0,0,1,123.0,0
P00267,C02192,839.21,upi,HDFC,timeout,4,0,0,0,1,70.0,0
P00268,C02394,797.85,card,ICICI,network_error,3,4,0,0,0,,0
P00269,C00624,721.01,netbanking,Other,limit_exceeded,6,2,0,0,0,,0
P00270,C01017,2122.13,upi,Other,bank_declined,4,3,1,10,1,158.0,1
P00271,C00881,664.65,upi,ICICI,insufficient_funds,4,2,1,30,1,171.0,1
P00272,C02050,141.7,upi,Axis,insufficient_funds,1,0,0,0,1,53.0,0
P00273,C02945,436.18,wallet,HDFC,bank_declined,1,5,0,0,1,98.0,0
P00274,C01328,236.89,upi,HDFC,bank_declined,0,1,1,10,1,52.0,1
P00275,C02302,184.93,card,HDFC,bank_declined,2,2,0,0,1,102.0,0
P00276,C00453,666.58,card,SBI,network_error,5,6,1,10,0,,1
P00277,C01184,115.35,upi,HDFC,bank_declined,3,3,1,10,1,231.0,1
P00278,C02057,531.69,netbanking,ICICI,insufficient_funds,2,0,0,0,0,,0
P00279,C01683,155.51,upi,HDFC,network_error,1,2,1,30,1,231.0,1
P00280,C02864,435.8,upi,Axis,limit_exceeded,3,3,1,120,0,,1
P00281,C02256,848.6,netbanking,SBI,insufficient_funds,4,7,0,0,0,,0
P00282,C01155,311.97,card,ICICI,insufficient_funds,3,1,1,10,0,,1
P00283,C00404,215.33,netbanking,ICICI,network_error,4,0,0,0,0,,0
P00284,C02200,388.23,netbanking,Axis,insufficient_funds,4,3,1,60,0,,1
P00285,C02102,760.14,netbanking,HDFC,bank_declined,6,1,0,0,0,,0
P00286,C01697,609.35,wallet,SBI,limit_exceeded,2,3,1,30,1,235.0,1
P00287,C00628,468.64,card,SBI,timeout,5,0,0,0,1,233.0,0
P00288,C00587,274.33,upi,SBI,timeout,3,1,0,0,0,,0
P00289,C01649,370.6,card,ICICI,insufficient_funds,3,2,0,0,1,232.0,0
P00290,C01444,798.53,card,Axis,bank_declined,2,2,1,120,0,,1
P00291,C01446,448.72,card,ICICI,network_error,5,3,0,0,1,159.0,0
P00292,C00104,583.72,netbanking,HDFC,timeout,3,3,0,0,1,170.0,0
P00293,C00254,382.94,card,Other,network_error,4,1,0,0,0,,0
P00294,C02558,223.38,card,SBI,insufficient_funds,2,0,1,60,1,157.0,1
P00295,C01497,2001.81,upi,SBI,bank_declined,3,3,1,60,0,,1
P00296,C00099,853.13,netbanking,SBI,insufficient_funds,1,3,0,0,1,117.0,0
P00297,C02201,598.31,upi,ICICI,limit_exceeded,5,0,1,10,0,,1
P00298,C01885,439.19,card,SBI,network_error,4,4,0,0,1,83.0,0
P00299,C02962,1332.99,upi,SBI,bank_declined,2,3,1,120,1,147.0,1
P00300,C01920,282.15,card,Other,limit_exceeded,3,1,0,0,1,74.0,0
P00301,C00878,787.5,wallet,Axis,limit_exceeded,3,2,1,60,0,,1
P00302,C00338,505.96,wallet,HDFC,network_error,6,3,0,0,0,,0
P00303,C02870,410.04,card,ICICI,network_error,4,3,1,30,0,,1
P00304,C00957,405.77,upi,HDFC,bank_declined,2,2,1,10,0,,1
P00305,C01705,1229.16,netbanking,Axis,bank_declined,0,2,1,30,0,,1
P00306,C00161,132.97,card,HDFC,network_error,4,4,0,0,1,191.0,0
P00307,C01604,1580.7,upi,ICICI,timeout,5,3,0,0,1,32.0,0
P00308,C02849,1008.95,card,Other,network_error,5,4,0,0,1,208.0,0
P00309,C00398,505.82,card,HDFC,bank_declined,2,4,0,0,1,41.0,0
P00310,C01301,417.4,wallet,Axis,network_error,3,4,0,0,0,,0
P00311,C00816,489.13,upi,ICICI,timeout,4,0,1,30,0,,1
P00312,C01528,691.76,netbanking,Axis,timeout,3,1,0,0,1,68.0,0
P00313,C01920,1169.22,upi,HDFC,bank_declined,3,2,1,60,0,,1
P00314,C01416,691.41,card,ICICI,limit_exceeded,4,3,0,0,1,157.0,0
P00315,C01159,598.59,upi,HDFC,insufficient_funds,9,2,1,30,1,63.0,1
P00316,C01219,501.96,netbanking,SBI,bank_declined,3,2,1,120,1,38.0,1
P00317,C00401,135.61,card,ICICI,limit_exceeded,4,1,0,0,0,,0
P00318,C00640,154.16,card,HDFC,network_error,6,1,0,0,0,,0
P00319,C02736,1064.48,card,ICICI,timeout,4,2,0,0,0,,0
P00320,C00460,685.84,card,Other,insufficient_funds,2,4,0,0,0,,0
P00321,C00955,879.34,card,SBI,network_error,4,1,0,0,0,,0
P00322,C00470,868.11,netbanking,Axis,limit_exceeded,7,1,1,10,0,,1
P00323,C01046,756.84,card,HDFC,insufficient_funds,4,2,0,0,0,,0
P00324,C02798,905.22,netbanking,Axis,bank_declined,2,0,0,0,0,,0
P00325,C01694,270.71,upi,HDFC,bank_declined,4,1,1,60,1,107.0,1
P00326,C02086,732.47,upi,ICICI,bank_declined,1,2,0,0,0,,0
P00327,C02278,676.56,upi,Axis,network_error,2,3,1,30,0,,1
P00328,C00563,1244.02,netbanking,SBI,insufficient_funds,2,2,1,60,1,97.0,1
P00329,C02486,39.11,netbanking,HDFC,network_error,6,0,1,10,1,161.0,1
P00330,C01800,2625.25,upi,Axis,bank_declined,3,0,0,0,0,,0
P00331,C02075,891.81,netbanking,HDFC,network_error,4,3,0,0,1,128.0,0
P00332,C00226,589.56,card,Other,insufficient_funds,2,3,1,10,0,,1
P00333,C00798,252.93,upi,Other,network_error,4,0,1,30,0,,1
P00334,C02332,401.75,upi,Axis,timeout,3,4,0,0,1,57.0,0
P00335,C02927,628.17,card,Other,network_error,2,2,0,0,0,,0
P00336,C00960,1586.51,upi,SBI,timeout,4,4,1,60,0,,1
P00337,C01505,1433.65,upi,Axis,limit_exceeded,7,7,1,120,0,,1
P00338,C00453,759.83,upi,ICICI,limit_exceeded,2,1,1,60,0,,1
P00339,C00816,821.8,card,Axis,limit_exceeded,5,3,1,60,1,163.0,1
P00340,C00659,566.34,upi,ICICI,insufficient_funds,3,2,0,0,1,10.0,0
P00341,C00547,241.98,netbanking,Other,network_error,6,3,0,0,1,122.0,0
P00342,C01216,284.89,upi,Axis,bank_declined,6,2,0,0,0,,0
P00343,C00017,967.99,upi,SBI,timeout,1,3,0,0,0,,0
P00344,C01244,808.09,wallet,Other,timeout,3,1,1,60,0,,1
P00345,C02206,320.07,netbanking,Other,insufficient_funds,5,2,0,0,0,,0
P00346,C02525,290.2,wallet,Other,network_error,4,3,0,0,0,,0
P00347,C01070,775.0,card,ICICI,limit_exceeded,2,2,1,30,0,,1
P00348,C02566,399.12,upi,ICICI,network_error,5,1,0,0,1,25.0,0
P00349,C02147,283.42,card,SBI,bank_declined,5,2,1,10,0,,1
P00350,C01769,626.0,upi,ICICI,insufficient_funds,2,2,1,10,1,172.0,1
P00351,C01061,791.07,upi,HDFC,timeout,5,1,1,60,1,156.0,1
P00352,C02328,227.76,upi,HDFC,insufficient_funds,8,5,0,0,0,,0
P00353,C02545,388.76,upi,Axis,network_error,4,2,1,10,1,52.0,1
P00354,C00302,822.11,netbanking,Other,limit_exceeded,4,3,1,10,0,,1
P00355,C00181,1483.45,upi,HDFC,bank_declined,4,2,0,0,0,,0
P00356,C00607,604.61,netbanking,ICICI,timeout,6,3,0,0,0,,0
P00357,C00700,344.93,wallet,SBI,timeout,4,3,1,10,0,,1
P00358,C00993,275.66,netbanking,ICICI,insufficient_funds,3,2,0,0,0,,0
P00359,C01140,492.07,upi,Other,limit_exceeded,0,5,0,0,1,129.0,0
P00360,C00191,479.72,card,Other,insufficient_funds,1,1,0,0,0,,0
P00361,C02301,108.76,card,HDFC,bank_declined,2,2,0,0,0,,0
P00362,C00981,150.29,upi,HDFC,limit_exceeded,1,1,0,0,1,198.0,0
P00363,C02976,99.61,netbanking,ICICI,network_error,6,2,0,0,1,50.0,0
P00364,C02007,497.84,card,Axis,bank_declined,4,3,1,30,1,99.0,1
P00365,C01185,1029.31,netbanking,ICICI,insufficient_funds,10,1,1,120,0,,1
P00366,C00128,932.6,netbanking,HDFC,bank_declined,2,1,1,60,1,174.0,1
P00367,C02066,201.2,upi,Axis,limit_exceeded,3,1,0,0,0,,0
P00368,C01817,259.36,upi,Axis,insufficient_funds,7,4,1,120,1,73.0,1
P00369,C01759,198.07,card,HDFC,timeout,5,5,1,60,1,234.0,1
P00370,C02614,524.41,card,ICICI,bank_declined,4,2,1,120,1,155.0,1
P00371,C00570,941.65,card,SBI,network_error,2,1,1,30,0,,1
P00372,C01347,1092.55,netbanking,HDFC,network_error,2,0,1,30,0,,1
P00373,C01896,306.19,upi,ICICI,bank_declined,4,4,1,10,1,180.0,1
P00374,C02734,532.32,card,SBI,insufficient_funds,3,2,0,0,0,,0
P00375,C00626,292.68,card,Other,insufficient_funds,5,0,1,30,1,42.0,1
P00376,C02902,500.76,upi,Other,network_error,2,1,0,0,1,167.0,0
P00377,C01687,316.08,netbanking,Other,limit_exceeded,6,3,0,0,0,,0
P00378,C00155,333.03,netbanking,SBI,limit_exceeded,3,0,1,60,1,200.0,1
P00379,C02538,195.29,card,Axis,insufficient_funds,4,1,0,0,1,37.0,0
P00380,C01410,60.08,wallet,Other,limit_exceeded,4,0,0,0,0,,0
P00381,C00785,377.17,upi,Other,insufficient_funds,3,3,1,120,0,,1
P00382,C00246,624.62,card,Axis,limit_exceeded,6,3,1,10,1,53.0,1
P00383,C01501,568.4,upi,SBI,timeout,2,0,1,120,0,,1
P00384,C01706,172.83,card,SBI,limit_exceeded,3,7,1,120,0,,1
P00385,C02807,101.55,upi,Axis,bank_declined,1,1,0,0,1,96.0,0
P00386,C00538,465.99,netbanking,HDFC,timeout,5,0,0,0,1,221.0,0
P00387,C01891,218.83,upi,Axis,timeout,3,4,1,60,0,,1
P00388,C01842,359.51,netbanking,ICICI,bank_declined,2,1,0,0,0,,0
P00389,C00921,217.39,upi,ICICI,limit_exceeded,5,2,0,0,0,,0
P00390,C02456,165.8,wallet,HDFC,insufficient_funds,1,2,1,10,0,,1
P00391,C00525,1118.02,netbanking,HDFC,limit_exceeded,2,2,0,0,0,,0
P00392,C02876,679.89,card,ICICI,timeout,1,1,1,10,1,168.0,1
P00393,C01530,484.25,card,Axis,network_error,8,1,1,10,1,68.0,1
P00394,C02951,917.83,netbanking,SBI,insufficient_funds,5,3,1,120,0,,1
P00395,C00036,498.82,upi,ICICI,bank_declined,3,6,0,0,1,124.0,0
P00396,C00685,378.07,card,Axis,timeout,5,1,1,30,0,,1
P00397,C00020,1572.78,netbanking,ICICI,timeout,4,1,0,0,1,116.0,0
P00398,C02369,1646.09,wallet,SBI,limit_exceeded,3,3,0,0,0,,0
P00399,C02560,243.13,netbanking,ICICI,bank_declined,2,1,1,30,0,,1
P00400,C00400,596.4,netbanking,ICICI,limit_exceeded,4,0,1,120,0,,1
P00401,C02702,544.89,card,SBI,limit_exceeded,3,0,0,0,1,233.0,0
P00402,C00972,901.44,card,Other,limit_exceeded,4,2,1,120,0,,1
P00403,C01907,234.79,upi,ICICI,bank_declined,5,4,1,120,0,,1
P00404,C02519,1203.72,upi,ICICI,bank_declined,6,0,0,0,1,6.0,0
P00405,C01167,257.92,card,ICICI,insufficient_funds,2,4,1,120,0,,1
P00406,C01116,448.37,netbanking,HDFC,network_error,2,1,1,120,0,,1
P00407,C00834,222.41,upi,HDFC,timeout,1,4,0,0,1,18.0,0
P00408,C01824,338.84,upi,SBI,insufficient_funds,2,2,0,0,0,,0
P00409,C02775,238.8,upi,Axis,insufficient_funds,1,4,0,0,0,,0
P00410,C01983,252.53,card,HDFC,network_error,3,0,1,120,1,28.0,1
P00411,C00854,846.05,upi,SBI,bank_declined,3,4,0,0,1,147.0,0
P00412,C00051,477.87,netbanking,HDFC,bank_declined,3,1,1,60,1,143.0,1
P00413,C00575,1990.03,card,Axis,bank_declined,2,1,0,0,1,194.0,0
P00414,C01149,422.94,netbanking,HDFC,network_error,2,1,1,30,0,,1
P00415,C02198,284.27,card,Other,insufficient_funds,4,1,1,120,0,,1
P00416,C02362,341.39,upi,Axis,network_error,3,1,1,60,0,,1
P00417,C02618,442.27,upi,Axis,insufficient_funds,5,2,0,0,1,94.0,0
P00418,C02353,612.99,card,HDFC,insufficient_funds,3,1,1,120,1,163.0,1
P00419,C01716,372.32,upi,HDFC,timeout,4,1,0,0,0,,0
P00420,C00682,199.95,netbanking,ICICI,timeout,4,2,1,60,0,,1
P00421,C00838,947.27,netbanking,ICICI,bank_declined,2,3,1,10,0,,1
P00422,C01078,1156.58,wallet,Axis,insufficient_funds,5,1,0,0,0,,0
P00423,C02492,365.74,netbanking,ICICI,insufficient_funds,7,3,0,0,0,,0
P00424,C02661,1394.31,wallet,ICICI,bank_declined,4,2,0,0,0,,0
P00425,C02312,346.07,upi,ICICI,network_error,6,1,1,10,1,48.0,1
P00426,C01596,1022.28,upi,Other,limit_exceeded,6,3,0,0,0,,0
P00427,C00005,253.46,card,ICICI,insufficient_funds,2,2,1,30,0,,1
P00428,C01127,2595.15,card,ICICI,bank_declined,3,4,0,0,0,,0
P00429,C01220,143.9,card,Other,bank_declined,8,5,1,30,1,114.0,1
P00430,C00774,228.11,netbanking,HDFC,limit_exceeded,6,0,1,10,1,112.0,1
P00431,C00877,2295.15,upi,Axis,insufficient_funds,4,0,1,120,1,33.0,1
P00432,C00992,148.69,card,SBI,insufficient_funds,5,3,0,0,1,89.0,0
P00433,C02932,414.4,netbanking,HDFC,bank_declined,4,0,1,120,0,,1
P00434,C00047,340.4,upi,Other,network_error,4,2,1,10,0,,1
P00435,C02915,503.59,card,Other,limit_exceeded,1,4,0,0,0,,0
P00436,C02871,588.99,card,Axis,bank_declined,2,6,1,30,1,212.0,1
P00437,C02984,416.91,card,ICICI,bank_declined,3,1,0,0,0,,0
P00438,C02704,827.55,card,SBI,bank_declined,3,2,0,0,0,,0
P00439,C00269,1323.91,netbanking,SBI,insufficient_funds,4,3,0,0,0,,0
P00440,C00370,328.09,netbanking,SBI,limit_exceeded,7,2,0,0,1,159.0,0
P00441,C00636,141.0,card,HDFC,network_error,2,2,0,0,1,164.0,0
P00442,C01130,307.32,card,Other,bank_declined,5,4,1,30,0,,1
P00443,C01694,607.84,upi,SBI,bank_declined,3,4,0,0,0,,0
P00444,C01683,551.94,netbanking,SBI,limit_exceeded,3,1,0,0,0,,0
P00445,C00657,913.62,card,ICICI,network_error,4,2,0,0,0,,0
P00446,C00120,1815.83,upi,HDFC,network_error,6,1,0,0,1,173.0,0
P00447,C00831,571.44,netbanking,Other,timeout,4,1,1,10,1,38.0,1
P00448,C01811,370.7,netbanking,Axis,timeout,6,2,1,120,1,31.0,1
P00449,C01082,296.23,netbanking,ICICI,insufficient_funds,3,2,0,0,1,65.0,0
P00450,C01975,432.42,card,ICICI,insufficient_funds,3,5,1,10,0,,1
P00451,C01370,894.16,upi,ICICI,limit_exceeded,4,1,0,0,0,,0
P00452,C00741,322.91,card,SBI,insufficient_funds,3,2,1,60,1,219.0,1
P00453,C00117,748.1,upi,Axis,bank_declined,3,0,1,120,0,,1
P00454,C01854,230.63,card,HDFC,limit_exceeded,4,3,1,30,1,206.0,1
P00455,C02839,486.37,netbanking,Other,bank_declined,4,2,1,60,0,,1
P00456,C01151,166.6,card,HDFC,network_error,4,1,1,30,1,74.0,1
P00457,C01932,331.18,upi,ICICI,timeout,6,0,0,0,0,,0
P00458,C01013,1386.55,netbanking,Axis,bank_declined,2,0,0,0,1,146.0,0
P00459,C01665,591.33,netbanking,HDFC,bank_declined,5,2,0,0,0,,0
P00460,C01082,448.84,upi,HDFC,bank_declined,7,1,1,30,1,135.0,1
P00461,C00634,595.43,upi,ICICI,bank_declined,3,1,1,120,0,,1
P00462,C00513,706.33,netbanking,ICICI,bank_declined,2,3,1,10,1,162.0,1
P00463,C02850,618.35,card,HDFC,timeout,2,1,0,0,1,40.0,0
P00464,C01120,578.2,upi,HDFC,limit_exceeded,5,4,1,120,1,216.0,1
P00465,C01142,245.15,netbanking,SBI,bank_declined,5,1,1,120,1,157.0,1
P00466,C00560,175.0,upi,Axis,bank_declined,5,0,0,0,1,46.0,0
P00467,C00488,819.5,wallet,ICICI,limit_exceeded,1,0,0,0,1,51.0,0
P00468,C00897,197.14,upi,Other,bank_declined,3,0,0,0,0,,0
P00469,C01213,636.33,card,Other,timeout,4,0,0,0,1,210.0,0
P00470,C00704,997.69,card,ICICI,timeout,4,6,1,60,0,,1
P00471,C01471,239.49,card,Axis,insufficient_funds,5,1,0,0,1,103.0,0
P00472,C00581,311.24,card,Other,insufficient_funds,2,2,1,30,1,152.0,1
P00473,C02838,442.53,card,SBI,network_error,2,2,0,0,1,6.0,0
P00474,C02909,264.81,upi,ICICI,limit_exceeded,0,1,1,10,0,,1
P00475,C02295,261.89,netbanking,Other,network_error,4,1,0,0,0,,0
P00476,C00154,339.25,card,Other,timeout,1,2,0,0,1,80.0,0
P00477,C01680,287.26,upi,ICICI,timeout,4,4,0,0,1,50.0,0
P00478,C00997,692.56,card,Axis,bank_declined,5,2,1,120,0,,1
P00479,C02745,520.49,netbanking,ICICI,network_error,2,1,1,30,0,,1
P00480,C01244,179.0,wallet,HDFC,insufficient_funds,5,1,0,0,1,10.0,0
P00481,C01093,1651.9,upi,Other,limit_exceeded,7,3,1,60,0,,1
P00482,C01009,399.86,netbanking,HDFC,network_error,5,0,1,10,0,,1
P00483,C02142,469.44,upi,Axis,insufficient_funds,3,5,0,0,0,,0
P00484,C01774,341.6,card,HDFC,insufficient_funds,5,3,0,0,0,,0
P00485,C00958,488.96,card,Axis,insufficient_funds,1,6,1,10,1,21.0,1
P00486,C00453,261.23,netbanking,ICICI,bank_declined,0,3,0,0,1,237.0,0
P00487,C01228,191.05,upi,SBI,bank_declined,5,2,1,30,1,134.0,1
P00488,C02960,390.5,wallet,SBI,network_error,6,2,1,120,1,56.0,1
P00489,C02266,1344.96,wallet,ICICI,bank_declined,4,3,0,0,1,205.0,0
P00490,C02522,730.85,card,Other,timeout,4,4,0,0,0,,0
P00491,C02480,1156.05,upi,Axis,insufficient_funds,7,3,1,60,0,,1
P00492,C02389,329.45,upi,HDFC,timeout,3,0,1,30,1,121.0,1
P00493,C00551,278.23,netbanking,SBI,limit_exceeded,4,1,1,10,0,,1
P00494,C01636,343.56,upi,HDFC,bank_declined,5,1,1,60,0,,1
P00495,C01313,706.01,upi,HDFC,bank_declined,5,2,0,0,0,,0
P00496,C01758,1006.39,upi,HDFC,bank_declined,3,2,0,0,1,148.0,0
P00497,C00357,406.05,upi,Other,timeout,6,2,0,0,0,,0
P00498,C02071,184.35,wallet,SBI,limit_exceeded,2,2,0,0,0,,0
P00499,C01786,974.46,card,HDFC,insufficient_funds,2,5,1,60,0,,1
P00500,C02570,1071.61,card,HDFC,network_error,2,1,1,30,0,,1
P00501,C01782,704.85,upi,SBI,network_error,3,1,0,0,0,,0
P00502,C02850,1339.62,card,HDFC,insufficient_funds,5,2,1,120,0,,1
P00503,C02810,128.88,upi,Axis,insufficient_funds,8,1,1,60,0,,1
P00504,C02490,258.16,card,SBI,insufficient_funds,4,5,0,0,1,5.0,0
P00505,C01632,499.93,upi,HDFC,bank_declined,5,0,0,0,1,7.0,0
P00506,C02817,235.0,card,Other,insufficient_funds,3,1,1,10,0,,1
P00507,C01016,936.52,card,Axis,bank_declined,4,2,0,0,0,,0
P00508,C01349,216.31,upi,ICICI,network_error,2,2,1,60,0,,1
P00509,C00516,1262.94,netbanking,Other,timeout,3,0,0,0,1,116.0,0
P00510,C02840,271.98,upi,ICICI,bank_declined,4,1,0,0,0,,0
P00511,C00336,1312.7,card,ICICI,insufficient_funds,5,2,0,0,0,,0
P00512,C01783,276.72,upi,HDFC,insufficient_funds,4,1,1,30,1,225.0,1
P00513,C02306,94.27,wallet,Axis,timeout,2,2,0,0,1,55.0,0
P00514,C00497,543.93,upi,HDFC,limit_exceeded,3,3,0,0,0,,0
P00515,C00896,793.74,upi,Other,insufficient_funds,3,1,1,120,0,,1
P00516,C02208,238.29,wallet,ICICI,insufficient_funds,2,2,0,0,0,,0
P00517,C00852,1494.51,card,HDFC,timeout,6,1,1,30,0,,1
P00518,C01688,1284.36,netbanking,Other,network_error,2,2,1,60,0,,1
P00519,C01932,435.4,card,Other,network_error,2,4,1,10,0,,1
P00520,C02738,615.8,netbanking,ICICI,network_error,6,1,0,0,1,17.0,0
P00521,C02428,498.15,card,HDFC,timeout,4,1,1,30,1,63.0,1
P00522,C01569,779.74,wallet,Axis,bank_declined,2,4,0,0,0,,0
P00523,C00957,894.2,netbanking,Other,bank_declined,4,3,1,30,1,88.0,1
P00524,C02739,154.54,card,HDFC,insufficient_funds,2,3,0,0,0,,0
P00525,C01637,1593.8,netbanking,Axis,network_error,3,3,0,0,0,,0
P00526,C01292,1131.12,wallet,ICICI,limit_exceeded,5,0,0,0,1,163.0,0
P00527,C01441,236.92,card,Axis,bank_declined,4,0,0,0,0,,0
P00528,C01192,1361.67,wallet,ICICI,limit_exceeded,3,1,0,0,1,82.0,0
P00529,C01067,1877.44,upi,Other,timeout,3,1,1,30,0,,1
P00530,C00285,148.35,card,SBI,insufficient_funds,2,2,1,120,1,127.0,1
P00531,C02445,797.23,card,SBI,network_error,1,3,1,120,1,100.0,1
P00532,C00012,937.51,netbanking,Other,bank_declined,5,1,0,0,0,,0
P00533,C01631,636.15,wallet,Axis,insufficient_funds,3,3,0,0,1,185.0,0
P00534,C02547,1117.95,netbanking,SBI,insufficient_funds,6,1,1,60,1,39.0,1
P00535,C00754,566.6,upi,ICICI,insufficient_funds,5,2,0,0,0,,0
P00536,C02083,696.67,wallet,Other,timeout,7,1,0,0,1,82.0,0
P00537,C02775,130.31,upi,HDFC,limit_exceeded,1,2,0,0,0,,0
P00538,C02897,311.14,card,SBI,bank_declined,2,0,0,0,0,,0
P00539,C00090,1194.84,card,Axis,network_error,2,1,0,0,1,169.0,0
P00540,C00776,302.7,wallet,Other,network_error,5,2,0,0,0,,0
P00541,C02653,473.63,upi,SBI,timeout,1,0,0,0,0,,0
P00542,C01626,223.53,card,SBI,bank_declined,3,2,0,0,1,16.0,0
P00543,C00418,309.56,upi,Other,insufficient_funds,4,0,1,60,0,,1
P00544,C00115,624.44,upi,HDFC,bank_declined,2,3,0,0,1,54.0,0
P00545,C00617,447.14,card,Other,network_error,2,3,1,120,1,64.0,1
P00546,C00826,138.0,card,HDFC,timeout,5,5,0,0,0,,0
P00547,C01650,290.29,card,Other,insufficient_funds,5,2,0,0,0,,0
P00548,C01517,1306.84,card,ICICI,network_error,7,2,1,120,0,,1
P00549,C00413,1041.89,netbanking,ICICI,insufficient_funds,5,2,1,120,0,,1
P00550,C00729,503.91,card,Other,timeout,5,1,1,60,1,12.0,1
P00551,C02809,623.43,upi,HDFC,network_error,3,3,0,0,0,,0
P00552,C00676,313.4,netbanking,SBI,network_error,2,4,0,0,1,198.0,0
P00553,C01893,1299.77,upi,Other,timeout,3,2,0,0,0,,0
P00554,C02505,409.99,card,SBI,bank_declined,3,3,1,30,1,102.0,1
P00555,C02968,208.08,upi,Other,bank_declined,5,0,1,60,1,39.0,1
P00556,C02240,149.71,upi,Axis,timeout,2,4,1,30,1,163.0,1
P00557,C02787,145.63,card,HDFC,timeout,7,1,0,0,1,64.0,0
P00558,C01123,282.9,upi,Axis,insufficient_funds,1,4,0,0,1,122.0,0
P00559,C01572,1560.74,upi,Axis,limit_exceeded,9,2,0,0,0,,0
P00560,C00978,3201.76,card,HDFC,insufficient_funds,0,3,0,0,0,,0
P00561,C01009,1041.13,netbanking,Other,bank_declined,3,2,0,0,1,234.0,0
P00562,C02144,145.45,card,HDFC,insufficient_funds,4,1,1,120,0,,1
P00563,C01688,225.76,upi,HDFC,limit_exceeded,9,0,0,0,1,64.0,0
P00564,C02711,226.61,netbanking,ICICI,bank_declined,8,2,1,120,1,177.0,1
P00565,C00037,403.3,upi,ICICI,limit_exceeded,4,3,0,0,0,,0
P00566,C01549,273.48,upi,SBI,network_error,3,1,1,30,1,76.0,1
P00567,C02327,762.06,netbanking,HDFC,insufficient_funds,6,1,1,60,1,100.0,1
P00568,C02265,403.5,netbanking,Axis,network_error,6,2,0,0,1,126.0,0
P00569,C02915,909.01,upi,Axis,limit_exceeded,4,1,0,0,1,182.0,0
P00570,C00873,747.48,netbanking,ICICI,network_error,2,0,0,0,0,,0
P00571,C01822,1233.37,card,HDFC,insufficient_funds,4,1,1,10,0,,1
P00572,C01297,295.62,upi,Other,bank_declined,2,5,0,0,1,104.0,0
P00573,C02110,960.45,upi,ICICI,insufficient_funds,5,2,1,30,0,,1
P00574,C00596,290.74,netbanking,ICICI,insufficient_funds,5,7,0,0,0,,0
P00575,C01904,474.17,card,Axis,bank_declined,4,4,0,0,0,,0
P00576,C00729,274.68,upi,Other,network_error,5,3,0,0,0,,0
P00577,C01366,631.41,card,Other,bank_declined,4,2,1,60,1,209.0,1
P00578,C00397,1245.77,upi,Axis,bank_declined,3,3,1,60,1,143.0,1
P00579,C00699,1117.95,card,Axis,bank_declined,4,1,1,10,0,,1
P00580,C02225,633.75,netbanking,Axis,limit_exceeded,3,2,1,120,0,,1
P00581,C01636,446.59,card,Other,network_error,4,4,1,10,0,,1
P00582,C00396,486.62,card,Other,timeout,5,4,1,30,1,237.0,1
P00583,C02493,1435.56,upi,ICICI,bank_declined,6,2,0,0,1,63.0,0
P00584,C00076,273.39,upi,SBI,insufficient_funds,3,1,0,0,0,,0
P00585,C00265,682.87,card,ICICI,timeout,4,3,1,10,0,,1
P00586,C02503,1082.79,card,HDFC,timeout,6,1,1,120,0,,1
P00587,C01820,489.64,wallet,SBI,bank_declined,5,1,0,0,0,,0
P00588,C00718,942.65,upi,Other,network_error,5,0,1,120,0,,1
P00589,C02783,2326.41,card,ICICI,insufficient_funds,3,0,1,60,0,,1
P00590,C00851,461.88,card,Other,insufficient_funds,5,1,1,120,1,26.0,1
P00591,C01391,412.28,card,SBI,timeout,4,2,1,60,0,,1
P00592,C00144,575.2,upi,Other,limit_exceeded,4,1,0,0,1,226.0,0
P00593,C00885,694.51,netbanking,ICICI,bank_declined,3,3,0,0,0,,0
P00594,C00396,1252.83,netbanking,SBI,network_error,1,4,0,0,0,,0
P00595,C02996,1188.7,upi,ICICI,timeout,4,2,1,30,1,78.0,1
P00596,C02939,620.54,netbanking,ICICI,timeout,7,2,1,120,1,153.0,1
P00597,C01493,124.31,netbanking,Other,bank_declined,9,5,0,0,1,138.0,0
P00598,C01168,178.63,upi,SBI,network_error,1,2,1,60,0,,1
P00599,C02617,971.45,upi,Other,network_error,5,3,0,0,0,,0
P00600,C01063,317.13,card,SBI,insufficient_funds,6,0,1,60,1,102.0,1
P00601,C02157,1022.7,card,HDFC,network_error,3,5,0,0,0,,0
P00602,C01066,877.73,card,HDFC,network_error,4,1,1,30,1,137.0,1
P00603,C01210,432.86,netbanking,SBI,bank_declined,5,4,0,0,1,190.0,0
P00604,C02983,276.59,upi,Other,bank_declined,6,1,0,0,0,,0
P00605,C02446,437.65,card,Axis,network_error,5,1,0,0,1,186.0,0
P00606,C00634,567.83,card,SBI,insufficient_funds,5,1,1,30,1,229.0,1
P00607,C01157,187.14,upi,ICICI,timeout,7,2,1,60,0,,1
P00608,C01239,943.89,upi,HDFC,insufficient_funds,8,3,1,60,0,,1
P00609,C00733,805.2,netbanking,SBI,timeout,5,2,0,0,1,104.0,0
P00610,C00235,561.7,netbanking,SBI,timeout,4,1,1,10,1,22.0,1
P00611,C02706,563.13,netbanking,SBI,limit_exceeded,5,0,1,30,1,185.0,1
P00612,C00751,1333.39,upi,ICICI,bank_declined,5,2,0,0,1,225.0,0
P00613,C02636,295.12,netbanking,Other,insufficient_funds,5,3,1,30,0,,1
P00614,C00954,383.96,upi,Axis,network_error,2,2,0,0,0,,0
P00615,C02540,514.77,card,ICICI,bank_declined,2,2,0,0,1,235.0,0
P00616,C02961,328.36,upi,Axis,insufficient_funds,5,1,0,0,0,,0
P00617,C01543,450.64,card,HDFC,limit_exceeded,3,1,1,30,0,,1
P00618,C01198,163.55,upi,Axis,insufficient_funds,6,3,0,0,0,,0
P00619,C01677,377.47,upi,Axis,network_error,3,3,1,30,1,154.0,1
P00620,C01192,452.9,upi,HDFC,timeout,3,3,1,10,1,117.0,1
P00621,C02218,291.76,card,ICICI,insufficient_funds,4,3,1,120,1,185.0,1
P00622,C01417,1219.18,card,ICICI,limit_exceeded,9,3,0,0,1,219.0,0
P00623,C02994,669.14,upi,HDFC,bank_declined,4,2,0,0,1,195.0,0
P00624,C02843,456.4,card,ICICI,bank_declined,1,4,1,120,0,,1
P00625,C02682,324.26,upi,Other,insufficient_funds,7,5,1,120,0,,1
P00626,C01218,167.71,card,Axis,network_error,8,1,0,0,1,78.0,0
P00627,C01541,305.61,netbanking,ICICI,bank_declined,5,2,0,0,1,107.0,0
P00628,C02077,516.17,upi,Axis,limit_exceeded,5,2,1,120,0,,1
P00629,C01446,468.65,card,ICICI,network_error,2,2,0,0,0,,0
P00630,C02387,291.49,upi,Axis,timeout,3,3,0,0,0,,0
P00631,C01520,1587.73,upi,HDFC,insufficient_funds,9,1,1,10,1,5.0,1
P00632,C01389,1061.36,card,HDFC,timeout,4,4,1,120,1,236.0,1
P00633,C01857,362.66,netbanking,HDFC,network_error,4,0,0,0,0,,0
P00634,C01366,741.98,upi,Other,bank_declined,4,0,1,120,0,,1
P00635,C00500,1221.14,card,Other,timeout,0,0,1,60,1,155.0,1
P00636,C01681,628.53,netbanking,HDFC,limit_exceeded,3,2,1,120,1,16.0,1
P00637,C00511,438.7,card,Axis,insufficient_funds,10,1,0,0,1,80.0,0
P00638,C00217,138.48,wallet,HDFC,timeout,5,1,1,60,0,,1
P00639,C01325,470.1,upi,HDFC,limit_exceeded,3,1,0,0,1,202.0,0
P00640,C01156,290.02,netbanking,SBI,bank_declined,7,3,1,30,1,35.0,1
P00641,C01828,325.09,upi,Other,bank_declined,7,2,1,120,1,115.0,1
P00642,C01811,393.8,card,Other,timeout,5,1,0,0,0,,0
P00643,C02493,422.24,netbanking,HDFC,limit_exceeded,5,2,1,60,0,,1
P00644,C02924,378.52,card,HDFC,limit_exceeded,6,1,0,0,1,116.0,0
P00645,C01206,193.65,upi,SBI,insufficient_funds,3,2,0,0,0,,0
P00646,C02215,144.87,card,SBI,limit_exceeded,3,1,1,30,0,,1
P00647,C00091,876.98,card,Other,network_error,2,2,1,60,0,,1
P00648,C00714,1618.45,upi,Other,bank_declined,2,0,1,60,1,208.0,1
P00649,C01882,530.08,netbanking,Other,timeout,4,1,1,60,1,125.0,1
P00650,C00039,228.92,upi,Other,timeout,7,8,0,0,0,,0
P00651,C00173,985.33,card,Axis,network_error,6,2,1,120,1,233.0,1
P00652,C00653,2100.08,netbanking,HDFC,bank_declined,5,2,1,10,1,162.0,1
P00653,C00754,1152.23,upi,Axis,bank_declined,4,0,1,60,1,47.0,1
P00654,C01244,1263.81,upi,ICICI,bank_declined,5,2,0,0,1,78.0,0
P00655,C01082,217.57,upi,Other,network_error,4,1,0,0,0,,0
P00656,C01684,332.06,upi,Other,limit_exceeded,0,0,1,10,0,,1
P00657,C02524,1147.0,upi,HDFC,bank_declined,2,0,0,0,0,,0
P00658,C00456,211.61,card,Other,timeout,4,1,1,60,0,,1
P00659,C00829,334.44,netbanking,Other,bank_declined,1,0,0,0,0,,0
P00660,C00895,562.47,upi,Axis,insufficient_funds,6,3,0,0,1,45.0,0
P00661,C01385,718.13,upi,ICICI,insufficient_funds,3,3,0,0,1,56.0,0
P00662,C01959,406.45,card,Axis,bank_declined,1,3,0,0,0,,0
P00663,C02435,496.32,upi,SBI,network_error,7,2,0,0,1,89.0,0
P00664,C01997,553.16,card,Other,insufficient_funds,4,3,1,30,0,,1
P00665,C02396,420.35,upi,Axis,network_error,3,6,0,0,0,,0
P00666,C00190,346.66,card,HDFC,network_error,7,4,0,0,0,,0
P00667,C00505,452.46,card,ICICI,limit_exceeded,3,6,0,0,0,,0
P00668,C01215,337.34,wallet,ICICI,insufficient_funds,1,3,0,0,0,,0
P00669,C01532,920.62,card,HDFC,timeout,8,2,1,30,0,,1
P00670,C00824,610.28,netbanking,HDFC,insufficient_funds,3,2,1,60,0,,1
P00671,C00929,468.12,card,Other,insufficient_funds,3,3,0,0,0,,0
P00672,C00934,416.94,upi,ICICI,insufficient_funds,3,0,1,120,1,9.0,1
P00673,C01141,1022.66,card,HDFC,insufficient_funds,6,2,0,0,1,89.0,0
P00674,C00134,380.91,upi,SBI,insufficient_funds,6,2,1,30,1,147.0,1
P00675,C02106,818.57,card,ICICI,insufficient_funds,2,2,1,60,0,,1
P00676,C00685,1129.55,netbanking,HDFC,insufficient_funds,8,1,1,30,0,,1
P00677,C02720,695.52,upi,Axis,timeout,12,2,0,0,0,,0
P00678,C02221,159.36,card,HDFC,network_error,5,3,1,60,1,147.0,1
P00679,C01853,366.27,upi,ICICI,bank_declined,5,1,0,0,0,,0
P00680,C00815,270.94,upi,Other,insufficient_funds,6,2,0,0,0,,0
P00681,C01173,213.35,netbanking,SBI,bank_declined,2,0,1,30,0,,1
P00682,C00080,1057.86,upi,HDFC,bank_declined,2,1,1,120,1,77.0,1
P00683,C02934,642.24,upi,ICICI,limit_exceeded,5,2,0,0,1,133.0,0
P00684,C00203,81.83,upi,HDFC,network_error,5,2,0,0,1,122.0,0
P00685,C02812,488.9,netbanking,HDFC,insufficient_funds,4,1,1,30,0,,1
P00686,C01253,309.72,upi,ICICI,insufficient_funds,5,5,0,0,0,,0
P00687,C01700,942.67,upi,Axis,bank_declined,5,4,0,0,1,102.0,0
P00688,C01251,310.27,netbanking,ICICI,bank_declined,5,4,0,0,0,,0
P00689,C01683,615.12,wallet,ICICI,network_error,6,2,1,30,0,,1
P00690,C01556,610.35,netbanking,Other,network_error,6,3,1,10,0,,1
P00691,C02095,277.37,wallet,HDFC,network_error,3,0,0,0,0,,0
P00692,C01257,243.45,card,HDFC,timeout,7,2,0,0,1,124.0,0
P00693,C01550,2036.6,card,ICICI,insufficient_funds,4,1,0,0,0,,0
P00694,C01167,648.26,card,Axis,insufficient_funds,1,2,1,120,0,,1
P00695,C01397,510.43,netbanking,Other,timeout,2,0,0,0,0,,0
P00696,C02704,1149.35,netbanking,Axis,bank_declined,5,1,1,60,1,122.0,1
P00697,C00471,1686.14,upi,Axis,network_error,7,4,0,0,0,,0
P00698,C01036,1409.18,card,Other,timeout,1,2,0,0,0,,0
P00699,C01354,188.23,card,Other,limit_exceeded,2,1,0,0,1,75.0,0
P00700,C02784,504.13,netbanking,Axis,network_error,1,0,1,10,0,,1
P00701,C02832,405.87,card,Axis,timeout,3,1,1,60,0,,1
P00702,C00968,1856.97,upi,Axis,network_error,4,1,1,120,1,92.0,1
P00703,C00358,811.28,upi,HDFC,insufficient_funds,1,1,1,30,0,,1
P00704,C00668,199.03,card,HDFC,limit_exceeded,5,1,0,0,0,,0
P00705,C00373,135.78,wallet,HDFC,timeout,2,0,0,0,1,58.0,0
P00706,C01032,1533.25,card,HDFC,timeout,3,0,0,0,0,,0
P00707,C01146,488.5,netbanking,Other,bank_declined,8,1,0,0,0,,0
P00708,C01372,479.91,upi,ICICI,limit_exceeded,5,2,0,0,0,,0
P00709,C02724,387.35,card,HDFC,bank_declined,5,4,1,120,0,,1
P00710,C00090,275.41,netbanking,Axis,timeout,1,4,1,120,0,,1
P00711,C02746,506.48,netbanking,ICICI,insufficient_funds,3,6,1,30,0,,1
P00712,C00540,866.74,netbanking,HDFC,insufficient_funds,5,4,1,10,0,,1
P00713,C02780,483.15,upi,SBI,bank_declined,7,1,0,0,1,174.0,0
P00714,C00869,1025.78,netbanking,SBI,network_error,8,1,0,0,1,48.0,0
P00715,C00041,797.49,wallet,Other,timeout,8,2,1,10,0,,1
P00716,C00740,926.97,card,SBI,insufficient_funds,2,3,0,0,0,,0
P00717,C01947,560.15,card,Other,timeout,8,2,1,60,1,85.0,1
P00718,C02550,439.42,card,Other,limit_exceeded,1,3,1,120,0,,1
P00719,C01225,220.18,netbanking,Other,timeout,5,1,0,0,1,47.0,0
P00720,C00929,982.13,upi,ICICI,network_error,4,0,0,0,1,151.0,0
P00721,C02037,589.45,card,ICICI,timeout,5,5,1,60,0,,1
P00722,C02509,412.26,card,SBI,limit_exceeded,0,1,1,30,0,,1
P00723,C02780,222.45,upi,ICICI,network_error,7,3,1,30,0,,1
P00724,C02800,1197.05,netbanking,HDFC,timeout,4,3,1,30,0,,1
P00725,C00925,488.02,netbanking,Other,bank_declined,4,0,1,60,0,,1
P00726,C02957,1840.67,netbanking,HDFC,network_error,3,0,1,60,1,172.0,1
P00727,C01582,115.59,netbanking,ICICI,insufficient_funds,3,3,1,60,1,50.0,1
P00728,C00390,613.39,card,Axis,limit_exceeded,3,2,1,10,0,,1
P00729,C01618,190.57,netbanking,ICICI,insufficient_funds,5,5,1,30,0,,1
P00730,C02931,295.1,upi,Other,bank_declined,3,2,1,120,0,,1
P00731,C00256,405.97,netbanking,Axis,bank_declined,2,1,1,30,1,97.0,1
P00732,C00709,762.8,upi,Axis,insufficient_funds,5,1,0,0,0,,0
P00733,C01839,596.11,upi,Other,limit_exceeded,6,2,1,120,0,,1
P00734,C01945,335.74,card,SBI,limit_exceeded,4,2,1,120,1,122.0,1
P00735,C02498,308.53,wallet,ICICI,limit_exceeded,1,2,0,0,1,32.0,0
P00736,C00010,148.29,upi,ICICI,bank_declined,0,0,0,0,0,,0
P00737,C02872,321.08,upi,Axis,insufficient_funds,7,2,0,0,0,,0
P00738,C00798,292.72,card,Axis,insufficient_funds,3,2,1,30,0,,1
P00739,C00877,1134.03,upi,Other,timeout,4,1,0,0,0,,0
P00740,C01029,372.96,netbanking,Other,bank_declined,2,3,1,60,0,,1
P00741,C01016,375.14,card,SBI,limit_exceeded,2,2,0,0,0,,0
P00742,C01825,570.71,card,Axis,timeout,4,4,0,0,0,,0
P00743,C00374,1282.67,card,ICICI,insufficient_funds,3,2,1,60,1,77.0,1
P00744,C02194,1264.47,upi,Other,network_error,2,1,0,0,0,,0
P00745,C00224,2627.56,upi,HDFC,bank_declined,2,1,1,60,0,,1
P00746,C01263,184.88,card,ICICI,insufficient_funds,5,1,1,10,0,,1
P00747,C02225,552.63,upi,Axis,network_error,2,2,1,60,0,,1
P00748,C01803,458.11,wallet,Other,timeout,1,1,1,120,0,,1
P00749,C00853,137.5,card,Other,limit_exceeded,4,1,1,30,0,,1
P00750,C00063,217.7,upi,HDFC,insufficient_funds,4,3,1,60,1,187.0,1
P00751,C01241,931.74,upi,SBI,bank_declined,4,2,1,10,0,,1
P00752,C02875,712.43,card,ICICI,network_error,3,5,0,0,1,74.0,0
P00753,C02843,708.67,upi,Other,bank_declined,3,1,0,0,1,34.0,0
P00754,C00689,673.99,card,SBI,bank_declined,2,3,0,0,1,76.0,0
P00755,C01485,151.54,netbanking,HDFC,timeout,4,2,0,0,0,,0
P00756,C01634,228.48,card,HDFC,timeout,2,6,1,10,0,,1
P00757,C02153,338.53,upi,ICICI,timeout,0,4,0,0,1,13.0,0
P00758,C00511,880.74,card,ICICI,limit_exceeded,2,1,0,0,1,182.0,0
P00759,C00385,540.34,netbanking,Other,bank_declined,2,2,1,10,0,,1
P00760,C00405,927.91,upi,Other,timeout,2,2,0,0,0,,0
P00761,C02871,1937.42,netbanking,ICICI,insufficient_funds,2,1,0,0,0,,0
P00762,C00518,162.02,wallet,ICICI,limit_exceeded,6,3,1,30,1,164.0,1
P00763,C00476,453.25,card,Other,limit_exceeded,1,2,0,0,1,145.0,0
P00764,C02001,454.65,netbanking,Other,timeout,3,1,1,60,0,,1
P00765,C02757,275.86,netbanking,Other,network_error,6,1,1,10,1,8.0,1
P00766,C01669,670.54,card,HDFC,network_error,5,0,0,0,1,32.0,0
P00767,C01894,3636.82,card,Axis,insufficient_funds,6,1,1,10,1,49.0,1
P00768,C02819,253.75,netbanking,ICICI,insufficient_funds,3,4,1,60,0,,1
P00769,C01461,751.09,upi,HDFC,bank_declined,5,4,0,0,1,139.0,0
P00770,C02725,237.05,upi,Other,insufficient_funds,3,1,0,0,1,69.0,0
P00771,C00714,139.27,netbanking,Axis,network_error,4,1,0,0,0,,0
P00772,C00083,320.68,wallet,Axis,bank_declined,0,1,0,0,0,,0
P00773,C01169,596.48,card,HDFC,bank_declined,1,1,0,0,1,161.0,0
P00774,C02505,651.59,upi,SBI,insufficient_funds,3,5,0,0,0,,0
P00775,C01902,1709.94,netbanking,SBI,network_error,3,3,0,0,0,,0
P00776,C02049,598.84,netbanking,Other,network_error,3,1,1,60,1,34.0,1
P00777,C00051,497.47,netbanking,SBI,bank_declined,5,1,0,0,1,13.0,0
P00778,C00685,882.75,card,Other,insufficient_funds,6,3,0,0,0,,0
P00779,C00717,586.23,upi,SBI,timeout,5,3,0,0,1,171.0,0
P00780,C01470,484.63,upi,HDFC,insufficient_funds,2,2,0,0,0,,0
P00781,C00449,434.31,card,Axis,timeout,4,5,0,0,0,,0
P00782,C00881,769.11,netbanking,ICICI,network_error,5,0,0,0,0,,0
P00783,C00488,713.24,card,Axis,insufficient_funds,1,2,1,30,1,198.0,1
P00784,C01824,409.53,upi,SBI,limit_exceeded,3,1,0,0,0,,0
P00785,C02082,1351.52,upi,Axis,insufficient_funds,4,2,1,120,0,,1
P00786,C02143,888.58,card,SBI,network_error,0,0,1,10,0,,1
P00787,C01575,966.49,upi,Other,network_error,3,4,1,60,0,,1
P00788,C02202,260.0,card,ICICI,insufficient_funds,7,2,1,30,1,73.0,1
P00789,C00250,344.02,card,Other,network_error,6,2,0,0,1,75.0,0
P00790,C00674,1424.53,card,ICICI,network_error,7,1,0,0,1,165.0,0
P00791,C00438,1020.33,upi,Other,limit_exceeded,4,1,1,60,0,,1
P00792,C02166,183.04,card,Other,timeout,1,2,0,0,0,,0
P00793,C00771,623.08,card,Axis,bank_declined,6,1,0,0,1,227.0,0
P00794,C00268,963.45,wallet,ICICI,limit_exceeded,3,1,1,10,0,,1
P00795,C01985,240.27,card,Axis,bank_declined,5,1,0,0,1,43.0,0
P00796,C01078,999.72,upi,Other,limit_exceeded,5,3,1,10,1,201.0,1
P00797,C00236,510.8,card,Axis,timeout,3,0,0,0,0,,0
P00798,C00389,1413.67,wallet,SBI,network_error,6,2,1,120,1,55.0,1
P00799,C00763,450.66,upi,Other,bank_declined,5,3,1,30,0,,1
P00800,C01849,179.16,card,SBI,network_error,5,2,0,0,0,,0
P00801,C02449,713.32,netbanking,Other,limit_exceeded,2,3,0,0,0,,0
P00802,C00624,224.39,netbanking,SBI,network_error,4,3,0,0,1,224.0,0
P00803,C02815,330.04,wallet,SBI,timeout,2,2,1,10,0,,1
P00804,C02967,138.11,netbanking,Other,bank_declined,2,2,0,0,1,146.0,0
P00805,C01253,279.89,card,SBI,bank_declined,5,2,0,0,0,,0
P00806,C02901,1262.1,upi,ICICI,bank_declined,6,3,0,0,0,,0
P00807,C00578,546.26,upi,SBI,bank_declined,2,1,0,0,1,187.0,0
P00808,C02123,418.77,netbanking,Other,bank_declined,6,0,0,0,0,,0
P00809,C00435,266.78,upi,ICICI,limit_exceeded,12,4,1,60,1,183.0,1
P00810,C02151,569.73,netbanking,ICICI,insufficient_funds,3,4,0,0,0,,0
P00811,C00764,422.08,card,ICICI,network_error,5,2,1,120,0,,1
P00812,C02786,2624.25,upi,Axis,bank_declined,5,2,0,0,1,84.0,0
P00813,C02854,500.54,upi,ICICI,limit_exceeded,4,4,1,60,1,103.0,1
P00814,C01330,676.91,wallet,Axis,timeout,3,5,0,0,1,163.0,0
P00815,C02146,315.93,card,HDFC,bank_declined,2,0,0,0,0,,0
P00816,C02846,486.85,netbanking,SBI,network_error,7,2,1,60,0,,1
P00817,C01359,681.21,card,Axis,timeout,5,2,0,0,0,,0
P00818,C02907,258.37,card,Other,insufficient_funds,3,2,0,0,0,,0
P00819,C02483,746.44,card,ICICI,network_error,4,3,0,0,0,,0
P00820,C00447,539.56,netbanking,Other,insufficient_funds,3,1,0,0,0,,0
P00821,C02018,100.15,upi,ICICI,insufficient_funds,2,3,0,0,1,119.0,0
P00822,C01332,877.22,upi,Other,bank_declined,5,3,0,0,0,,0
P00823,C00249,693.47,netbanking,SBI,limit_exceeded,5,4,1,10,1,228.0,1
P00824,C00166,582.11,card,SBI,limit_exceeded,3,1,1,120,1,194.0,1
P00825,C01359,316.01,upi,HDFC,limit_exceeded,4,0,0,0,1,218.0,0
P00826,C01020,2767.43,upi,Other,insufficient_funds,2,3,1,30,1,85.0,1
P00827,C00542,326.47,upi,HDFC,limit_exceeded,8,2,0,0,1,105.0,0
P00828,C00759,60.77,upi,Other,timeout,5,5,0,0,0,,0
P00829,C02129,707.79,card,SBI,bank_declined,1,0,0,0,1,168.0,0
P00830,C02181,448.15,wallet,HDFC,bank_declined,4,2,1,120,0,,1
P00831,C00797,179.48,wallet,ICICI,timeout,4,1,1,10,0,,1
P00832,C02948,412.81,upi,SBI,insufficient_funds,6,2,0,0,0,,0
P00833,C00138,470.12,upi,Axis,network_error,7,0,0,0,1,160.0,0
P00834,C02232,290.33,upi,SBI,network_error,5,3,0,0,0,,0
P00835,C01354,532.39,card,SBI,network_error,1,2,1,10,0,,1
P00836,C02833,632.0,upi,Axis,limit_exceeded,7,1,1,120,1,128.0,1
P00837,C01876,477.05,wallet,Other,bank_declined,2,1,1,120,1,151.0,1
P00838,C00069,258.32,upi,Axis,bank_declined,6,2,0,0,0,,0
P00839,C02594,684.07,upi,Other,timeout,2,3,0,0,1,87.0,0
P00840,C02101,158.75,wallet,HDFC,timeout,1,7,1,30,0,,1
P00841,C01474,654.9,netbanking,HDFC,network_error,2,2,1,10,1,145.0,1
P00842,C00205,611.48,upi,HDFC,bank_declined,1,2,1,30,0,,1
P00843,C02174,423.47,card,Axis,bank_declined,2,2,0,0,0,,0
P00844,C00043,344.63,card,Other,timeout,1,5,0,0,1,209.0,0
P00845,C01907,208.65,netbanking,ICICI,insufficient_funds,3,3,1,120,0,,1
P00846,C02159,339.52,wallet,SBI,network_error,2,6,0,0,1,110.0,0
P00847,C00761,278.82,upi,Axis,insufficient_funds,5,2,0,0,0,,0
P00848,C02896,243.27,card,HDFC,network_error,4,3,0,0,1,84.0,0
P00849,C02143,212.08,upi,ICICI,insufficient_funds,1,5,1,60,0,,1
P00850,C01995,1236.18,upi,Other,bank_declined,3,2,1,10,1,69.0,1
P00851,C01936,841.22,card,Other,timeout,3,4,0,0,0,,0
P00852,C00900,2723.41,wallet,Other,timeout,4,3,1,60,0,,1
P00853,C00360,581.21,card,Axis,insufficient_funds,6,3,1,120,1,149.0,1
P00854,C02948,815.88,netbanking,SBI,bank_declined,6,4,0,0,0,,0
P00855,C01720,468.6,upi,SBI,network_error,5,4,0,0,0,,0
P00856,C00281,1419.87,netbanking,ICICI,network_error,6,6,1,10,1,113.0,1
P00857,C01888,475.26,netbanking,HDFC,timeout,2,4,1,120,1,220.0,1
P00858,C00667,974.67,card,HDFC,insufficient_funds,2,1,1,120,0,,1
P00859,C00093,561.19,upi,HDFC,insufficient_funds,3,1,1,60,1,206.0,1
P00860,C00672,1786.18,card,HDFC,insufficient_funds,3,2,0,0,0,,0
P00861,C01970,351.65,netbanking,ICICI,insufficient_funds,7,1,1,120,0,,1
P00862,C00061,1100.53,upi,ICICI,insufficient_funds,4,1,0,0,1,100.0,0
P00863,C02682,456.77,card,Other,limit_exceeded,9,2,1,120,1,65.0,1
P00864,C01029,274.41,card,Axis,insufficient_funds,2,1,1,10,1,136.0,1
P00865,C01490,475.39,card,SBI,insufficient_funds,4,2,0,0,1,222.0,0
P00866,C00604,102.14,card,ICICI,bank_declined,4,2,0,0,0,,0
P00867,C00682,948.03,netbanking,SBI,limit_exceeded,5,4,0,0,0,,0
P00868,C02582,785.45,upi,Other,limit_exceeded,1,1,1,30,0,,1
P00869,C01429,1861.28,upi,Other,network_error,3,4,1,10,0,,1
P00870,C02886,251.28,netbanking,ICICI,insufficient_funds,3,4,1,30,0,,1
P00871,C02693,292.82,upi,HDFC,insufficient_funds,1,0,1,120,0,,1
P00872,C02281,203.55,netbanking,Axis,bank_declined,4,3,0,0,0,,0
P00873,C00524,636.46,netbanking,SBI,insufficient_funds,4,1,0,0,1,164.0,0
P00874,C02394,368.45,netbanking,SBI,timeout,0,2,0,0,1,14.0,0
P00875,C02594,276.56,netbanking,Other,limit_exceeded,3,1,0,0,0,,0
P00876,C01969,652.03,upi,SBI,insufficient_funds,3,1,0,0,0,,0
P00877,C01102,1065.92,netbanking,HDFC,bank_declined,5,0,1,60,1,211.0,1
P00878,C01754,530.81,netbanking,ICICI,limit_exceeded,3,2,0,0,0,,0
P00879,C01837,352.43,card,Axis,timeout,5,0,1,120,1,167.0,1
P00880,C02842,1119.01,card,Axis,limit_exceeded,2,1,0,0,1,204.0,0
P00881,C02297,412.45,card,HDFC,limit_exceeded,5,2,0,0,0,,0
P00882,C02095,408.19,card,SBI,bank_declined,2,0,0,0,1,35.0,0
P00883,C01145,705.61,netbanking,HDFC,network_error,4,2,1,10,0,,1
P00884,C02262,304.91,wallet,Axis,timeout,4,1,1,30,0,,1
P00885,C02287,1009.44,upi,HDFC,network_error,1,3,0,0,0,,0
P00886,C01080,259.23,netbanking,Axis,bank_declined,3,3,1,120,0,,1
P00887,C02398,321.48,card,SBI,timeout,3,0,0,0,1,210.0,0
P00888,C00107,219.91,netbanking,Axis,timeout,5,2,1,10,0,,1
P00889,C02879,901.67,card,HDFC,bank_declined,5,2,1,10,1,120.0,1
P00890,C00048,1272.29,netbanking,Other,bank_declined,4,0,1,120,0,,1
P00891,C00337,442.84,netbanking,Axis,insufficient_funds,3,1,0,0,1,131.0,0
P00892,C01050,673.59,wallet,Other,timeout,4,1,0,0,0,,0
P00893,C02852,636.98,netbanking,Other,bank_declined,4,4,1,60,1,36.0,1
P00894,C01281,606.51,upi,Other,bank_declined,5,3,1,60,1,71.0,1
P00895,C02056,219.15,card,HDFC,bank_declined,3,2,1,60,0,,1
P00896,C00625,311.56,netbanking,HDFC,network_error,2,1,1,120,1,48.0,1
P00897,C01891,838.85,upi,SBI,bank_declined,4,1,0,0,0,,0
P00898,C01277,1154.47,netbanking,Axis,insufficient_funds,3,4,1,10,1,156.0,1
P00899,C01716,957.57,upi,ICICI,limit_exceeded,3,2,0,0,0,,0
P00900,C02767,498.5,card,Other,insufficient_funds,4,3,1,30,0,,1
P00901,C00303,863.94,card,Axis,insufficient_funds,8,2,1,10,1,97.0,1
P00902,C00639,167.97,upi,Other,insufficient_funds,6,1,0,0,0,,0
P00903,C00056,119.84,card,SBI,bank_declined,6,2,0,0,1,73.0,0
P00904,C00726,188.15,netbanking,HDFC,bank_declined,3,1,0,0,1,71.0,0
P00905,C00526,3551.21,upi,ICICI,timeout,6,0,1,10,1,202.0,1
P00906,C00474,2110.5,upi,HDFC,insufficient_funds,3,2,0,0,0,,0
P00907,C00028,161.07,netbanking,SBI,timeout,4,1,1,30,0,,1
P00908,C02126,421.66,card,SBI,insufficient_funds,6,2,1,60,1,58.0,1
P00909,C00365,364.21,upi,Other,bank_declined,3,1,1,120,0,,1
P00910,C02714,1219.61,netbanking,HDFC,limit_exceeded,1,3,0,0,1,49.0,0
P00911,C00526,779.24,wallet,HDFC,bank_declined,2,5,1,30,1,29.0,1
P00912,C02747,378.27,card,ICICI,limit_exceeded,5,3,1,120,1,168.0,1
P00913,C01336,730.48,upi,Axis,network_error,9,2,1,30,0,,1
P00914,C00883,846.59,wallet,SBI,timeout,8,1,1,10,1,233.0,1
P00915,C01031,133.83,upi,Other,network_error,3,2,0,0,0,,0
P00916,C01027,715.06,netbanking,ICICI,bank_declined,2,3,1,60,1,216.0,1
P00917,C01647,486.21,wallet,HDFC,insufficient_funds,1,4,1,10,0,,1
P00918,C00919,221.01,wallet,Other,insufficient_funds,4,2,1,30,0,,1
P00919,C02798,325.7,netbanking,SBI,network_error,2,3,1,10,0,,1
P00920,C02411,600.94,upi,SBI,network_error,4,0,1,60,0,,1
P00921,C01775,537.72,card,Axis,limit_exceeded,4,2,0,0,0,,0
P00922,C01532,431.5,card,HDFC,limit_exceeded,4,5,0,0,1,160.0,0
P00923,C02854,398.94,card,SBI,timeout,7,3,1,60,0,,1
P00924,C02787,512.3,card,Other,bank_declined,5,2,0,0,0,,0
P00925,C01907,160.14,card,Other,bank_declined,5,3,0,0,0,,0
P00926,C01216,1637.04,card,Other,insufficient_funds,5,4,1,60,0,,1
P00927,C01655,382.26,card,HDFC,network_error,2,1,0,0,1,7.0,0
P00928,C00485,702.2,card,HDFC,insufficient_funds,4,1,0,0,0,,0
P00929,C02076,1529.35,card,SBI,bank_declined,3,2,0,0,0,,0
P00930,C00714,1090.48,upi,Axis,network_error,2,3,1,30,0,,1
P00931,C01063,608.64,netbanking,Axis,insufficient_funds,2,2,1,10,0,,1
P00932,C01977,456.3,netbanking,Axis,timeout,2,0,0,0,1,185.0,0
P00933,C01297,484.81,wallet,ICICI,network_error,2,4,0,0,0,,0
P00934,C01255,157.62,netbanking,HDFC,insufficient_funds,0,1,0,0,0,,0
P00935,C02134,209.79,card,HDFC,limit_exceeded,2,2,0,0,1,171.0,0
P00936,C00126,582.98,netbanking,SBI,network_error,7,5,0,0,0,,0
P00937,C02860,378.17,netbanking,Other,insufficient_funds,5,3,0,0,0,,0
P00938,C00537,172.67,upi,HDFC,bank_declined,4,2,0,0,1,237.0,0
P00939,C02193,603.56,netbanking,Axis,limit_exceeded,7,1,0,0,0,,0
P00940,C02073,835.96,card,ICICI,limit_exceeded,7,2,0,0,1,86.0,0
P00941,C01604,1113.91,upi,Other,insufficient_funds,5,1,0,0,0,,0
P00942,C00067,714.85,upi,Other,limit_exceeded,4,5,1,120,0,,1
P00943,C00233,316.8,netbanking,ICICI,network_error,3,1,1,120,1,94.0,1
P00944,C02157,795.5,card,ICICI,insufficient_funds,3,2,0,0,0,,0
P00945,C01170,599.97,card,HDFC,timeout,4,2,1,10,0,,1
P00946,C02159,257.87,upi,ICICI,bank_declined,2,3,1,60,1,217.0,1
P00947,C02276,251.93,wallet,SBI,bank_declined,2,2,1,10,1,34.0,1
P00948,C00111,892.85,card,Other,bank_declined,6,2,1,60,0,,1
P00949,C01494,613.74,netbanking,Other,network_error,8,2,1,60,1,85.0,1
P00950,C02082,590.14,card,Axis,timeout,7,1,0,0,0,,0
P00951,C00623,515.11,card,HDFC,network_error,6,1,0,0,1,134.0,0
P00952,C02796,750.93,upi,Axis,insufficient_funds,5,3,1,60,0,,1
P00953,C02643,344.38,upi,HDFC,timeout,3,3,1,30,0,,1
P00954,C02473,450.74,netbanking,HDFC,insufficient_funds,3,3,1,30,0,,1
P00955,C02661,830.08,upi,HDFC,limit_exceeded,8,4,1,120,0,,1
P00956,C01542,505.62,upi,SBI,bank_declined,9,0,1,10,1,161.0,1
P00957,C02740,291.64,card,ICICI,insufficient_funds,3,0,1,120,0,,1
P00958,C01306,304.4,card,ICICI,network_error,2,1,0,0,0,,0
P00959,C01762,508.44,netbanking,SBI,network_error,3,1,1,30,0,,1
P00960,C01976,80.67,card,Axis,insufficient_funds,3,1,0,0,0,,0
P00961,C02363,1678.55,card,HDFC,insufficient_funds,2,3,1,30,1,121.0,1
P00962,C00877,436.3,netbanking,SBI,limit_exceeded,4,4,0,0,1,82.0,0
P00963,C01990,692.19,wallet,Axis,bank_declined,3,3,1,10,0,,1
P00964,C01313,769.71,card,ICICI,insufficient_funds,5,2,1,120,1,69.0,1
P00965,C01461,587.82,upi,Other,network_error,4,2,0,0,0,,0
P00966,C02710,189.39,card,HDFC,insufficient_funds,4,1,0,0,0,,0
P00967,C02325,233.5,card,HDFC,insufficient_funds,3,1,0,0,1,126.0,0
P00968,C01734,173.71,netbanking,HDFC,insufficient_funds,1,2,0,0,0,,0
P00969,C01606,1060.42,upi,ICICI,timeout,5,3,0,0,0,,0
P00970,C01527,167.32,card,HDFC,insufficient_funds,2,2,1,60,0,,1
P00971,C02672,309.65,netbanking,HDFC,network_error,2,5,0,0,1,45.0,0
P00972,C02564,1229.84,upi,ICICI,insufficient_funds,3,1,0,0,0,,0
P00973,C02891,223.46,netbanking,SBI,network_error,4,0,0,0,1,226.0,0
P00974,C02398,547.08,upi,Axis,network_error,4,0,1,60,1,138.0,1
P00975,C01631,838.42,card,Other,bank_declined,2,1,0,0,0,,0
P00976,C02871,472.88,upi,Axis,bank_declined,3,1,0,0,1,208.0,0
P00977,C01161,549.48,card,ICICI,network_error,3,4,1,30,0,,1
P00978,C00759,715.59,card,ICICI,timeout,4,3,0,0,1,166.0,0
P00979,C02947,1720.4,upi,Axis,bank_declined,3,5,1,10,0,,1
P00980,C00243,256.21,card,ICICI,network_error,3,3,1,60,0,,1
P00981,C02591,362.34,upi,Other,limit_exceeded,3,5,1,60,1,184.0,1
P00982,C01064,767.33,upi,HDFC,insufficient_funds,3,5,0,0,1,67.0,0
P00983,C00229,429.33,netbanking,SBI,limit_exceeded,4,2,1,10,0,,1
P00984,C02596,332.75,upi,Other,timeout,7,3,0,0,0,,0
P00985,C00920,1014.05,netbanking,ICICI,bank_declined,6,0,1,30,0,,1
P00986,C01247,103.76,wallet,SBI,bank_declined,8,5,1,10,0,,1
P00987,C00006,1085.52,wallet,Axis,insufficient_funds,3,1,1,10,1,113.0,1
P00988,C00468,1497.61,netbanking,HDFC,bank_declined,3,3,1,30,1,216.0,1
P00989,C01756,426.8,upi,Axis,network_error,2,2,0,0,1,185.0,0
P00990,C00075,196.19,card,SBI,insufficient_funds,5,3,0,0,0,,0
P00991,C00004,557.89,upi,HDFC,insufficient_funds,3,1,0,0,0,,0
P00992,C01871,690.3,upi,Axis,limit_exceeded,5,1,0,0,0,,0
P00993,C00646,156.25,upi,SBI,insufficient_funds,5,4,1,60,1,20.0,1
P00994,C00118,521.9,upi,HDFC,timeout,2,2,1,60,1,49.0,1
P00995,C02929,1928.99,upi,ICICI,network_error,4,2,0,0,0,,0
P00996,C01630,1192.48,wallet,HDFC,bank_declined,4,4,1,60,0,,1
P00997,C02552,711.33,card,SBI,timeout,2,3,1,10,1,16.0,1
P00998,C02022,656.06,upi,Other,insufficient_funds,7,2,0,0,1,91.0,0
P00999,C00947,506.35,upi,SBI,timeout,4,1,1,120,1,215.0,1
P01000,C02622,547.59,card,Other,limit_exceeded,4,2,0,0,1,126.0,0
P01001,C01465,461.05,netbanking,Axis,bank_declined,3,5,0,0,0,,0
P01002,C00194,568.63,upi,ICICI,bank_declined,5,2,1,10,1,176.0,1
P01003,C00847,157.25,upi,HDFC,insufficient_funds,6,0,0,0,0,,0
P01004,C02763,108.26,netbanking,SBI,limit_exceeded,4,4,1,10,1,153.0,1
P01005,C01416,291.29,card,ICICI,timeout,2,3,0,0,0,,0
P01006,C01459,1014.93,netbanking,Other,bank_declined,2,3,0,0,1,207.0,0
P01007,C02221,746.62,card,Other,bank_declined,3,0,1,30,0,,1
P01008,C01669,890.98,upi,SBI,bank_declined,6,3,1,60,1,169.0,1
P01009,C02374,526.71,card,Other,bank_declined,7,3,1,10,0,,1
P01010,C01434,1153.42,netbanking,ICICI,bank_declined,4,2,1,10,0,,1
P01011,C01142,1252.32,netbanking,ICICI,insufficient_funds,4,2,0,0,0,,0
P01012,C02884,1137.19,netbanking,ICICI,insufficient_funds,10,2,1,60,1,128.0,1
P01013,C01811,305.75,upi,SBI,timeout,6,0,1,10,0,,1
P01014,C00724,512.09,netbanking,Other,bank_declined,5,2,1,30,1,195.0,1
P01015,C00225,356.26,upi,Other,bank_declined,3,3,0,0,1,13.0,0
P01016,C00532,1383.76,upi,Axis,bank_declined,2,1,0,0,0,,0
P01017,C00113,1081.3,card,HDFC,bank_declined,2,5,0,0,0,,0
P01018,C02188,678.65,netbanking,HDFC,insufficient_funds,5,3,1,30,0,,1
P01019,C00559,798.18,upi,Other,bank_declined,4,2,1,30,1,83.0,1
P01020,C02049,604.41,netbanking,Other,bank_declined,3,2,0,0,0,,0
P01021,C02138,256.45,netbanking,ICICI,timeout,3,1,0,0,1,141.0,0
P01022,C00654,1043.69,card,SBI,bank_declined,2,2,1,10,1,168.0,1
P01023,C00320,2023.08,card,Other,insufficient_funds,6,1,0,0,0,,0
P01024,C01574,701.9,netbanking,Axis,timeout,1,1,0,0,0,,0
P01025,C01829,452.9,card,Axis,bank_declined,5,1,0,0,0,,0
P01026,C01918,296.23,card,Other,limit_exceeded,4,2,1,30,0,,1
P01027,C00139,411.64,card,HDFC,limit_exceeded,2,1,0,0,1,162.0,0
P01028,C02893,201.89,card,SBI,limit_exceeded,2,3,1,10,0,,1
P01029,C02027,259.69,card,Axis,insufficient_funds,2,1,0,0,0,,0
P01030,C02307,438.27,netbanking,Other,bank_declined,3,1,1,60,1,24.0,1
P01031,C00902,614.91,upi,Other,timeout,3,4,1,30,1,124.0,1
P01032,C00690,175.41,card,ICICI,bank_declined,11,3,1,10,0,,1
P01033,C02040,563.77,upi,Axis,bank_declined,4,2,0,0,1,35.0,0
P01034,C00010,1491.85,card,ICICI,bank_declined,6,3,0,0,0,,0
P01035,C00261,668.33,netbanking,SBI,network_error,3,0,1,10,0,,1
P01036,C01943,696.96,upi,SBI,limit_exceeded,5,4,1,60,0,,1
P01037,C01674,654.65,card,Axis,network_error,3,1,1,30,0,,1
P01038,C02220,160.73,card,ICICI,network_error,3,1,1,60,0,,1
P01039,C02946,170.99,netbanking,HDFC,timeout,3,3,0,0,0,,0
P01040,C02061,748.95,card,ICICI,timeout,0,2,1,120,0,,1
P01041,C01192,810.1,wallet,Axis,limit_exceeded,3,2,1,30,0,,1
P01042,C01620,1023.89,netbanking,Axis,insufficient_funds,3,2,1,30,1,8.0,1
P01043,C00321,1267.98,netbanking,ICICI,limit_exceeded,5,1,0,0,0,,0
P01044,C01343,343.25,card,Other,bank_declined,2,0,1,30,0,,1
P01045,C01637,972.21,upi,Other,bank_declined,4,3,0,0,1,57.0,0
P01046,C02377,962.8,card,HDFC,network_error,5,5,1,60,1,93.0,1
P01047,C02833,1444.26,card,HDFC,bank_declined,3,0,0,0,1,64.0,0
P01048,C02825,1513.51,wallet,HDFC,insufficient_funds,4,1,1,10,1,37.0,1
P01049,C01995,375.11,card,Axis,limit_exceeded,6,3,0,0,1,27.0,0
P01050,C02959,466.06,card,Axis,insufficient_funds,4,1,1,60,0,,1
P01051,C01944,569.92,netbanking,Other,limit_exceeded,4,1,0,0,0,,0
P01052,C02039,276.17,card,ICICI,network_error,1,1,1,60,0,,1
P01053,C01119,1070.19,upi,SBI,limit_exceeded,5,2,0,0,0,,0
P01054,C01605,424.74,wallet,ICICI,limit_exceeded,6,1,0,0,0,,0
P01055,C02366,1116.99,card,Other,network_error,6,1,1,10,0,,1
P01056,C00236,1420.86,netbanking,Other,network_error,9,0,0,0,1,190.0,0
P01057,C01970,404.39,card,Other,limit_exceeded,5,1,0,0,1,5.0,0
P01058,C00334,145.2,upi,Other,network_error,3,3,0,0,1,115.0,0
P01059,C01909,482.97,card,Axis,insufficient_funds,5,0,0,0,0,,0
P01060,C00376,1256.43,upi,HDFC,limit_exceeded,7,4,1,60,0,,1
P01061,C01161,1244.99,upi,HDFC,bank_declined,4,4,1,10,1,44.0,1
P01062,C02636,459.28,card,ICICI,insufficient_funds,3,3,1,10,0,,1
P01063,C01571,536.62,upi,ICICI,timeout,1,7,1,30,1,101.0,1
P01064,C02561,442.84,card,Other,bank_declined,3,0,1,120,1,118.0,1
P01065,C01320,325.2,netbanking,Other,bank_declined,5,1,0,0,1,116.0,0
P01066,C02966,148.27,netbanking,SBI,network_error,6,3,0,0,0,,0
P01067,C01856,708.93,upi,HDFC,insufficient_funds,3,2,1,30,0,,1
P01068,C01373,351.25,upi,Other,network_error,4,1,1,30,1,69.0,1
P01069,C00873,572.67,wallet,ICICI,network_error,6,4,1,60,1,20.0,1
P01070,C01253,791.99,upi,ICICI,bank_declined,9,0,1,10,1,135.0,1
P01071,C02318,927.57,card,ICICI,limit_exceeded,3,0,1,120,0,,1
P01072,C01852,304.38,netbanking,SBI,timeout,5,2,0,0,1,222.0,0
P01073,C02846,248.71,upi,Other,network_error,2,2,1,60,1,100.0,1
P01074,C01315,744.0,card,Other,network_error,6,4,1,10,0,,1
P01075,C00725,782.73,card,Other,timeout,8,4,0,0,0,,0
P01076,C02053,332.12,wallet,SBI,bank_declined,4,4,0,0,0,,0
P01077,C02899,988.64,card,Other,network_error,6,0,1,60,0,,1
P01078,C00078,479.8,upi,HDFC,network_error,8,6,0,0,1,71.0,0
P01079,C02622,292.9,card,Other,bank_declined,5,0,1,120,0,,1
P01080,C00132,247.6,upi,Other,limit_exceeded,3,2,1,60,0,,1
P01081,C00601,693.5,card,ICICI,insufficient_funds,1,3,0,0,0,,0
P01082,C01773,582.98,card,Other,bank_declined,0,0,0,0,0,,0
P01083,C01066,642.81,netbanking,Axis,limit_exceeded,4,1,1,30,0,,1
P01084,C02137,227.19,netbanking,SBI,limit_exceeded,4,0,1,30,0,,1
P01085,C02450,103.79,netbanking,ICICI,timeout,2,4,1,30,0,,1
P01086,C02344,755.62,card,SBI,network_error,5,5,1,30,0,,1
P01087,C01864,1142.03,card,Axis,network_error,4,2,1,10,0,,1
P01088,C01319,158.63,upi,ICICI,bank_declined,5,3,1,120,1,62.0,1
P01089,C00616,367.02,upi,ICICI,bank_declined,4,0,0,0,1,181.0,0
P01090,C02848,3125.77,netbanking,Axis,network_error,1,0,1,60,1,108.0,1
P01091,C02470,730.85,upi,Axis,insufficient_funds,2,1,0,0,1,191.0,0
P01092,C01889,1230.72,netbanking,HDFC,limit_exceeded,3,5,1,10,1,176.0,1
P01093,C01047,1541.84,upi,ICICI,bank_declined,3,0,0,0,0,,0
P01094,C00575,351.09,upi,SBI,limit_exceeded,4,3,0,0,1,139.0,0
P01095,C02191,2537.22,card,Other,bank_declined,3,0,0,0,1,194.0,0
P01096,C00993,145.97,upi,Axis,bank_declined,4,1,0,0,0,,0
P01097,C02713,703.61,upi,HDFC,insufficient_funds,4,0,1,120,1,57.0,1
P01098,C02193,627.51,upi,Axis,network_error,5,1,1,120,1,25.0,1
P01099,C01249,227.62,upi,SBI,network_error,4,6,0,0,1,164.0,0
P01100,C00503,293.12,card,Other,limit_exceeded,1,1,0,0,1,12.0,0
P01101,C01998,320.74,card,Other,bank_declined,0,2,0,0,0,,0
P01102,C00821,179.19,card,Axis,network_error,5,2,0,0,1,50.0,0
P01103,C02152,183.21,netbanking,Other,timeout,3,3,0,0,1,7.0,0
P01104,C01971,393.56,upi,Other,bank_declined,6,1,1,60,1,109.0,1
P01105,C00198,350.82,upi,SBI,limit_exceeded,2,3,0,0,0,,0
P01106,C01670,311.21,upi,Axis,bank_declined,6,0,1,120,0,,1
P01107,C02627,882.3,upi,HDFC,network_error,2,2,1,10,1,125.0,1
P01108,C02439,291.32,netbanking,HDFC,network_error,3,3,0,0,0,,0
P01109,C01203,594.39,wallet,ICICI,bank_declined,1,4,1,10,0,,1
P01110,C02602,492.39,upi,SBI,insufficient_funds,4,2,1,10,0,,1
P01111,C01472,395.13,upi,Axis,network_error,4,2,1,60,0,,1
P01112,C01647,189.11,card,Other,bank_declined,1,1,0,0,0,,0
P01113,C01693,437.22,upi,SBI,bank_declined,4,2,1,60,0,,1
P01114,C01313,314.47,upi,Axis,bank_declined,1,1,0,0,0,,0
P01115,C02036,965.9,wallet,Axis,network_error,4,1,0,0,0,,0
P01116,C00478,770.46,upi,SBI,timeout,1,5,0,0,1,112.0,0
P01117,C01255,326.49,card,SBI,bank_declined,6,4,0,0,0,,0
P01118,C00923,263.66,upi,SBI,insufficient_funds,8,0,0,0,0,,0
P01119,C00420,263.51,wallet,ICICI,timeout,2,1,0,0,0,,0
P01120,C02205,414.71,netbanking,Other,network_error,4,0,1,60,1,232.0,1
P01121,C02598,1026.84,card,SBI,timeout,6,3,0,0,0,,0
P01122,C01121,1125.79,card,ICICI,bank_declined,4,1,1,10,1,143.0,1
P01123,C00951,76.21,card,HDFC,limit_exceeded,2,4,1,60,0,,1
P01124,C02337,1426.42,netbanking,ICICI,bank_declined,7,2,0,0,1,40.0,0
P01125,C01278,453.7,upi,Other,bank_declined,2,0,1,120,0,,1
P01126,C02244,188.15,netbanking,HDFC,network_error,1,1,1,60,1,144.0,1
P01127,C02646,475.41,card,SBI,limit_exceeded,6,1,1,30,1,44.0,1
P01128,C01858,276.26,wallet,SBI,insufficient_funds,5,0,0,0,1,165.0,0
P01129,C00517,1566.54,card,SBI,timeout,2,2,1,30,0,,1
P01130,C01659,328.45,upi,SBI,insufficient_funds,8,3,0,0,1,32.0,0
P01131,C01866,252.26,card,HDFC,insufficient_funds,1,2,0,0,0,,0
P01132,C02913,2141.71,card,ICICI,bank_declined,2,4,1,120,1,32.0,1
P01133,C01142,651.87,wallet,ICICI,network_error,3,4,1,60,0,,1
P01134,C02854,344.8,card,Axis,insufficient_funds,0,1,0,0,0,,0
P01135,C01933,1802.68,card,ICICI,insufficient_funds,3,4,0,0,0,,0
P01136,C00815,1231.77,wallet,ICICI,insufficient_funds,2,3,0,0,1,142.0,0
P01137,C02276,320.43,netbanking,ICICI,network_error,2,2,1,30,1,94.0,1
P01138,C01901,280.42,upi,ICICI,insufficient_funds,1,4,1,30,0,,1
P01139,C02264,528.01,card,ICICI,bank_declined,7,2,0,0,0,,0
P01140,C02996,439.87,netbanking,HDFC,insufficient_funds,3,2,0,0,0,,0
P01141,C02063,299.42,upi,Other,bank_declined,8,1,1,10,1,114.0,1
P01142,C02095,485.92,card,Other,timeout,6,1,1,60,1,226.0,1
P01143,C02372,1675.26,upi,Axis,bank_declined,2,4,0,0,0,,0
P01144,C02892,1025.11,upi,ICICI,network_error,7,2,1,60,1,39.0,1
P01145,C00130,646.62,upi,SBI,insufficient_funds,3,3,1,10,1,53.0,1
P01146,C00095,388.17,netbanking,Other,timeout,6,1,1,120,0,,1
P01147,C02675,450.79,netbanking,SBI,timeout,6,5,0,0,0,,0
P01148,C02803,795.47,netbanking,Axis,bank_declined,2,0,0,0,1,71.0,0
P01149,C01956,751.81,netbanking,SBI,insufficient_funds,5,1,0,0,0,,0
P01150,C00794,515.83,netbanking,ICICI,insufficient_funds,7,3,1,10,1,227.0,1
P01151,C01835,1053.64,upi,ICICI,bank_declined,6,2,1,120,0,,1
P01152,C02117,218.05,netbanking,HDFC,bank_declined,5,0,1,10,0,,1
P01153,C01684,981.38,upi,ICICI,bank_declined,3,2,0,0,0,,0
P01154,C00011,761.02,upi,Other,network_error,3,2,1,120,0,,1
P01155,C01866,181.52,netbanking,ICICI,insufficient_funds,5,1,1,120,1,25.0,1
P01156,C02920,311.15,card,ICICI,bank_declined,3,4,1,10,1,135.0,1
P01157,C02598,1406.08,netbanking,SBI,insufficient_funds,1,4,0,0,1,233.0,0
P01158,C00712,712.02,wallet,Axis,limit_exceeded,6,2,1,10,0,,1
P01159,C02071,454.5,card,ICICI,insufficient_funds,3,1,0,0,1,187.0,0
P01160,C00815,620.35,upi,Other,insufficient_funds,5,2,0,0,0,,0
P01161,C00346,497.08,card,Axis,network_error,8,2,0,0,1,207.0,0
P01162,C02350,634.12,netbanking,ICICI,insufficient_funds,5,2,0,0,0,,0
P01163,C00363,948.92,upi,Axis,timeout,1,2,0,0,0,,0
P01164,C02444,1750.38,upi,Other,timeout,3,2,1,60,1,216.0,1
P01165,C02266,248.85,card,SBI,bank_declined,3,2,0,0,0,,0
P01166,C02189,1113.76,netbanking,SBI,timeout,4,3,1,10,0,,1
P01167,C00985,379.97,card,HDFC,timeout,3,5,0,0,0,,0
P01168,C01640,208.55,upi,Other,insufficient_funds,4,4,0,0,0,,0
P01169,C00828,1232.09,upi,ICICI,limit_exceeded,1,2,0,0,0,,0
P01170,C02731,303.8,upi,ICICI,limit_exceeded,9,2,0,0,0,,0
P01171,C00356,990.89,card,HDFC,bank_declined,8,3,1,10,0,,1
P01172,C01348,1048.66,netbanking,Other,timeout,4,2,1,30,1,61.0,1
P01173,C02936,1920.57,netbanking,Axis,limit_exceeded,5,1,1,120,0,,1
P01174,C01864,1170.0,upi,Axis,timeout,2,3,0,0,1,68.0,0
P01175,C00127,1227.0,upi,SBI,insufficient_funds,4,4,1,30,1,134.0,1
P01176,C00604,1125.25,card,Axis,insufficient_funds,3,2,0,0,0,,0
P01177,C01929,577.07,wallet,Axis,limit_exceeded,6,3,0,0,0,,0
P01178,C01014,1272.53,netbanking,Other,network_error,7,1,1,10,0,,1
P01179,C00051,410.01,upi,Other,network_error,4,0,1,30,1,57.0,1
P01180,C02827,318.46,wallet,HDFC,limit_exceeded,5,0,0,0,0,,0
P01181,C01431,747.22,card,Other,insufficient_funds,5,1,0,0,0,,0
P01182,C01793,1173.17,upi,HDFC,bank_declined,3,1,1,120,1,180.0,1
P01183,C02862,437.14,upi,HDFC,network_error,6,3,0,0,1,73.0,0
P01184,C01637,373.8,wallet,ICICI,insufficient_funds,7,5,1,30,0,,1
P01185,C01646,180.35,upi,Axis,network_error,5,0,0,0,0,,0
P01186,C02468,277.09,upi,Other,limit_exceeded,3,1,1,30,1,137.0,1
P01187,C01206,302.64,card,HDFC,insufficient_funds,8,6,1,10,0,,1
P01188,C02873,1162.25,card,Axis,timeout,4,4,0,0,1,209.0,0
P01189,C01855,371.18,upi,Other,limit_exceeded,4,2,1,60,0,,1
P01190,C00567,690.15,card,Axis,limit_exceeded,5,1,1,120,0,,1
P01191,C02419,172.35,card,HDFC,network_error,3,3,1,60,1,234.0,1
P01192,C00936,1224.53,wallet,Axis,limit_exceeded,4,6,0,0,0,,0
P01193,C01935,581.07,wallet,SBI,timeout,6,5,0,0,1,61.0,0
P01194,C02709,191.27,card,Axis,timeout,4,2,0,0,1,28.0,0
P01195,C01333,342.8,netbanking,SBI,bank_declined,6,2,1,120,0,,1
P01196,C00202,286.39,netbanking,Other,bank_declined,5,4,0,0,1,120.0,0
P01197,C02361,579.46,upi,HDFC,insufficient_funds,3,0,1,120,1,191.0,1
P01198,C00117,383.69,card,Axis,insufficient_funds,6,2,0,0,1,136.0,0
P01199,C00937,399.96,card,Axis,network_error,5,2,0,0,0,,0
P01200,C00575,274.23,card,Axis,bank_declined,3,3,0,0,0,,0
P01201,C02292,208.58,netbanking,HDFC,network_error,2,1,0,0,1,117.0,0
P01202,C00537,875.24,upi,Axis,limit_exceeded,5,4,1,120,0,,1
P01203,C01626,989.95,upi,Other,insufficient_funds,2,2,1,10,0,,1
P01204,C02123,309.16,upi,Other,limit_exceeded,5,2,1,120,0,,1
P01205,C00386,698.69,upi,Other,insufficient_funds,3,2,1,120,0,,1
P01206,C00475,263.69,card,Other,network_error,4,4,0,0,1,176.0,0
P01207,C00418,853.68,card,ICICI,bank_declined,4,2,1,60,0,,1
P01208,C02395,448.2,netbanking,ICICI,insufficient_funds,3,3,0,0,0,,0
P01209,C02688,293.65,netbanking,Other,timeout,6,1,1,30,1,18.0,1
P01210,C00939,240.95,card,Axis,network_error,6,1,1,120,0,,1
P01211,C00955,1057.78,card,Other,network_error,4,4,1,60,0,,1
P01212,C00876,186.13,netbanking,ICICI,limit_exceeded,5,1,0,0,1,132.0,0
P01213,C00763,466.39,card,ICICI,insufficient_funds,9,2,0,0,0,,0
P01214,C01203,128.6,upi,HDFC,bank_declined,5,3,1,120,1,115.0,1
P01215,C01206,250.95,upi,HDFC,network_error,8,3,0,0,1,169.0,0
P01216,C00664,202.38,upi,Axis,bank_declined,4,5,0,0,1,154.0,0
P01217,C00025,88.68,card,HDFC,network_error,3,3,1,120,0,,1
P01218,C01991,338.82,wallet,SBI,limit_exceeded,2,2,1,10,1,9.0,1
P01219,C01204,390.2,card,SBI,network_error,8,3,1,120,0,,1
P01220,C00710,216.93,card,HDFC,network_error,1,0,1,60,0,,1
P01221,C01880,321.41,card,SBI,timeout,3,5,0,0,1,134.0,0
P01222,C01185,418.68,wallet,ICICI,insufficient_funds,1,1,1,10,0,,1
P01223,C02225,130.82,card,Other,network_error,3,2,0,0,0,,0
P01224,C00285,503.87,netbanking,Other,bank_declined,3,2,0,0,0,,0
P01225,C00063,751.56,card,SBI,bank_declined,4,2,0,0,1,130.0,0
P01226,C01003,605.32,card,ICICI,network_error,4,2,1,10,1,52.0,1
P01227,C00662,613.8,netbanking,ICICI,timeout,3,3,1,10,1,13.0,1
P01228,C02714,442.53,netbanking,HDFC,bank_declined,4,1,0,0,1,130.0,0
P01229,C02204,629.02,netbanking,ICICI,timeout,8,3,0,0,1,134.0,0
P01230,C01493,1040.34,card,ICICI,network_error,4,3,1,30,1,136.0,1
P01231,C00967,2863.28,netbanking,ICICI,limit_exceeded,6,1,1,120,0,,1
P01232,C00849,238.85,card,Other,bank_declined,10,2,1,30,1,34.0,1
P01233,C01108,275.67,card,SBI,timeout,3,1,0,0,0,,0
P01234,C00689,249.75,upi,HDFC,timeout,3,4,1,10,0,,1
P01235,C00148,1202.43,card,HDFC,bank_declined,5,1,0,0,1,88.0,0
P01236,C00342,1463.09,upi,HDFC,bank_declined,2,3,1,120,1,166.0,1
P01237,C02524,839.58,upi,Axis,bank_declined,3,1,1,10,1,230.0,1
P01238,C01087,194.41,wallet,SBI,bank_declined,3,2,0,0,0,,0
P01239,C01725,399.04,upi,Other,insufficient_funds,2,1,0,0,0,,0
P01240,C01384,629.1,upi,SBI,limit_exceeded,5,2,0,0,1,183.0,0
P01241,C02609,625.82,netbanking,HDFC,insufficient_funds,3,2,0,0,0,,0
P01242,C00327,1911.59,card,Other,bank_declined,5,3,1,120,0,,1
P01243,C01793,1036.29,upi,SBI,limit_exceeded,4,0,1,10,1,205.0,1
P01244,C01760,1001.89,card,ICICI,network_error,3,1,1,10,1,81.0,1
P01245,C00990,366.88,card,SBI,insufficient_funds,4,1,0,0,0,,0
P01246,C02263,659.2,upi,ICICI,bank_declined,5,1,0,0,0,,0
P01247,C02483,155.95,netbanking,HDFC,timeout,2,2,1,60,0,,1
P01248,C00952,522.32,card,ICICI,bank_declined,4,1,1,10,1,111.0,1
P01249,C00723,557.9,netbanking,Axis,bank_declined,4,2,1,30,0,,1
P01250,C02080,205.12,wallet,Other,bank_declined,4,3,1,120,1,77.0,1
P01251,C02718,399.69,card,ICICI,insufficient_funds,3,0,1,10,1,206.0,1
P01252,C02333,1377.47,netbanking,Other,bank_declined,4,4,0,0,0,,0
P01253,C00429,479.82,card,ICICI,insufficient_funds,4,1,0,0,0,,0
P01254,C01501,762.74,upi,HDFC,bank_declined,4,3,0,0,1,50.0,0
P01255,C00286,2624.86,netbanking,SBI,network_error,2,1,1,60,0,,1
P01256,C02066,358.4,upi,ICICI,network_error,7,3,0,0,0,,0
P01257,C00769,893.64,card,HDFC,network_error,2,2,0,0,0,,0
P01258,C02638,432.57,upi,ICICI,network_error,1,3,0,0,0,,0
P01259,C01395,1068.96,netbanking,Axis,network_error,2,2,1,60,0,,1
P01260,C00194,477.9,card,Other,network_error,5,0,1,10,1,77.0,1
P01261,C02550,1031.96,card,ICICI,network_error,3,1,1,120,0,,1
P01262,C00988,1288.77,netbanking,HDFC,bank_declined,3,1,0,0,0,,0
P01263,C01137,427.33,card,HDFC,limit_exceeded,5,1,0,0,1,218.0,0
P01264,C02162,1030.49,upi,SBI,network_error,5,4,0,0,0,,0
P01265,C01702,148.02,card,Other,limit_exceeded,4,2,0,0,0,,0
P01266,C00947,539.35,card,SBI,bank_declined,2,2,0,0,0,,0
P01267,C00831,1231.66,upi,Other,bank_declined,3,4,1,30,0,,1
P01268,C01921,2607.86,upi,Other,limit_exceeded,4,3,1,120,1,11.0,1
P01269,C02973,203.64,card,ICICI,timeout,4,1,0,0,0,,0
P01270,C00055,223.69,upi,SBI,network_error,5,0,1,60,0,,1
P01271,C00800,341.35,upi,SBI,timeout,3,0,1,120,0,,1
P01272,C00778,552.89,upi,SBI,bank_declined,3,5,0,0,1,71.0,0
P01273,C01482,313.01,netbanking,HDFC,timeout,4,4,0,0,0,,0
P01274,C01902,920.66,netbanking,Axis,insufficient_funds,8,3,0,0,0,,0
P01275,C02210,404.52,card,ICICI,limit_exceeded,3,4,0,0,1,7.0,0
P01276,C02135,299.22,card,SBI,bank_declined,1,2,0,0,0,,0
P01277,C00055,237.44,upi,Other,insufficient_funds,2,1,1,30,1,199.0,1
P01278,C01824,512.11,netbanking,Other,timeout,3,1,1,120,1,175.0,1
P01279,C01202,680.01,card,ICICI,limit_exceeded,4,1,0,0,1,120.0,0
P01280,C00833,930.21,netbanking,HDFC,timeout,1,2,1,10,0,,1
P01281,C00313,376.22,card,SBI,network_error,6,1,0,0,1,145.0,0
P01282,C02807,686.42,card,Axis,limit_exceeded,4,0,0,0,0,,0
P01283,C01859,1484.73,wallet,HDFC,network_error,3,1,1,30,1,20.0,1
P01284,C02008,1165.33,card,ICICI,timeout,1,3,1,10,1,147.0,1
P01285,C02007,367.81,upi,SBI,bank_declined,4,2,1,60,0,,1
P01286,C02491,793.27,card,ICICI,timeout,4,0,0,0,0,,0
P01287,C01791,433.87,card,ICICI,limit_exceeded,3,2,1,120,1,78.0,1
P01288,C00328,362.82,upi,ICICI,bank_declined,6,0,0,0,1,104.0,0
P01289,C02809,256.97,wallet,ICICI,timeout,4,1,0,0,0,,0
P01290,C02627,1705.33,upi,Axis,insufficient_funds,7,5,1,30,1,105.0,1
P01291,C01288,300.94,upi,ICICI,network_error,6,1,0,0,0,,0
P01292,C02144,441.29,netbanking,Other,bank_declined,2,1,1,30,0,,1
P01293,C01112,129.81,card,ICICI,limit_exceeded,2,3,1,30,1,178.0,1
P01294,C01312,1064.19,upi,Axis,bank_declined,0,1,1,10,1,21.0,1
P01295,C02862,481.49,upi,ICICI,bank_declined,4,1,1,60,1,115.0,1
P01296,C02539,1131.84,upi,SBI,limit_exceeded,2,3,1,10,0,,1
P01297,C00452,630.97,netbanking,HDFC,insufficient_funds,4,1,0,0,1,26.0,0
P01298,C01524,541.39,card,Axis,network_error,4,2,1,30,1,5.0,1
P01299,C00165,887.18,upi,SBI,limit_exceeded,4,1,1,10,1,236.0,1
P01300,C00182,488.94,netbanking,Axis,bank_declined,5,3,0,0,0,,0
P01301,C02517,135.93,card,HDFC,insufficient_funds,4,2,0,0,1,203.0,0
P01302,C00910,593.17,card,Other,limit_exceeded,3,1,1,60,0,,1
P01303,C02783,1073.04,upi,HDFC,network_error,3,2,1,30,0,,1
P01304,C00823,269.3,netbanking,Other,insufficient_funds,5,0,0,0,0,,0
P01305,C00944,112.77,card,ICICI,bank_declined,2,0,1,10,1,198.0,1
P01306,C02002,297.93,upi,SBI,timeout,2,3,0,0,0,,0
P01307,C02055,620.27,netbanking,Axis,network_error,3,0,0,0,1,134.0,0
P01308,C00330,216.06,card,Other,timeout,4,2,1,30,1,177.0,1
P01309,C00775,454.42,upi,Axis,network_error,4,1,1,120,1,78.0,1
P01310,C02199,656.3,card,HDFC,timeout,5,2,1,30,0,,1
P01311,C00147,266.68,upi,ICICI,timeout,4,2,0,0,0,,0
P01312,C00915,1216.87,upi,HDFC,bank_declined,3,3,0,0,1,159.0,0
P01313,C01572,792.06,upi,Other,limit_exceeded,2,1,1,60,1,228.0,1
P01314,C01309,243.73,card,SBI,network_error,3,2,0,0,1,135.0,0
P01315,C02748,802.08,upi,Other,insufficient_funds,4,5,1,120,0,,1
P01316,C00082,276.4,card,Other,insufficient_funds,4,0,1,30,1,9.0,1
P01317,C00514,343.58,card,HDFC,timeout,6,2,1,10,1,88.0,1
P01318,C01921,507.7,card,Other,bank_declined,7,5,0,0,0,,0
P01319,C02863,877.39,card,SBI,bank_declined,0,0,1,10,1,5.0,1
P01320,C02757,477.8,wallet,ICICI,network_error,3,3,1,30,1,140.0,1
P01321,C01940,658.14,netbanking,HDFC,timeout,4,1,1,120,1,129.0,1
P01322,C00746,1344.1,wallet,Other,insufficient_funds,4,1,1,60,1,186.0,1
P01323,C01410,591.63,card,Axis,bank_declined,5,1,0,0,1,23.0,0
P01324,C00707,316.81,upi,ICICI,timeout,4,1,1,30,0,,1
P01325,C00471,802.97,card,HDFC,limit_exceeded,5,3,0,0,0,,0
P01326,C00396,336.1,card,SBI,insufficient_funds,2,2,1,60,0,,1
P01327,C01556,402.86,upi,SBI,network_error,10,2,0,0,0,,0
P01328,C02309,731.05,upi,ICICI,network_error,5,5,0,0,0,,0
P01329,C00805,742.53,card,SBI,network_error,4,3,0,0,0,,0
P01330,C00934,434.04,upi,HDFC,insufficient_funds,8,1,0,0,1,34.0,0
P01331,C01280,395.84,card,HDFC,timeout,6,0,1,10,0,,1
P01332,C01758,1770.39,upi,HDFC,bank_declined,0,2,0,0,0,,0
P01333,C00905,106.2,upi,Other,insufficient_funds,3,3,0,0,0,,0
P01334,C01077,636.12,card,SBI,limit_exceeded,4,3,1,30,0,,1
P01335,C02988,498.66,upi,Other,bank_declined,4,0,1,120,0,,1
P01336,C01891,366.69,upi,SBI,insufficient_funds,3,2,1,30,0,,1
P01337,C01524,602.91,card,SBI,bank_declined,6,1,0,0,0,,0
P01338,C02902,249.0,upi,SBI,insufficient_funds,4,3,1,30,1,174.0,1
P01339,C01388,197.98,upi,Axis,timeout,5,2,0,0,1,167.0,0
P01340,C01304,1021.24,upi,Other,insufficient_funds,1,1,0,0,1,72.0,0
P01341,C00593,307.62,netbanking,ICICI,timeout,1,4,1,60,0,,1
P01342,C02762,452.26,card,Other,insufficient_funds,3,1,0,0,0,,0
P01343,C02680,101.61,netbanking,SBI,insufficient_funds,4,3,0,0,0,,0
P01344,C02107,146.35,card,ICICI,bank_declined,3,1,1,120,0,,1
P01345,C00128,588.1,netbanking,ICICI,limit_exceeded,5,1,0,0,0,,0
P01346,C00736,1052.06,netbanking,ICICI,limit_exceeded,3,4,0,0,1,176.0,0
P01347,C02769,304.81,netbanking,Axis,insufficient_funds,2,1,0,0,1,94.0,0
P01348,C02574,1544.48,upi,HDFC,bank_declined,6,1,0,0,1,151.0,0
P01349,C00521,1212.34,card,SBI,bank_declined,6,3,0,0,0,,0
P01350,C02600,915.76,upi,SBI,insufficient_funds,4,2,0,0,0,,0
P01351,C00237,1052.27,card,Other,bank_declined,3,1,1,30,0,,1
P01352,C01305,1236.66,netbanking,ICICI,timeout,6,2,1,10,0,,1
P01353,C01782,342.36,netbanking,Axis,insufficient_funds,3,1,1,120,0,,1
P01354,C01302,353.96,netbanking,ICICI,network_error,3,0,0,0,1,122.0,0
P01355,C02542,802.25,upi,Other,bank_declined,4,2,0,0,0,,0
P01356,C02052,206.33,upi,HDFC,network_error,3,3,1,30,0,,1
P01357,C02714,621.76,card,SBI,network_error,4,0,0,0,1,11.0,0
P01358,C00442,679.49,upi,ICICI,timeout,5,0,1,30,1,110.0,1
P01359,C02077,803.79,upi,SBI,limit_exceeded,6,2,1,60,0,,1
P01360,C02658,736.14,upi,Other,limit_exceeded,6,0,1,120,1,235.0,1
P01361,C00805,200.06,netbanking,HDFC,timeout,3,4,0,0,1,8.0,0
P01362,C00075,149.32,netbanking,Axis,bank_declined,8,0,0,0,0,,0
P01363,C02886,516.02,upi,HDFC,insufficient_funds,2,3,0,0,0,,0
P01364,C02176,2729.9,upi,Axis,limit_exceeded,2,5,1,60,1,160.0,1
P01365,C02090,251.43,upi,ICICI,network_error,5,5,0,0,0,,0
P01366,C01380,393.28,upi,HDFC,network_error,2,2,0,0,1,20.0,0
P01367,C00041,607.01,card,ICICI,insufficient_funds,3,1,0,0,0,,0
P01368,C02982,337.9,upi,HDFC,network_error,12,5,0,0,1,10.0,0
P01369,C02082,779.58,upi,ICICI,limit_exceeded,6,2,1,120,1,36.0,1
P01370,C01701,810.48,wallet,Other,bank_declined,5,0,0,0,0,,0
P01371,C01402,1449.63,upi,Other,timeout,1,4,1,60,0,,1
P01372,C00588,724.14,wallet,Axis,bank_declined,4,1,0,0,1,224.0,0
P01373,C01623,391.03,card,HDFC,bank_declined,5,3,0,0,0,,0
P01374,C00342,904.85,upi,HDFC,insufficient_funds,4,3,0,0,1,118.0,0
P01375,C02075,479.04,wallet,Axis,network_error,3,4,0,0,0,,0
P01376,C00646,378.45,upi,ICICI,bank_declined,4,1,0,0,0,,0
P01377,C00731,368.86,upi,HDFC,insufficient_funds,7,3,1,30,0,,1
P01378,C00168,348.66,upi,Axis,bank_declined,1,2,0,0,1,114.0,0
P01379,C00610,1056.26,netbanking,Axis,insufficient_funds,4,3,1,120,0,,1
P01380,C02316,1045.38,wallet,HDFC,bank_declined,3,0,1,60,1,91.0,1
P01381,C01773,600.34,upi,SBI,limit_exceeded,3,0,1,120,1,232.0,1
P01382,C02041,360.7,netbanking,ICICI,bank_declined,7,1,1,10,1,180.0,1
P01383,C02869,561.98,wallet,SBI,network_error,5,0,0,0,0,,0
P01384,C00455,294.56,card,SBI,insufficient_funds,3,5,1,60,0,,1
P01385,C02954,461.91,upi,ICICI,insufficient_funds,5,3,1,30,1,48.0,1
P01386,C01709,171.03,wallet,Other,bank_declined,3,1,1,60,0,,1
P01387,C02970,454.98,upi,HDFC,bank_declined,2,0,1,60,1,94.0,1
P01388,C00702,906.91,upi,Axis,timeout,6,4,0,0,1,105.0,0
P01389,C02682,339.47,upi,HDFC,bank_declined,4,2,0,0,0,,0
P01390,C01600,1012.65,card,SBI,insufficient_funds,7,1,0,0,0,,0
P01391,C00130,756.84,netbanking,Other,bank_declined,9,4,0,0,0,,0
P01392,C01846,668.54,upi,Other,insufficient_funds,5,1,1,60,1,144.0,1
P01393,C01387,332.32,upi,HDFC,limit_exceeded,5,3,0,0,0,,0
P01394,C02867,260.64,upi,SBI,insufficient_funds,0,3,1,10,1,75.0,1
P01395,C00693,994.78,upi,ICICI,insufficient_funds,5,1,1,30,1,107.0,1
P01396,C01395,216.35,card,Axis,bank_declined,2,0,0,0,0,,0
P01397,C00794,374.83,upi,Other,network_error,6,1,1,120,0,,1
P01398,C00029,585.46,card,Axis,bank_declined,6,2,0,0,0,,0
P01399,C00149,2671.33,upi,SBI,insufficient_funds,8,3,1,60,1,67.0,1
P01400,C01320,814.34,card,HDFC,timeout,3,3,0,0,0,,0
P01401,C02059,310.02,netbanking,SBI,timeout,6,2,0,0,1,83.0,0
P01402,C02724,486.7,upi,Other,bank_declined,5,6,1,10,1,41.0,1
P01403,C01137,418.49,card,HDFC,network_error,2,6,0,0,0,,0
P01404,C00187,619.86,netbanking,Axis,bank_declined,1,2,0,0,0,,0
P01405,C02855,990.65,card,Other,network_error,3,1,1,30,1,237.0,1
P01406,C02792,319.51,upi,HDFC,limit_exceeded,2,5,1,30,1,98.0,1
P01407,C01251,564.73,netbanking,HDFC,insufficient_funds,4,3,1,30,0,,1
P01408,C01334,976.09,card,Axis,timeout,3,3,1,120,1,231.0,1
P01409,C00098,213.02,card,SBI,timeout,4,1,0,0,0,,0
P01410,C00055,447.35,card,SBI,limit_exceeded,5,1,0,0,1,135.0,0
P01411,C02671,380.88,wallet,SBI,network_error,6,4,1,10,0,,1
P01412,C02712,486.08,netbanking,Other,bank_declined,2,3,1,120,1,188.0,1
P01413,C00758,104.27,card,HDFC,bank_declined,4,3,0,0,0,,0
P01414,C00406,301.1,card,ICICI,network_error,8,5,0,0,0,,0
P01415,C02117,112.46,upi,ICICI,insufficient_funds,4,1,1,120,0,,1
P01416,C01313,233.62,upi,Axis,bank_declined,4,1,1,60,0,,1
P01417,C01786,541.52,card,HDFC,timeout,5,1,1,10,0,,1
P01418,C00751,656.61,card,Other,network_error,4,2,1,10,1,68.0,1
P01419,C01763,373.95,netbanking,HDFC,insufficient_funds,4,3,1,10,0,,1
P01420,C00365,112.31,netbanking,Axis,bank_declined,3,3,1,60,1,86.0,1
P01421,C02027,326.77,card,ICICI,network_error,4,0,0,0,1,187.0,0
P01422,C00482,204.71,card,Other,timeout,4,1,1,120,0,,1
P01423,C02249,412.15,card,ICICI,insufficient_funds,1,3,1,60,0,,1
P01424,C00154,527.06,upi,SBI,bank_declined,9,1,0,0,1,123.0,0
P01425,C01525,159.48,card,Axis,limit_exceeded,5,1,1,30,1,50.0,1
P01426,C02121,376.78,card,ICICI,insufficient_funds,5,3,1,120,0,,1
P01427,C02761,105.39,upi,Other,network_error,5,2,0,0,0,,0
P01428,C02344,430.61,card,HDFC,insufficient_funds,2,2,1,60,1,125.0,1
P01429,C01041,429.47,card,Axis,bank_declined,2,0,1,30,0,,1
P01430,C01665,171.32,upi,ICICI,limit_exceeded,1,4,0,0,0,,0
P01431,C01241,179.09,upi,SBI,bank_declined,10,3,1,30,1,208.0,1
P01432,C00061,1695.72,netbanking,ICICI,network_error,1,2,0,0,0,,0
P01433,C00939,625.59,card,Other,insufficient_funds,5,0,1,120,1,47.0,1
P01434,C01640,302.1,card,SBI,bank_declined,3,0,0,0,0,,0
P01435,C02090,390.79,upi,SBI,insufficient_funds,0,2,0,0,0,,0
P01436,C00025,214.15,netbanking,Axis,network_error,3,0,1,10,0,,1
P01437,C01063,576.07,card,Other,bank_declined,7,1,0,0,1,187.0,0
P01438,C00131,454.37,card,Other,bank_declined,2,0,0,0,0,,0
P01439,C01253,821.02,card,SBI,limit_exceeded,8,0,0,0,1,158.0,0
P01440,C00108,1010.64,wallet,HDFC,insufficient_funds,3,0,1,120,1,165.0,1
P01441,C00172,1266.97,wallet,HDFC,timeout,5,2,0,0,1,146.0,0
P01442,C01459,899.53,upi,Axis,insufficient_funds,3,2,0,0,0,,0
P01443,C00102,423.44,card,Axis,timeout,3,4,0,0,0,,0
P01444,C02914,190.42,netbanking,Axis,bank_declined,2,1,1,30,0,,1
P01445,C02572,401.19,upi,Axis,timeout,0,4,1,10,0,,1
P01446,C02323,476.3,netbanking,SBI,timeout,5,2,0,0,0,,0
P01447,C01637,649.83,netbanking,Axis,network_error,1,2,0,0,1,134.0,0
P01448,C02865,332.7,card,HDFC,bank_declined,7,1,0,0,1,181.0,0
P01449,C01041,212.55,wallet,ICICI,network_error,1,1,1,30,0,,1
P01450,C00330,589.51,netbanking,HDFC,timeout,5,1,0,0,0,,0
P01451,C01521,2675.94,upi,Axis,network_error,4,4,0,0,0,,0
P01452,C00012,1337.69,upi,SBI,bank_declined,3,4,1,120,0,,1
P01453,C01342,1134.22,upi,Other,insufficient_funds,3,1,0,0,0,,0
P01454,C00216,380.51,upi,ICICI,limit_exceeded,1,1,1,30,1,220.0,1
P01455,C00339,291.23,upi,ICICI,bank_declined,4,0,0,0,0,,0
P01456,C01800,840.13,card,Axis,insufficient_funds,7,5,1,30,0,,1
P01457,C02709,1190.92,card,Axis,insufficient_funds,4,0,0,0,0,,0
P01458,C01751,410.06,upi,ICICI,timeout,8,2,0,0,1,5.0,0
P01459,C01509,327.32,wallet,SBI,network_error,2,0,1,120,0,,1
P01460,C02422,338.46,card,ICICI,insufficient_funds,6,3,1,30,1,88.0,1
P01461,C00710,572.52,upi,SBI,network_error,2,4,0,0,1,147.0,0
P01462,C01224,470.34,netbanking,HDFC,insufficient_funds,2,4,0,0,0,,0
P01463,C02514,497.81,card,Axis,bank_declined,3,1,0,0,1,181.0,0
P01464,C01113,1175.82,wallet,SBI,timeout,4,3,1,30,0,,1
P01465,C01292,903.33,upi,ICICI,insufficient_funds,7,2,1,120,0,,1
P01466,C00489,436.04,wallet,HDFC,insufficient_funds,3,2,1,10,1,206.0,1
P01467,C01562,492.41,netbanking,ICICI,insufficient_funds,4,2,0,0,1,46.0,0
P01468,C00047,1002.21,netbanking,HDFC,bank_declined,2,3,0,0,0,,0
P01469,C00778,713.33,card,Other,insufficient_funds,4,0,0,0,0,,0
P01470,C01040,1561.93,upi,HDFC,timeout,4,4,1,10,1,47.0,1
P01471,C00711,791.19,card,SBI,timeout,3,2,0,0,0,,0
P01472,C00401,590.55,netbanking,Other,insufficient_funds,3,4,1,60,1,144.0,1
P01473,C01818,349.15,upi,HDFC,bank_declined,3,3,0,0,0,,0
P01474,C00250,164.28,card,HDFC,network_error,5,0,0,0,1,185.0,0
P01475,C00391,1035.16,upi,SBI,timeout,1,1,0,0,0,,0
P01476,C00335,1043.18,card,Axis,limit_exceeded,5,2,1,10,0,,1
P01477,C00629,1280.26,netbanking,Axis,bank_declined,3,2,1,10,0,,1
P01478,C00137,209.79,upi,Axis,limit_exceeded,5,3,1,120,0,,1
P01479,C02931,644.11,card,Other,insufficient_funds,3,0,0,0,1,95.0,0
P01480,C02736,308.07,upi,Axis,insufficient_funds,2,2,0,0,0,,0
P01481,C01522,458.84,card,Other,timeout,2,2,0,0,0,,0
P01482,C00827,165.08,card,Axis,bank_declined,5,2,1,10,1,22.0,1
P01483,C00727,306.35,card,SBI,insufficient_funds,4,4,1,120,0,,1
P01484,C01501,458.25,wallet,Other,insufficient_funds,4,2,1,10,0,,1
P01485,C02642,649.48,upi,Axis,insufficient_funds,3,0,1,10,1,168.0,1
P01486,C00990,832.91,upi,ICICI,bank_declined,3,4,1,10,1,151.0,1
P01487,C02420,1500.59,upi,Axis,timeout,3,2,0,0,1,192.0,0
P01488,C00935,453.36,upi,ICICI,network_error,4,3,0,0,0,,0
P01489,C00402,354.55,card,ICICI,limit_exceeded,7,3,1,30,1,139.0,1
P01490,C01467,629.17,card,HDFC,network_error,3,0,1,30,0,,1
P01491,C00615,610.18,card,Axis,insufficient_funds,3,2,0,0,0,,0
P01492,C01297,225.68,card,HDFC,limit_exceeded,3,3,0,0,0,,0
P01493,C01183,210.22,upi,HDFC,network_error,4,1,0,0,1,76.0,0
P01494,C02668,2451.81,card,Other,bank_declined,1,1,1,120,0,,1
P01495,C02236,596.53,upi,ICICI,insufficient_funds,4,3,1,120,1,82.0,1
P01496,C01122,860.52,card,HDFC,insufficient_funds,1,2,1,30,1,81.0,1
P01497,C00131,732.72,upi,Axis,limit_exceeded,9,0,0,0,1,197.0,0
P01498,C02853,686.96,netbanking,SBI,bank_declined,6,3,0,0,0,,0
P01499,C01195,1197.12,card,Axis,bank_declined,3,2,0,0,1,102.0,0
P01500,C02984,2358.24,card,ICICI,timeout,7,1,1,10,1,55.0,1
P01501,C00183,728.53,card,Other,limit_exceeded,5,2,1,10,1,99.0,1
P01502,C00364,536.17,card,Axis,insufficient_funds,9,2,1,60,0,,1
P01503,C00039,1004.37,card,Axis,limit_exceeded,3,2,1,120,0,,1
P01504,C02545,420.86,card,HDFC,insufficient_funds,3,1,1,60,1,76.0,1
P01505,C01373,212.18,wallet,Axis,timeout,4,2,0,0,0,,0
P01506,C00921,778.33,netbanking,ICICI,limit_exceeded,6,3,0,0,0,,0
P01507,C02770,261.4,wallet,SBI,network_error,4,4,1,30,0,,1
P01508,C00016,284.15,upi,HDFC,network_error,7,1,0,0,0,,0
P01509,C00493,203.16,netbanking,Axis,network_error,5,4,0,0,0,,0
P01510,C01450,84.93,netbanking,SBI,bank_declined,1,2,1,120,1,197.0,1
P01511,C01132,195.55,netbanking,Axis,insufficient_funds,7,2,1,30,1,157.0,1
P01512,C02942,531.16,card,Other,insufficient_funds,2,2,0,0,0,,0
P01513,C00311,1141.66,upi,ICICI,limit_exceeded,3,4,0,0,0,,0
P01514,C00739,339.04,upi,Other,network_error,4,2,0,0,0,,0
P01515,C00546,303.36,upi,HDFC,network_error,3,2,1,120,0,,1
P01516,C02462,471.31,upi,SBI,bank_declined,3,4,1,10,0,,1
P01517,C00251,468.58,netbanking,Other,timeout,4,0,1,120,0,,1
P01518,C00759,473.82,wallet,Axis,bank_declined,4,1,1,10,0,,1
P01519,C01805,1036.06,netbanking,Other,insufficient_funds,5,1,1,60,0,,1
P01520,C01298,397.01,netbanking,SBI,bank_declined,5,3,1,60,1,185.0,1
P01521,C01632,349.8,upi,Axis,limit_exceeded,2,1,1,10,0,,1
P01522,C01915,497.41,upi,HDFC,limit_exceeded,4,1,0,0,1,132.0,0
P01523,C00814,777.64,upi,Other,limit_exceeded,3,0,1,10,1,164.0,1
P01524,C00029,3657.78,upi,ICICI,bank_declined,5,1,1,30,1,55.0,1
P01525,C00958,1672.55,netbanking,SBI,limit_exceeded,1,3,1,60,1,196.0,1
P01526,C02033,585.63,wallet,ICICI,bank_declined,8,3,1,10,0,,1
P01527,C00477,344.22,upi,Axis,insufficient_funds,1,0,0,0,0,,0
P01528,C00318,464.06,netbanking,ICICI,network_error,4,2,0,0,1,44.0,0
P01529,C00245,307.87,upi,SBI,limit_exceeded,4,3,0,0,0,,0
P01530,C00748,573.48,upi,SBI,timeout,2,0,0,0,0,,0
P01531,C00697,617.64,netbanking,ICICI,bank_declined,5,2,1,120,1,78.0,1
P01532,C00272,755.72,upi,ICICI,insufficient_funds,8,0,0,0,1,124.0,0
P01533,C01772,124.34,card,Axis,network_error,6,3,0,0,1,49.0,0
P01534,C01263,267.05,upi,ICICI,limit_exceeded,2,4,0,0,0,,0
P01535,C02425,1362.23,upi,SBI,insufficient_funds,3,2,0,0,1,185.0,0
P01536,C00266,227.83,card,ICICI,timeout,3,1,1,120,0,,1
P01537,C02974,287.91,card,HDFC,insufficient_funds,4,2,0,0,0,,0
P01538,C00921,392.66,wallet,SBI,limit_exceeded,3,2,1,120,0,,1
P01539,C00340,1332.75,netbanking,SBI,network_error,3,4,1,10,0,,1
P01540,C00389,783.93,upi,Axis,insufficient_funds,2,2,1,10,0,,1
P01541,C02625,405.64,netbanking,Axis,insufficient_funds,4,0,1,30,0,,1
P01542,C02051,356.91,card,Other,limit_exceeded,2,0,1,60,1,142.0,1
P01543,C01166,305.61,netbanking,Axis,network_error,6,1,0,0,1,127.0,0
P01544,C00376,204.61,upi,HDFC,bank_declined,1,1,1,120,0,,1
P01545,C02034,279.19,netbanking,Axis,insufficient_funds,4,1,1,10,0,,1
P01546,C02372,1690.63,upi,Other,insufficient_funds,4,0,0,0,1,11.0,0
P01547,C00146,1397.1,card,SBI,network_error,5,2,1,120,1,172.0,1
P01548,C01982,387.55,netbanking,Axis,timeout,4,0,0,0,0,,0
P01549,C00293,348.58,upi,Other,limit_exceeded,5,4,1,10,0,,1
P01550,C00432,1094.77,netbanking,Axis,network_error,2,3,1,60,0,,1
P01551,C00705,322.77,card,Axis,bank_declined,8,1,1,30,1,138.0,1
P01552,C02997,785.97,upi,SBI,network_error,5,3,1,60,0,,1
P01553,C01999,227.08,card,Other,network_error,3,1,0,0,0,,0
P01554,C02633,554.57,netbanking,Axis,insufficient_funds,2,1,1,120,0,,1
P01555,C00399,354.17,wallet,SBI,limit_exceeded,1,0,0,0,0,,0
P01556,C02865,679.44,card,Other,network_error,1,2,0,0,0,,0
P01557,C00964,1216.08,netbanking,ICICI,insufficient_funds,6,1,1,30,1,168.0,1
P01558,C02235,322.54,card,Other,limit_exceeded,3,2,0,0,1,198.0,0
P01559,C02042,233.65,netbanking,Axis,limit_exceeded,4,1,1,60,0,,1
P01560,C01829,399.93,card,Axis,limit_exceeded,6,2,1,30,0,,1
P01561,C02109,1256.71,card,Other,limit_exceeded,2,1,1,30,1,142.0,1
P01562,C00939,540.53,card,SBI,insufficient_funds,5,3,0,0,1,117.0,0
P01563,C00710,467.61,netbanking,Other,limit_exceeded,2,1,1,10,0,,1
P01564,C00807,1105.09,card,Axis,timeout,5,2,1,30,1,120.0,1
P01565,C01464,708.31,upi,Axis,network_error,2,3,1,30,1,71.0,1
P01566,C01326,2501.05,upi,HDFC,limit_exceeded,0,3,0,0,0,,0
P01567,C00011,229.57,upi,SBI,bank_declined,3,3,0,0,1,184.0,0
P01568,C01086,489.61,upi,HDFC,limit_exceeded,7,2,0,0,1,179.0,0
P01569,C01869,187.2,card,Axis,network_error,4,2,1,30,0,,1
P01570,C02274,229.65,netbanking,SBI,network_error,5,2,1,10,1,41.0,1
P01571,C02612,1235.79,card,SBI,network_error,0,2,1,30,0,,1
P01572,C00772,261.97,netbanking,SBI,timeout,4,3,1,120,0,,1
P01573,C01595,1474.51,upi,Other,bank_declined,6,2,0,0,0,,0
P01574,C01608,226.81,upi,Other,limit_exceeded,1,1,0,0,0,,0
P01575,C01334,461.84,card,Axis,insufficient_funds,7,3,1,120,1,113.0,1
P01576,C00885,213.63,card,SBI,limit_exceeded,6,2,0,0,1,227.0,0
P01577,C01390,779.4,upi,SBI,network_error,5,2,1,10,0,,1
P01578,C00226,568.55,card,SBI,limit_exceeded,6,5,0,0,0,,0
P01579,C00825,1188.53,upi,Other,bank_declined,5,2,0,0,1,112.0,0
P01580,C02266,889.6,upi,Axis,timeout,3,4,1,60,0,,1
P01581,C00937,537.16,card,SBI,network_error,4,1,0,0,0,,0
P01582,C02801,534.06,card,SBI,timeout,5,1,1,60,1,231.0,1
P01583,C02554,203.22,wallet,ICICI,bank_declined,3,1,1,120,0,,1
P01584,C02307,643.79,upi,HDFC,limit_exceeded,5,2,0,0,1,100.0,0
P01585,C01912,460.57,netbanking,Other,limit_exceeded,4,1,0,0,1,38.0,0
P01586,C01797,781.54,card,ICICI,bank_declined,3,1,0,0,0,,0
P01587,C00054,832.43,card,Axis,bank_declined,3,2,1,10,1,173.0,1
P01588,C00727,314.29,upi,HDFC,network_error,7,0,1,60,1,184.0,1
P01589,C02737,296.93,netbanking,Axis,insufficient_funds,5,1,0,0,1,51.0,0
P01590,C01545,520.05,upi,Other,bank_declined,6,2,0,0,0,,0
P01591,C01044,410.24,upi,Axis,limit_exceeded,7,1,0,0,1,212.0,0
P01592,C01914,177.28,card,SBI,bank_declined,7,4,1,120,1,33.0,1
P01593,C01777,244.08,wallet,SBI,timeout,5,4,0,0,0,,0
P01594,C01597,1046.05,upi,Axis,network_error,6,0,0,0,0,,0
P01595,C01915,674.41,card,Axis,bank_declined,3,2,0,0,1,165.0,0
P01596,C02467,483.53,upi,Axis,network_error,3,2,0,0,1,157.0,0
P01597,C02738,1182.23,card,Axis,limit_exceeded,3,2,0,0,1,152.0,0
P01598,C00850,471.93,upi,SBI,network_error,3,3,0,0,1,30.0,0
P01599,C02110,807.98,netbanking,ICICI,network_error,3,1,0,0,0,,0
P01600,C02264,480.17,card,ICICI,timeout,4,2,0,0,1,188.0,0
P01601,C00003,514.05,card,Axis,insufficient_funds,4,4,0,0,0,,0
P01602,C00160,4442.37,upi,Axis,insufficient_funds,4,3,0,0,1,150.0,0
P01603,C00781,303.1,upi,HDFC,insufficient_funds,3,1,1,30,0,,1
P01604,C00893,724.55,upi,Axis,insufficient_funds,4,1,1,30,0,,1
P01605,C02031,713.73,upi,ICICI,timeout,9,6,0,0,1,89.0,0
P01606,C02377,1102.11,card,Other,bank_declined,2,1,1,30,0,,1
P01607,C00580,468.36,upi,Other,insufficient_funds,2,2,1,30,0,,1
P01608,C01934,1999.74,wallet,Axis,network_error,3,5,1,120,1,43.0,1
P01609,C01381,382.72,netbanking,Axis,timeout,6,3,1,60,1,204.0,1
P01610,C01291,359.98,card,Other,insufficient_funds,4,2,1,120,1,14.0,1
P01611,C01641,889.23,upi,HDFC,bank_declined,6,3,0,0,1,189.0,0
P01612,C00952,1165.84,card,ICICI,insufficient_funds,4,5,1,10,0,,1
P01613,C02683,205.79,card,Axis,network_error,4,0,1,60,1,61.0,1
P01614,C00988,287.37,netbanking,Axis,insufficient_funds,6,1,0,0,0,,0
P01615,C01219,555.26,card,HDFC,timeout,5,1,1,120,1,219.0,1
P01616,C00921,747.23,netbanking,ICICI,insufficient_funds,3,1,1,10,0,,1
P01617,C02786,1266.48,upi,Axis,insufficient_funds,1,0,0,0,0,,0
P01618,C01356,534.18,netbanking,ICICI,limit_exceeded,6,2,0,0,0,,0
P01619,C00170,1105.67,card,ICICI,bank_declined,1,3,1,120,1,61.0,1
P01620,C00521,139.41,upi,Other,network_error,6,1,0,0,0,,0
P01621,C01487,212.57,card,Axis,insufficient_funds,1,2,0,0,1,28.0,0
P01622,C00040,490.1,card,Other,bank_declined,5,4,0,0,0,,0
P01623,C01561,1023.59,netbanking,ICICI,insufficient_funds,3,1,0,0,0,,0
P01624,C01419,393.27,netbanking,Axis,timeout,7,5,1,10,0,,1
P01625,C00955,401.91,netbanking,SBI,timeout,9,4,0,0,1,225.0,0
P01626,C00984,643.51,card,SBI,network_error,6,2,1,10,1,111.0,1
P01627,C00975,420.2,netbanking,HDFC,timeout,2,1,0,0,1,221.0,0
P01628,C00038,1316.19,netbanking,Other,bank_declined,6,2,0,0,1,49.0,0
P01629,C02376,528.15,card,ICICI,bank_declined,4,1,0,0,0,,0
P01630,C01275,2755.1,upi,SBI,insufficient_funds,5,2,0,0,1,26.0,0
P01631,C01200,547.97,upi,Axis,insufficient_funds,6,3,1,120,1,141.0,1
P01632,C01626,377.96,upi,ICICI,bank_declined,5,3,0,0,0,,0
P01633,C00914,524.43,netbanking,HDFC,timeout,5,1,1,30,0,,1
P01634,C00454,1059.99,upi,ICICI,network_error,9,2,0,0,1,14.0,0
P01635,C00037,439.15,card,HDFC,bank_declined,3,1,0,0,1,208.0,0
P01636,C01712,68.88,card,ICICI,limit_exceeded,5,4,1,60,1,153.0,1
P01637,C00796,353.65,upi,Axis,bank_declined,5,2,1,30,1,58.0,1
P01638,C00973,97.29,card,Other,bank_declined,6,4,1,30,0,,1
P01639,C00593,707.11,card,SBI,limit_exceeded,5,1,0,0,0,,0
P01640,C01138,224.81,upi,ICICI,insufficient_funds,4,4,0,0,0,,0
P01641,C01325,509.35,upi,ICICI,bank_declined,5,2,0,0,0,,0
P01642,C02272,175.93,card,Axis,bank_declined,6,5,1,120,0,,1
P01643,C00318,464.22,wallet,Axis,network_error,0,4,1,60,0,,1
P01644,C02397,554.96,netbanking,SBI,insufficient_funds,1,2,0,0,0,,0
P01645,C02163,348.58,upi,ICICI,bank_declined,6,2,0,0,0,,0
P01646,C02746,477.39,netbanking,Axis,insufficient_funds,0,4,1,30,0,,1
P01647,C01347,151.65,upi,Other,timeout,2,0,0,0,0,,0
P01648,C01592,508.49,upi,HDFC,timeout,5,0,1,10,0,,1
P01649,C01890,315.16,netbanking,HDFC,insufficient_funds,3,2,0,0,0,,0
P01650,C02088,524.26,card,Axis,bank_declined,8,2,0,0,1,54.0,0
P01651,C01997,452.92,netbanking,SBI,network_error,2,0,0,0,0,,0
P01652,C01773,416.78,upi,Axis,insufficient_funds,1,3,1,30,1,145.0,1
P01653,C01313,360.27,upi,Axis,limit_exceeded,2,4,0,0,0,,0
P01654,C01286,596.74,card,HDFC,network_error,2,2,0,0,0,,0
P01655,C00216,1583.0,upi,Axis,insufficient_funds,0,1,1,30,0,,1
P01656,C02384,448.83,upi,SBI,bank_declined,5,2,0,0,1,158.0,0
P01657,C02140,719.42,card,HDFC,limit_exceeded,3,6,0,0,1,150.0,0
P01658,C02401,1473.52,upi,HDFC,insufficient_funds,5,1,1,120,0,,1
P01659,C02619,653.14,upi,HDFC,insufficient_funds,5,2,0,0,1,110.0,0
P01660,C02864,835.56,netbanking,Other,insufficient_funds,4,1,1,60,1,72.0,1
P01661,C01705,270.39,upi,ICICI,insufficient_funds,6,1,0,0,0,,0
P01662,C02829,634.84,upi,Axis,insufficient_funds,1,2,1,60,0,,1
P01663,C00363,630.47,upi,Other,timeout,2,3,0,0,1,150.0,0
P01664,C02605,1708.92,upi,Axis,network_error,7,2,1,10,1,111.0,1
P01665,C01717,205.78,wallet,SBI,network_error,4,1,0,0,1,105.0,0
P01666,C01194,2256.33,card,ICICI,insufficient_funds,2,3,0,0,1,102.0,0
P01667,C00356,1101.91,card,Axis,bank_declined,2,1,1,60,1,93.0,1
P01668,C00191,968.69,upi,Axis,limit_exceeded,4,2,1,30,0,,1
P01669,C02470,220.51,upi,ICICI,insufficient_funds,5,4,1,60,0,,1
P01670,C00700,261.54,wallet,SBI,limit_exceeded,3,2,1,120,1,36.0,1
P01671,C02055,763.2,card,SBI,network_error,4,2,0,0,0,,0
P01672,C02181,114.86,upi,Axis,network_error,2,3,1,120,0,,1
P01673,C00557,171.77,card,ICICI,insufficient_funds,2,2,0,0,0,,0
P01674,C00826,860.22,upi,HDFC,network_error,3,3,1,120,1,61.0,1
P01675,C02809,1133.53,netbanking,HDFC,limit_exceeded,4,4,0,0,0,,0
P01676,C01055,2207.35,netbanking,Other,insufficient_funds,3,2,1,60,0,,1
P01677,C02583,389.93,netbanking,ICICI,insufficient_funds,2,1,1,60,1,45.0,1
P01678,C00426,268.62,upi,SBI,timeout,3,3,0,0,0,,0
P01679,C02720,287.86,upi,Other,network_error,1,4,1,30,0,,1
P01680,C02411,676.11,upi,SBI,network_error,5,0,0,0,0,,0
P01681,C01575,428.14,upi,Other,bank_declined,5,1,1,60,0,,1
P01682,C02130,190.88,netbanking,SBI,bank_declined,3,2,1,30,0,,1
P01683,C02404,711.47,card,Axis,bank_declined,5,1,0,0,1,29.0,0
P01684,C00589,240.32,upi,SBI,insufficient_funds,4,5,0,0,0,,0
P01685,C02013,829.92,upi,ICICI,timeout,1,1,1,120,0,,1
P01686,C01548,807.82,netbanking,Other,bank_declined,4,1,1,60,1,224.0,1
P01687,C00295,400.31,netbanking,HDFC,timeout,4,1,0,0,0,,0
P01688,C01986,601.77,card,Axis,limit_exceeded,3,3,1,10,0,,1
P01689,C01248,401.72,card,SBI,insufficient_funds,4,6,1,120,0,,1
P01690,C01549,468.93,wallet,HDFC,timeout,8,0,1,30,1,211.0,1
P01691,C01691,200.97,upi,Other,limit_exceeded,2,1,0,0,0,,0
P01692,C01137,45.77,card,Axis,timeout,1,1,0,0,0,,0
P01693,C01257,451.2,card,Axis,insufficient_funds,2,2,0,0,0,,0
P01694,C02065,245.66,wallet,Axis,limit_exceeded,7,0,1,60,1,8.0,1
P01695,C00360,270.83,card,HDFC,timeout,5,0,0,0,1,34.0,0
P01696,C02914,259.72,upi,Other,bank_declined,7,3,1,30,1,60.0,1
P01697,C00700,958.72,netbanking,SBI,network_error,3,4,1,30,0,,1
P01698,C00448,1046.34,upi,Other,timeout,2,1,1,10,0,,1
P01699,C02904,625.65,upi,Axis,insufficient_funds,7,4,1,120,0,,1
P01700,C02413,392.0,upi,Other,limit_exceeded,2,0,1,30,0,,1
P01701,C00675,621.17,netbanking,SBI,limit_exceeded,0,0,0,0,1,87.0,0
P01702,C01008,1062.89,upi,Other,bank_declined,4,1,1,120,0,,1
P01703,C01350,1576.6,card,Axis,timeout,1,0,1,30,1,220.0,1
P01704,C02515,290.26,card,Axis,bank_declined,1,2,1,10,0,,1
P01705,C02462,170.22,card,SBI,insufficient_funds,5,3,0,0,1,111.0,0
P01706,C00586,612.03,upi,ICICI,limit_exceeded,3,1,0,0,0,,0
P01707,C01257,140.22,upi,Other,insufficient_funds,2,1,1,120,0,,1
P01708,C01248,598.16,upi,Axis,insufficient_funds,6,0,0,0,0,,0
P01709,C00994,575.9,netbanking,Other,timeout,1,1,1,10,1,146.0,1
P01710,C01436,448.96,upi,SBI,insufficient_funds,3,2,1,60,0,,1
P01711,C00572,1725.08,upi,HDFC,network_error,5,5,0,0,0,,0
P01712,C02383,520.07,upi,HDFC,limit_exceeded,7,3,0,0,0,,0
P01713,C01246,725.61,card,Axis,bank_declined,4,1,0,0,0,,0
P01714,C02085,1107.32,netbanking,SBI,insufficient_funds,5,2,1,30,1,115.0,1
P01715,C00989,469.33,card,SBI,insufficient_funds,3,4,1,10,0,,1
P01716,C00278,373.89,upi,Other,limit_exceeded,5,1,0,0,1,223.0,0
P01717,C01220,382.05,upi,Axis,bank_declined,5,1,1,30,1,207.0,1
P01718,C02964,662.13,card,HDFC,network_error,5,2,1,120,0,,1
P01719,C01888,617.25,card,SBI,insufficient_funds,3,3,1,10,0,,1
P01720,C00484,1633.31,card,SBI,limit_exceeded,3,5,1,120,0,,1
P01721,C01266,315.98,netbanking,HDFC,network_error,4,3,1,30,0,,1
P01722,C00731,417.9,upi,Other,network_error,5,3,0,0,0,,0
P01723,C02240,961.08,netbanking,Other,network_error,4,4,0,0,0,,0
P01724,C01041,780.2,upi,Other,timeout,1,2,0,0,1,213.0,0
P01725,C02572,473.5,card,Other,insufficient_funds,6,4,0,0,0,,0
P01726,C00918,429.75,netbanking,Axis,limit_exceeded,1,3,1,120,0,,1
P01727,C02449,346.87,wallet,Other,insufficient_funds,3,0,1,120,0,,1
P01728,C00886,261.63,card,Other,insufficient_funds,3,1,0,0,0,,0
P01729,C02753,484.27,card,Axis,insufficient_funds,2,1,1,60,1,159.0,1
P01730,C00022,741.58,netbanking,SBI,insufficient_funds,4,0,0,0,0,,0
P01731,C00474,638.24,wallet,ICICI,bank_declined,2,2,1,10,1,122.0,1
P01732,C02258,465.14,netbanking,Other,insufficient_funds,4,1,0,0,1,108.0,0
P01733,C02354,615.79,card,ICICI,insufficient_funds,5,0,1,120,0,,1
P01734,C00704,252.8,upi,HDFC,limit_exceeded,0,2,0,0,1,234.0,0
P01735,C00687,732.75,upi,ICICI,limit_exceeded,6,1,0,0,1,45.0,0
P01736,C00285,180.88,upi,HDFC,bank_declined,6,4,0,0,0,,0
P01737,C00716,589.03,upi,ICICI,bank_declined,5,4,1,30,0,,1
P01738,C00763,745.51,card,Other,bank_declined,2,0,0,0,1,218.0,0
P01739,C01251,530.27,upi,ICICI,limit_exceeded,2,4,0,0,0,,0
P01740,C00948,494.99,netbanking,SBI,insufficient_funds,5,0,0,0,0,,0
P01741,C02429,234.82,upi,ICICI,network_error,6,0,1,30,0,,1
P01742,C02508,477.85,upi,HDFC,insufficient_funds,4,4,0,0,0,,0
P01743,C01031,1973.63,card,SBI,timeout,9,5,1,120,1,73.0,1
P01744,C00029,469.89,upi,ICICI,network_error,6,1,1,10,1,177.0,1
P01745,C00907,406.09,card,HDFC,bank_declined,3,2,1,10,1,89.0,1
P01746,C02927,158.96,card,HDFC,insufficient_funds,2,3,0,0,0,,0
P01747,C02127,636.33,netbanking,Other,timeout,4,2,0,0,0,,0
P01748,C02995,669.32,upi,HDFC,insufficient_funds,1,4,0,0,0,,0
P01749,C02507,353.15,upi,SBI,bank_declined,6,6,1,30,0,,1
P01750,C00570,415.19,wallet,Axis,bank_declined,2,4,1,60,1,221.0,1
P01751,C02007,194.3,upi,HDFC,network_error,1,0,1,120,1,17.0,1
P01752,C01454,537.17,upi,SBI,network_error,5,2,1,60,1,136.0,1
P01753,C00738,697.89,upi,Axis,bank_declined,2,1,1,60,1,87.0,1
P01754,C00516,101.46,upi,ICICI,bank_declined,3,1,0,0,0,,0
P01755,C02001,480.23,upi,HDFC,bank_declined,4,2,0,0,0,,0
P01756,C02445,1654.5,netbanking,Other,network_error,3,2,0,0,1,20.0,0
P01757,C00039,547.51,card,ICICI,limit_exceeded,5,3,1,10,1,102.0,1
P01758,C00887,695.28,upi,Other,insufficient_funds,3,2,1,10,1,35.0,1
P01759,C02845,1033.89,upi,SBI,network_error,5,1,0,0,1,114.0,0
P01760,C02205,733.65,card,SBI,insufficient_funds,3,2,1,60,0,,1
P01761,C01099,383.32,netbanking,Axis,network_error,4,2,1,60,0,,1
P01762,C02932,158.61,card,Other,network_error,3,2,1,10,0,,1
P01763,C01824,3268.16,upi,SBI,network_error,2,1,0,0,0,,0
P01764,C01711,830.6,card,Other,bank_declined,5,3,0,0,1,118.0,0
P01765,C00974,889.68,card,SBI,insufficient_funds,4,3,0,0,0,,0
P01766,C01563,1020.72,card,Other,bank_declined,4,3,0,0,1,7.0,0
P01767,C02897,1078.58,upi,Axis,insufficient_funds,2,4,1,120,1,228.0,1
P01768,C02796,859.92,netbanking,ICICI,bank_declined,4,4,0,0,1,53.0,0
P01769,C00989,502.75,upi,HDFC,timeout,3,1,1,120,1,186.0,1
P01770,C00021,393.94,wallet,SBI,bank_declined,3,0,0,0,0,,0
P01771,C02351,822.59,netbanking,Other,network_error,7,2,0,0,1,144.0,0
P01772,C00869,545.44,card,SBI,bank_declined,2,4,1,10,0,,1
P01773,C00084,533.33,card,SBI,insufficient_funds,1,1,0,0,0,,0
P01774,C01683,982.25,card,HDFC,network_error,6,1,0,0,0,,0
P01775,C01977,2138.33,upi,Axis,insufficient_funds,4,1,0,0,1,76.0,0
P01776,C01411,254.99,upi,HDFC,limit_exceeded,8,1,0,0,1,98.0,0
P01777,C01531,689.57,card,ICICI,timeout,3,2,0,0,0,,0
P01778,C00570,243.68,upi,ICICI,limit_exceeded,3,3,0,0,1,39.0,0
P01779,C00934,564.97,upi,ICICI,limit_exceeded,3,3,1,120,1,67.0,1
P01780,C01981,151.89,upi,ICICI,timeout,6,1,1,10,0,,1
P01781,C01856,302.45,upi,ICICI,timeout,4,4,0,0,0,,0
P01782,C00793,499.9,netbanking,Other,network_error,4,6,1,60,0,,1
P01783,C00792,1041.96,upi,SBI,insufficient_funds,6,3,1,120,1,236.0,1
P01784,C01810,174.82,wallet,Other,timeout,6,4,1,10,0,,1
P01785,C01295,667.43,netbanking,Other,bank_declined,3,2,1,60,0,,1
P01786,C02540,480.58,upi,HDFC,network_error,2,1,0,0,0,,0
P01787,C02256,1372.7,card,HDFC,timeout,3,2,1,10,1,38.0,1
P01788,C01608,371.29,card,Other,network_error,4,2,0,0,0,,0
P01789,C01084,667.76,card,ICICI,network_error,3,0,0,0,1,199.0,0
P01790,C02478,441.74,card,Axis,bank_declined,3,1,1,30,0,,1
P01791,C00985,248.69,card,SBI,timeout,3,0,0,0,1,89.0,0
P01792,C01681,330.13,netbanking,ICICI,limit_exceeded,4,1,0,0,1,56.0,0
P01793,C00520,290.15,upi,HDFC,bank_declined,4,2,1,60,1,128.0,1
P01794,C00591,145.18,card,Other,insufficient_funds,4,3,1,60,0,,1
P01795,C01051,1454.48,card,HDFC,network_error,3,2,0,0,0,,0
P01796,C01710,383.43,upi,SBI,bank_declined,3,1,1,60,1,118.0,1
P01797,C02036,688.49,upi,Other,bank_declined,2,2,0,0,0,,0
P01798,C02247,227.13,netbanking,Axis,insufficient_funds,7,4,1,120,1,116.0,1
P01799,C02435,509.0,upi,Other,network_error,1,2,1,10,1,70.0,1
P01800,C00349,702.43,card,HDFC,timeout,1,1,0,0,0,,0
P01801,C00960,523.72,card,ICICI,timeout,3,2,0,0,1,181.0,0
P01802,C01964,275.59,card,HDFC,limit_exceeded,4,2,1,30,0,,1
P01803,C00693,868.03,card,SBI,insufficient_funds,5,5,0,0,0,,0
P01804,C01560,117.46,netbanking,Axis,limit_exceeded,8,2,0,0,1,77.0,0
P01805,C00378,163.44,card,SBI,timeout,3,3,1,10,1,213.0,1
P01806,C02947,454.32,card,SBI,timeout,2,1,1,30,0,,1
P01807,C02964,92.12,upi,ICICI,network_error,4,1,1,120,1,32.0,1
P01808,C00527,284.46,card,HDFC,network_error,5,4,1,60,0,,1
P01809,C02782,354.27,wallet,ICICI,bank_declined,6,1,0,0,0,,0
P01810,C02254,1428.88,netbanking,ICICI,limit_exceeded,2,2,1,30,1,220.0,1
P01811,C02503,310.43,netbanking,Other,insufficient_funds,5,2,0,0,0,,0
P01812,C01260,341.88,card,HDFC,insufficient_funds,3,5,1,30,1,14.0,1
P01813,C01876,135.02,card,Other,insufficient_funds,2,0,1,30,0,,1
P01814,C01764,519.74,card,HDFC,timeout,5,3,0,0,0,,0
P01815,C00521,496.18,upi,ICICI,limit_exceeded,1,2,1,10,1,35.0,1
P01816,C01702,229.32,card,Axis,insufficient_funds,3,6,1,10,1,112.0,1
P01817,C01017,934.2,card,Other,insufficient_funds,4,1,1,10,0,,1
P01818,C02774,892.55,upi,HDFC,insufficient_funds,0,2,0,0,0,,0
P01819,C01014,333.11,card,Other,limit_exceeded,4,3,0,0,1,142.0,0
P01820,C02549,128.07,upi,HDFC,insufficient_funds,5,1,0,0,0,,0
P01821,C00117,232.64,upi,Other,insufficient_funds,2,2,0,0,0,,0
P01822,C02434,1442.44,wallet,Axis,insufficient_funds,2,1,0,0,0,,0
P01823,C01368,543.21,netbanking,HDFC,limit_exceeded,5,3,0,0,0,,0
P01824,C00584,288.23,card,Axis,insufficient_funds,4,1,1,10,1,171.0,1
P01825,C00395,1282.24,upi,Axis,limit_exceeded,4,2,1,120,1,78.0,1
P01826,C01088,432.82,upi,Axis,bank_declined,1,5,1,30,0,,1
P01827,C02769,497.38,netbanking,Other,bank_declined,5,0,0,0,0,,0
P01828,C00072,2626.95,upi,SBI,bank_declined,8,4,0,0,0,,0
P01829,C00274,938.99,card,ICICI,bank_declined,7,0,1,60,1,84.0,1
P01830,C02014,403.49,card,SBI,bank_declined,4,4,0,0,1,146.0,0
P01831,C01344,638.39,upi,SBI,timeout,6,0,0,0,0,,0
P01832,C00338,724.65,wallet,Other,network_error,6,1,0,0,1,22.0,0
P01833,C01390,875.74,netbanking,SBI,limit_exceeded,3,0,0,0,0,,0
P01834,C00607,238.5,upi,SBI,network_error,5,3,1,60,0,,1
P01835,C00166,1541.84,netbanking,Other,timeout,5,2,1,10,0,,1
P01836,C01568,1335.45,upi,ICICI,timeout,5,1,1,60,0,,1
P01837,C02059,257.17,upi,ICICI,bank_declined,8,2,0,0,1,210.0,0
P01838,C01325,487.8,upi,SBI,timeout,5,0,0,0,0,,0
P01839,C00729,519.22,upi,ICICI,insufficient_funds,4,2,0,0,1,134.0,0
P01840,C02849,551.27,upi,Other,insufficient_funds,3,3,1,30,1,25.0,1
P01841,C02044,847.96,upi,Axis,network_error,4,1,1,120,1,185.0,1
P01842,C00102,390.61,netbanking,HDFC,timeout,4,4,0,0,1,184.0,0
P01843,C01416,666.74,upi,Other,network_error,6,1,0,0,1,25.0,0
P01844,C00779,767.51,upi,ICICI,network_error,5,1,1,10,1,238.0,1
P01845,C00214,697.12,upi,SBI,insufficient_funds,7,1,1,120,1,93.0,1
P01846,C01112,687.43,card,ICICI,bank_declined,2,2,1,60,0,,1
P01847,C01577,726.66,card,SBI,network_error,3,5,1,30,1,171.0,1
P01848,C02449,572.78,upi,HDFC,insufficient_funds,2,4,0,0,1,109.0,0
P01849,C02636,128.69,netbanking,Axis,network_error,4,3,1,30,0,,1
P01850,C02937,242.3,upi,Axis,insufficient_funds,5,1,0,0,0,,0
P01851,C01696,199.27,card,Other,insufficient_funds,6,1,0,0,1,167.0,0
P01852,C00592,232.33,card,HDFC,bank_declined,6,2,0,0,1,37.0,0
P01853,C01334,246.51,upi,Other,bank_declined,1,1,1,60,1,155.0,1
P01854,C01110,1017.97,upi,HDFC,timeout,3,2,0,0,0,,0
P01855,C02140,1253.83,card,HDFC,bank_declined,4,1,1,10,1,54.0,1
P01856,C02721,772.96,netbanking,Axis,insufficient_funds,7,1,0,0,0,,0
P01857,C00714,245.86,card,HDFC,timeout,1,3,1,120,0,,1
P01858,C00936,258.38,upi,HDFC,bank_declined,6,1,1,120,0,,1
P01859,C01952,313.5,card,ICICI,network_error,1,1,1,60,1,39.0,1
P01860,C00242,295.1,upi,HDFC,network_error,2,3,0,0,0,,0
P01861,C02044,1241.92,netbanking,Axis,limit_exceeded,4,1,0,0,1,208.0,0
P01862,C00002,190.55,card,Axis,bank_declined,3,2,0,0,0,,0
P01863,C02273,613.83,netbanking,Axis,insufficient_funds,6,2,1,60,1,183.0,1
P01864,C02849,201.99,card,SBI,bank_declined,6,1,0,0,0,,0
P01865,C01769,697.3,wallet,Other,network_error,3,1,0,0,1,171.0,0
P01866,C01950,377.09,card,HDFC,insufficient_funds,5,1,1,30,0,,1
P01867,C02637,224.67,netbanking,SBI,bank_declined,5,4,1,60,1,207.0,1
P01868,C02164,333.4,card,Axis,network_error,1,0,1,60,1,118.0,1
P01869,C00918,699.46,card,Axis,insufficient_funds,4,3,1,60,0,,1
P01870,C02242,157.67,upi,Axis,limit_exceeded,4,3,1,30,0,,1
P01871,C02919,317.57,upi,HDFC,network_error,3,1,0,0,1,81.0,0
P01872,C00090,432.28,upi,SBI,bank_declined,6,1,0,0,1,195.0,0
P01873,C01710,188.03,upi,SBI,bank_declined,1,1,0,0,1,139.0,0
P01874,C02170,252.99,upi,ICICI,insufficient_funds,2,2,0,0,0,,0
P01875,C00143,1362.33,upi,Other,bank_declined,2,2,0,0,0,,0
P01876,C00106,195.21,upi,Axis,bank_declined,2,1,0,0,0,,0
P01877,C00887,338.68,upi,ICICI,insufficient_funds,2,3,0,0,1,157.0,0
P01878,C00428,691.68,card,HDFC,timeout,3,1,1,30,1,94.0,1
P01879,C01329,467.56,netbanking,ICICI,timeout,5,3,1,60,0,,1
P01880,C01896,330.33,netbanking,Axis,bank_declined,6,1,1,120,0,,1
P01881,C01995,853.42,card,ICICI,bank_declined,6,2,0,0,0,,0
P01882,C00317,115.17,upi,Axis,bank_declined,3,3,1,60,0,,1
P01883,C01987,804.13,upi,ICICI,insufficient_funds,5,2,0,0,1,122.0,0
P01884,C00635,253.48,upi,Axis,insufficient_funds,2,2,0,0,1,15.0,0
P01885,C01926,82.34,card,SBI,bank_declined,4,0,1,60,0,,1
P01886,C02057,2228.08,netbanking,ICICI,insufficient_funds,0,3,1,60,0,,1
P01887,C02822,505.81,netbanking,SBI,insufficient_funds,4,4,0,0,1,22.0,0
P01888,C02271,843.97,card,Other,insufficient_funds,3,3,1,30,1,83.0,1
P01889,C01440,1046.24,netbanking,Other,limit_exceeded,4,1,1,60,1,151.0,1
P01890,C00553,257.97,netbanking,Other,insufficient_funds,5,3,1,10,0,,1
P01891,C00716,410.72,upi,ICICI,bank_declined,4,3,0,0,1,95.0,0
P01892,C01288,480.64,card,Other,bank_declined,3,4,1,120,0,,1
P01893,C01714,301.27,card,SBI,network_error,4,4,1,10,1,80.0,1
P01894,C01884,1132.06,upi,SBI,insufficient_funds,5,1,0,0,1,31.0,0
P01895,C01108,1251.42,upi,Other,limit_exceeded,4,4,0,0,0,,0
P01896,C01342,450.04,upi,Other,insufficient_funds,8,4,0,0,0,,0
P01897,C00111,698.69,netbanking,HDFC,limit_exceeded,5,3,0,0,1,81.0,0
P01898,C00251,896.26,wallet,HDFC,bank_declined,5,3,1,30,1,163.0,1
P01899,C02431,600.09,netbanking,ICICI,insufficient_funds,5,2,1,10,1,143.0,1
P01900,C02055,329.19,wallet,HDFC,limit_exceeded,6,0,1,120,1,76.0,1
P01901,C00459,86.63,upi,SBI,bank_declined,4,2,1,10,0,,1
P01902,C01108,526.43,card,SBI,limit_exceeded,5,3,1,60,0,,1
P01903,C00208,859.72,card,ICICI,timeout,7,1,0,0,0,,0
P01904,C00900,254.49,card,ICICI,insufficient_funds,3,4,1,30,0,,1
P01905,C00022,555.65,upi,Axis,timeout,3,3,0,0,0,,0
P01906,C00410,673.11,card,HDFC,insufficient_funds,4,1,0,0,0,,0
P01907,C00895,675.7,card,Axis,network_error,3,4,0,0,1,222.0,0
P01908,C00515,537.77,netbanking,Other,bank_declined,10,2,1,10,0,,1
P01909,C00809,244.8,wallet,SBI,bank_declined,2,2,1,30,1,18.0,1
P01910,C00874,1146.21,card,ICICI,timeout,5,0,0,0,1,68.0,0
P01911,C00014,477.51,card,Other,network_error,3,8,0,0,0,,0
P01912,C00971,338.34,upi,Axis,bank_declined,4,0,1,30,1,113.0,1
P01913,C02135,156.13,card,Other,insufficient_funds,5,5,0,0,1,147.0,0
P01914,C02957,653.91,netbanking,Other,insufficient_funds,3,0,0,0,1,166.0,0
P01915,C01561,2750.26,upi,ICICI,timeout,6,3,1,10,1,91.0,1
P01916,C01325,417.89,card,HDFC,limit_exceeded,5,2,1,60,0,,1
P01917,C01267,350.34,upi,ICICI,timeout,7,2,1,60,1,65.0,1
P01918,C02170,488.43,card,ICICI,insufficient_funds,1,2,0,0,1,112.0,0
P01919,C00750,467.39,wallet,HDFC,insufficient_funds,2,1,0,0,1,19.0,0
P01920,C00685,380.96,upi,HDFC,network_error,3,1,1,10,1,168.0,1
P01921,C01928,2106.65,wallet,ICICI,network_error,4,5,1,10,1,97.0,1
P01922,C02357,508.3,card,HDFC,network_error,4,3,1,60,0,,1
P01923,C00695,197.92,card,SBI,limit_exceeded,5,3,1,60,0,,1
P01924,C02336,216.08,upi,Other,insufficient_funds,6,2,1,10,0,,1
P01925,C00307,1093.85,netbanking,Other,insufficient_funds,6,3,0,0,1,126.0,0
P01926,C01990,601.16,upi,Axis,limit_exceeded,4,2,1,60,0,,1
P01927,C02962,385.25,netbanking,ICICI,timeout,3,3,1,120,1,80.0,1
P01928,C00662,363.45,card,Other,timeout,3,1,0,0,0,,0
P01929,C00549,802.72,card,Other,bank_declined,7,2,1,120,0,,1
P01930,C00312,283.6,card,Other,network_error,6,3,1,60,1,213.0,1
P01931,C02921,443.76,upi,HDFC,timeout,3,3,1,60,0,,1
P01932,C01083,820.67,netbanking,HDFC,network_error,4,1,1,30,0,,1
P01933,C02972,292.88,upi,Other,timeout,3,1,1,10,0,,1
P01934,C01738,1200.23,card,SBI,network_error,6,2,1,30,1,51.0,1
P01935,C00755,156.6,upi,HDFC,limit_exceeded,5,2,1,10,0,,1
P01936,C00035,506.09,card,Other,bank_declined,5,5,1,120,0,,1
P01937,C00445,519.73,upi,Axis,insufficient_funds,2,3,0,0,0,,0
P01938,C02141,111.41,card,Other,insufficient_funds,1,1,0,0,0,,0
P01939,C01983,292.99,netbanking,ICICI,limit_exceeded,8,2,0,0,0,,0
P01940,C01231,748.14,netbanking,Other,bank_declined,3,3,0,0,0,,0
P01941,C00353,297.51,upi,ICICI,insufficient_funds,6,5,0,0,0,,0
P01942,C00903,409.46,card,Axis,insufficient_funds,2,5,0,0,1,15.0,0
P01943,C01356,370.71,card,Axis,insufficient_funds,6,2,0,0,1,237.0,0
P01944,C02910,974.31,card,SBI,insufficient_funds,4,1,1,10,1,116.0,1
P01945,C01749,626.31,upi,Other,limit_exceeded,2,5,1,120,0,,1
P01946,C00159,359.59,card,HDFC,bank_declined,3,3,1,120,0,,1
P01947,C01978,298.36,netbanking,SBI,bank_declined,3,1,1,60,0,,1
P01948,C00957,903.59,netbanking,SBI,network_error,5,4,1,60,1,87.0,1
P01949,C02072,545.11,card,ICICI,network_error,3,3,0,0,1,231.0,0
P01950,C00404,997.46,upi,SBI,limit_exceeded,4,1,1,10,0,,1
P01951,C02853,759.27,upi,SBI,timeout,6,0,1,60,1,29.0,1
P01952,C00516,50.02,upi,SBI,insufficient_funds,6,4,0,0,1,77.0,0
P01953,C02780,1043.72,card,ICICI,limit_exceeded,7,1,1,60,0,,1
P01954,C01388,537.75,card,Axis,timeout,6,1,0,0,0,,0
P01955,C02580,585.38,netbanking,SBI,bank_declined,3,1,1,60,0,,1
P01956,C00956,120.99,card,Axis,bank_declined,2,1,0,0,1,159.0,0
P01957,C02200,350.36,upi,Axis,limit_exceeded,2,2,0,0,0,,0
P01958,C01713,513.26,netbanking,ICICI,insufficient_funds,6,2,1,30,0,,1
P01959,C02995,200.7,upi,Axis,insufficient_funds,4,2,1,30,1,197.0,1
P01960,C00608,1247.7,wallet,ICICI,bank_declined,4,4,1,120,0,,1
P01961,C02468,830.93,upi,SBI,network_error,1,3,0,0,0,,0
P01962,C01274,372.01,card,HDFC,bank_declined,5,1,1,30,0,,1
P01963,C02914,1753.99,netbanking,ICICI,bank_declined,4,6,1,10,0,,1
P01964,C01536,638.34,card,HDFC,bank_declined,2,3,1,60,1,126.0,1
P01965,C02626,1287.73,wallet,SBI,insufficient_funds,5,2,0,0,0,,0
P01966,C02383,278.33,upi,HDFC,network_error,5,5,0,0,0,,0
P01967,C01442,688.58,wallet,Other,bank_declined,8,0,1,10,1,231.0,1
P01968,C02980,1261.13,card,Other,bank_declined,1,3,1,60,0,,1
P01969,C01798,1128.71,card,SBI,insufficient_funds,3,2,1,120,1,160.0,1
P01970,C00295,998.52,card,Axis,network_error,4,5,1,30,1,67.0,1
P01971,C00755,1177.36,card,Axis,network_error,6,0,1,30,1,103.0,1
P01972,C01395,1435.32,netbanking,ICICI,limit_exceeded,1,1,0,0,0,,0
P01973,C00186,97.96,card,Other,insufficient_funds,1,3,0,0,0,,0
P01974,C01270,365.63,upi,ICICI,limit_exceeded,4,3,1,120,0,,1
P01975,C00637,145.52,upi,SBI,bank_declined,2,2,1,120,0,,1
P01976,C01292,146.91,upi,HDFC,timeout,4,1,1,120,1,223.0,1
P01977,C00530,342.07,netbanking,Other,limit_exceeded,4,0,1,10,0,,1
P01978,C02069,365.0,card,Axis,limit_exceeded,4,1,1,30,1,131.0,1
P01979,C02959,1277.3,card,ICICI,bank_declined,4,2,1,120,0,,1
P01980,C02915,213.97,card,HDFC,bank_declined,6,1,1,60,0,,1
P01981,C00794,558.6,card,Axis,bank_declined,4,5,0,0,0,,0
P01982,C02148,1507.47,upi,Axis,network_error,5,2,1,120,1,195.0,1
P01983,C02800,442.72,wallet,SBI,network_error,3,1,1,30,0,,1
P01984,C00478,1932.07,upi,Axis,network_error,1,4,1,60,0,,1
P01985,C01623,132.59,upi,Axis,insufficient_funds,2,1,1,120,0,,1
P01986,C00940,271.92,netbanking,Axis,network_error,3,1,1,60,1,69.0,1
P01987,C00526,1451.06,wallet,HDFC,insufficient_funds,4,3,0,0,0,,0
P01988,C02382,306.73,wallet,HDFC,timeout,6,2,0,0,1,145.0,0
P01989,C00002,416.59,netbanking,Axis,limit_exceeded,4,0,0,0,1,128.0,0
P01990,C00375,1587.56,upi,SBI,timeout,5,1,0,0,0,,0
P01991,C02341,784.54,card,Axis,network_error,1,0,0,0,0,,0
P01992,C02885,155.86,upi,Other,insufficient_funds,7,1,0,0,1,175.0,0
P01993,C00553,759.03,card,Other,insufficient_funds,4,3,1,10,1,175.0,1
P01994,C02366,300.44,card,ICICI,bank_declined,2,3,1,10,1,190.0,1
P01995,C01526,348.86,wallet,Other,limit_exceeded,4,1,1,120,1,145.0,1
P01996,C01852,461.57,upi,ICICI,bank_declined,1,2,1,60,0,,1
P01997,C00381,328.68,upi,ICICI,timeout,4,2,0,0,0,,0
P01998,C01647,694.31,upi,ICICI,insufficient_funds,7,5,1,120,1,221.0,1
P01999,C00014,267.69,upi,ICICI,network_error,5,6,0,0,1,117.0,0
P02000,C00504,609.48,upi,Axis,timeout,5,3,1,60,1,34.0,1
P02001,C02279,836.92,wallet,HDFC,network_error,7,3,0,0,0,,0
P02002,C02009,470.41,netbanking,Other,timeout,5,0,0,0,0,,0
P02003,C00130,517.21,card,Other,timeout,2,3,0,0,1,36.0,0
P02004,C00838,524.93,card,Other,bank_declined,6,2,0,0,0,,0
P02005,C02939,539.22,upi,ICICI,limit_exceeded,5,4,0,0,0,,0
P02006,C02041,458.42,upi,SBI,bank_declined,1,5,1,10,1,13.0,1
P02007,C00028,443.22,netbanking,HDFC,bank_declined,3,4,0,0,1,171.0,0
P02008,C02114,452.46,netbanking,SBI,network_error,1,4,1,10,1,163.0,1
P02009,C01253,561.3,netbanking,SBI,insufficient_funds,4,1,1,10,1,19.0,1
P02010,C00261,364.07,netbanking,Other,network_error,9,1,1,60,1,40.0,1
P02011,C02047,444.73,netbanking,SBI,bank_declined,4,0,1,10,1,34.0,1
P02012,C01473,986.52,card,Axis,bank_declined,3,4,1,10,1,209.0,1
P02013,C01448,2007.63,netbanking,SBI,network_error,1,1,0,0,0,,0
P02014,C00460,2759.35,card,SBI,bank_declined,7,4,1,120,1,217.0,1
P02015,C00301,541.13,wallet,Other,limit_exceeded,5,2,0,0,0,,0
P02016,C02967,239.42,netbanking,SBI,bank_declined,6,2,0,0,0,,0
P02017,C02335,415.52,card,ICICI,bank_declined,5,0,1,30,0,,1
P02018,C00630,545.68,netbanking,HDFC,limit_exceeded,4,3,1,30,0,,1
P02019,C00270,1051.05,upi,Axis,bank_declined,2,4,1,60,0,,1
P02020,C02640,298.2,wallet,HDFC,insufficient_funds,2,1,1,60,1,198.0,1
P02021,C01994,451.77,upi,ICICI,limit_exceeded,5,3,0,0,1,48.0,0
P02022,C01629,242.83,card,SBI,limit_exceeded,6,2,0,0,0,,0
P02023,C01802,1581.96,card,Other,insufficient_funds,3,5,1,30,1,115.0,1
P02024,C02892,720.45,upi,HDFC,limit_exceeded,1,1,1,30,1,118.0,1
P02025,C00862,384.39,upi,SBI,bank_declined,2,5,0,0,1,125.0,0
P02026,C01281,515.36,card,HDFC,insufficient_funds,5,0,1,60,1,49.0,1
P02027,C02181,191.54,upi,SBI,network_error,5,4,0,0,1,37.0,0
P02028,C01800,677.41,upi,Other,timeout,6,1,0,0,1,230.0,0
P02029,C01707,645.27,netbanking,ICICI,bank_declined,4,1,1,60,1,69.0,1
P02030,C02561,142.6,card,HDFC,network_error,3,3,1,10,1,185.0,1
P02031,C02361,295.73,upi,Axis,insufficient_funds,5,0,0,0,1,44.0,0
P02032,C00576,399.72,upi,ICICI,timeout,1,0,1,30,1,100.0,1
P02033,C02934,402.47,upi,Other,insufficient_funds,3,0,0,0,1,142.0,0
P02034,C02004,345.63,netbanking,Axis,insufficient_funds,7,3,1,30,0,,1
P02035,C01308,538.73,upi,SBI,limit_exceeded,1,1,1,30,1,45.0,1
P02036,C01957,1307.69,upi,HDFC,limit_exceeded,5,3,1,30,0,,1
P02037,C02735,688.99,upi,Axis,network_error,5,0,1,10,1,175.0,1
P02038,C02021,1124.12,card,ICICI,insufficient_funds,3,6,1,30,0,,1
P02039,C02213,635.94,card,Axis,network_error,5,2,1,60,1,211.0,1
P02040,C02353,394.1,card,Other,limit_exceeded,2,3,1,30,1,166.0,1
P02041,C01656,435.27,upi,Axis,network_error,4,2,0,0,0,,0
P02042,C01580,864.31,upi,HDFC,insufficient_funds,3,2,0,0,0,,0
P02043,C01848,719.43,netbanking,HDFC,limit_exceeded,5,3,0,0,1,17.0,0
P02044,C02204,1252.9,wallet,SBI,limit_exceeded,3,1,0,0,0,,0
P02045,C01391,495.16,upi,Axis,network_error,2,3,1,120,0,,1
P02046,C01743,185.53,card,Axis,limit_exceeded,1,2,0,0,1,186.0,0
P02047,C01926,429.94,card,Other,insufficient_funds,6,0,0,0,0,,0
P02048,C00620,173.34,card,HDFC,bank_declined,1,4,0,0,0,,0
P02049,C01275,448.46,wallet,ICICI,insufficient_funds,6,0,1,30,1,40.0,1
P02050,C00957,216.68,wallet,SBI,timeout,2,2,1,10,1,68.0,1
P02051,C01940,461.65,card,Axis,limit_exceeded,3,3,1,30,0,,1
P02052,C02382,546.31,upi,SBI,limit_exceeded,3,0,1,30,0,,1
P02053,C00969,452.72,upi,Axis,network_error,7,2,1,30,1,141.0,1
P02054,C02559,406.31,card,Axis,network_error,3,3,0,0,0,,0
P02055,C01317,376.64,upi,Other,limit_exceeded,6,2,1,60,1,29.0,1
P02056,C01044,1089.52,netbanking,Axis,timeout,5,0,0,0,0,,0
P02057,C00282,600.28,netbanking,SBI,insufficient_funds,9,1,1,10,0,,1
P02058,C02845,169.97,netbanking,SBI,insufficient_funds,6,5,0,0,0,,0
P02059,C02167,540.79,card,Other,limit_exceeded,7,2,1,60,1,172.0,1
P02060,C01059,1425.71,card,Other,bank_declined,3,2,0,0,0,,0
P02061,C00198,356.73,wallet,SBI,insufficient_funds,4,3,1,30,1,149.0,1
P02062,C02533,376.41,card,SBI,timeout,4,0,0,0,1,128.0,0
P02063,C01083,766.85,upi,Axis,limit_exceeded,7,3,1,120,1,10.0,1
P02064,C02885,270.8,card,HDFC,insufficient_funds,6,4,0,0,1,142.0,0
P02065,C01185,215.61,card,SBI,bank_declined,6,0,0,0,0,,0
P02066,C01009,164.77,card,ICICI,limit_exceeded,4,2,0,0,0,,0
P02067,C02739,793.02,card,HDFC,insufficient_funds,2,7,1,120,0,,1
P02068,C01230,905.65,netbanking,ICICI,limit_exceeded,4,1,0,0,0,,0
P02069,C01036,327.11,card,HDFC,insufficient_funds,3,2,1,60,0,,1
P02070,C00490,219.59,upi,SBI,insufficient_funds,3,3,1,60,0,,1
P02071,C00276,905.99,wallet,Other,limit_exceeded,4,1,0,0,0,,0
P02072,C02741,451.24,wallet,Other,insufficient_funds,4,0,0,0,1,219.0,0
P02073,C02290,120.92,upi,SBI,insufficient_funds,2,0,0,0,0,,0
P02074,C01240,639.25,card,HDFC,timeout,4,6,1,30,1,200.0,1
P02075,C01275,604.22,card,SBI,network_error,6,4,0,0,0,,0
P02076,C00126,1302.36,netbanking,HDFC,bank_declined,1,2,1,30,0,,1
P02077,C00217,886.74,wallet,SBI,timeout,5,3,0,0,0,,0
P02078,C01209,922.49,card,ICICI,timeout,5,2,0,0,1,12.0,0
P02079,C01247,266.59,netbanking,SBI,limit_exceeded,2,2,1,60,1,204.0,1
P02080,C02543,191.14,card,HDFC,insufficient_funds,3,2,0,0,0,,0
P02081,C02475,705.42,card,Axis,network_error,2,5,0,0,1,156.0,0
P02082,C00919,499.16,upi,Other,network_error,4,2,1,30,1,195.0,1
P02083,C01318,774.69,card,Axis,insufficient_funds,6,3,0,0,1,195.0,0
P02084,C02199,538.05,upi,SBI,network_error,4,0,0,0,1,42.0,0
P02085,C02432,1354.58,upi,HDFC,insufficient_funds,2,0,1,120,1,182.0,1
P02086,C01662,364.37,card,Other,bank_declined,5,2,1,30,1,184.0,1
P02087,C00308,507.42,upi,SBI,insufficient_funds,2,1,1,120,0,,1
P02088,C01360,316.33,card,Axis,network_error,5,1,0,0,0,,0
P02089,C01970,267.07,netbanking,Other,insufficient_funds,4,2,1,30,0,,1
P02090,C02794,1245.74,upi,SBI,timeout,7,3,1,30,0,,1
P02091,C00892,455.16,wallet,Other,insufficient_funds,7,4,1,30,0,,1
P02092,C00375,2767.47,card,ICICI,timeout,2,1,1,60,0,,1
P02093,C02034,192.39,netbanking,Other,insufficient_funds,4,4,1,60,0,,1
P02094,C01365,527.44,card,ICICI,bank_declined,5,1,0,0,0,,0
P02095,C00129,551.4,upi,Other,network_error,3,3,0,0,1,64.0,0
P02096,C01015,1179.48,card,Other,insufficient_funds,4,1,1,120,0,,1
P02097,C01800,265.79,upi,Other,timeout,1,3,1,30,1,174.0,1
P02098,C02717,324.66,upi,ICICI,limit_exceeded,7,2,0,0,0,,0
P02099,C01382,183.05,card,SBI,bank_declined,3,0,0,0,0,,0
P02100,C00517,1374.07,netbanking,Axis,insufficient_funds,4,2,0,0,0,,0
P02101,C01519,147.65,netbanking,Other,bank_declined,5,2,1,10,1,204.0,1
P02102,C00086,536.33,card,Axis,limit_exceeded,5,2,1,120,0,,1
P02103,C01199,2830.85,netbanking,Axis,network_error,3,1,1,120,1,9.0,1
P02104,C02359,1092.7,card,Other,timeout,3,4,0,0,0,,0
P02105,C01143,1166.81,netbanking,ICICI,timeout,3,0,0,0,1,61.0,0
P02106,C02475,1635.26,upi,HDFC,limit_exceeded,3,1,0,0,1,119.0,0
P02107,C01994,556.25,card,HDFC,insufficient_funds,3,1,0,0,0,,0
P02108,C02162,553.76,upi,HDFC,network_error,4,4,1,10,1,8.0,1
P02109,C00303,491.74,upi,Other,limit_exceeded,3,4,0,0,0,,0
P02110,C02792,466.86,upi,Axis,timeout,6,4,0,0,0,,0
P02111,C00588,320.94,upi,HDFC,insufficient_funds,1,2,0,0,1,136.0,0
P02112,C00987,1297.07,netbanking,Other,limit_exceeded,0,3,1,60,0,,1
P02113,C01864,340.79,card,Other,bank_declined,6,1,0,0,0,,0
P02114,C00345,404.36,card,Other,bank_declined,7,1,0,0,0,,0
P02115,C00814,194.98,upi,ICICI,insufficient_funds,9,2,0,0,0,,0
P02116,C01988,881.1,upi,SBI,limit_exceeded,6,1,1,30,1,69.0,1
P02117,C02849,1502.39,card,ICICI,insufficient_funds,4,2,0,0,0,,0
P02118,C01311,103.37,card,Axis,limit_exceeded,1,2,1,30,1,184.0,1
P02119,C02000,1455.84,card,Other,bank_declined,1,2,1,120,1,113.0,1
P02120,C01678,826.09,upi,ICICI,timeout,5,3,0,0,0,,0
P02121,C01328,1199.06,card,HDFC,insufficient_funds,0,2,0,0,1,134.0,0
P02122,C01093,639.94,upi,SBI,bank_declined,4,0,0,0,1,38.0,0
P02123,C02409,750.21,upi,Other,insufficient_funds,2,0,0,0,1,14.0,0
P02124,C01010,621.75,upi,ICICI,limit_exceeded,2,4,0,0,0,,0
P02125,C00704,244.81,netbanking,HDFC,bank_declined,0,0,0,0,0,,0
P02126,C00575,452.7,upi,HDFC,timeout,7,1,0,0,1,128.0,0
P02127,C01609,349.74,upi,ICICI,limit_exceeded,5,2,0,0,0,,0
P02128,C01113,1053.77,upi,ICICI,insufficient_funds,5,3,1,10,0,,1
P02129,C00688,408.05,netbanking,Axis,network_error,2,4,0,0,0,,0
P02130,C02829,693.68,card,Other,insufficient_funds,7,1,0,0,1,179.0,0
P02131,C02633,230.08,upi,HDFC,insufficient_funds,4,3,0,0,1,71.0,0
P02132,C02637,1790.1,card,Axis,network_error,6,1,1,120,0,,1
P02133,C00489,591.55,card,HDFC,insufficient_funds,8,1,0,0,0,,0
P02134,C01348,191.03,card,ICICI,bank_declined,3,0,1,30,0,,1
P02135,C00494,999.43,upi,HDFC,insufficient_funds,1,2,1,120,0,,1
P02136,C01668,587.37,upi,HDFC,insufficient_funds,5,4,1,10,1,211.0,1
P02137,C01638,857.32,card,Other,network_error,3,1,0,0,1,88.0,0
P02138,C00019,4466.71,card,ICICI,network_error,1,0,1,30,1,148.0,1
P02139,C02445,1098.82,netbanking,HDFC,insufficient_funds,2,1,0,0,1,193.0,0
P02140,C01001,1059.76,card,SBI,network_error,6,2,1,10,1,124.0,1
P02141,C00851,384.26,netbanking,Axis,network_error,4,6,0,0,1,47.0,0
P02142,C01389,531.18,card,HDFC,network_error,5,2,1,120,1,79.0,1
P02143,C01355,383.93,card,HDFC,timeout,4,2,1,30,0,,1
P02144,C01368,196.91,upi,Axis,limit_exceeded,6,1,1,60,0,,1
P02145,C00822,364.91,netbanking,HDFC,network_error,3,1,1,120,1,45.0,1
P02146,C00455,1090.79,netbanking,ICICI,bank_declined,1,6,1,10,0,,1
P02147,C01625,643.81,upi,HDFC,insufficient_funds,4,3,1,60,0,,1
P02148,C02773,217.76,netbanking,ICICI,insufficient_funds,3,1,0,0,0,,0
P02149,C00711,456.92,upi,ICICI,network_error,5,1,0,0,1,187.0,0
P02150,C02191,284.32,netbanking,ICICI,limit_exceeded,2,3,0,0,1,19.0,0
P02151,C00917,682.9,netbanking,Axis,bank_declined,4,0,1,30,1,225.0,1
P02152,C02876,305.24,wallet,ICICI,insufficient_funds,5,3,0,0,1,225.0,0
P02153,C02653,334.12,card,HDFC,bank_declined,4,1,1,60,0,,1
P02154,C01497,200.36,card,Other,insufficient_funds,2,5,0,0,0,,0
P02155,C01441,1580.09,card,ICICI,network_error,4,1,0,0,1,175.0,0
P02156,C00305,475.05,upi,HDFC,insufficient_funds,4,2,0,0,1,176.0,0
P02157,C00736,455.19,upi,HDFC,limit_exceeded,3,1,1,120,0,,1
P02158,C02339,622.39,card,SBI,limit_exceeded,4,0,1,30,1,215.0,1
P02159,C01964,654.94,upi,HDFC,insufficient_funds,6,0,0,0,0,,0
P02160,C02150,304.99,upi,SBI,insufficient_funds,4,1,0,0,1,40.0,0
P02161,C02010,581.45,upi,HDFC,limit_exceeded,5,1,0,0,1,84.0,0
P02162,C02915,525.57,card,ICICI,timeout,7,2,0,0,0,,0
P02163,C02890,1007.44,wallet,SBI,limit_exceeded,4,1,1,10,1,132.0,1
P02164,C00962,834.05,card,SBI,bank_declined,3,2,0,0,1,239.0,0
P02165,C02990,489.52,wallet,SBI,insufficient_funds,3,1,0,0,0,,0
P02166,C01027,501.15,card,ICICI,network_error,10,1,1,30,1,216.0,1
P02167,C02133,424.71,card,Other,limit_exceeded,6,2,1,30,0,,1
P02168,C02376,531.76,upi,ICICI,insufficient_funds,3,1,1,120,1,166.0,1
P02169,C02864,481.65,upi,Other,timeout,1,1,0,0,0,,0
P02170,C01474,550.69,card,ICICI,bank_declined,0,2,0,0,0,,0
P02171,C02502,176.33,card,HDFC,insufficient_funds,5,1,1,10,1,109.0,1
P02172,C01948,314.8,wallet,ICICI,bank_declined,4,3,0,0,0,,0
P02173,C02677,1347.1,netbanking,Other,bank_declined,7,3,1,60,1,84.0,1
P02174,C01178,310.58,card,Axis,insufficient_funds,3,4,1,30,0,,1
P02175,C00665,447.04,upi,HDFC,bank_declined,4,3,0,0,0,,0
P02176,C00012,571.22,card,SBI,network_error,2,3,0,0,0,,0
P02177,C01157,436.89,upi,ICICI,timeout,5,3,0,0,0,,0
P02178,C00304,331.78,upi,HDFC,insufficient_funds,4,0,0,0,0,,0
P02179,C01764,938.67,upi,Other,limit_exceeded,1,2,1,120,0,,1
P02180,C02831,238.42,upi,SBI,insufficient_funds,2,2,0,0,0,,0
P02181,C00043,116.62,card,Other,network_error,5,1,0,0,1,106.0,0
P02182,C00944,1214.52,upi,HDFC,network_error,5,0,1,30,0,,1
P02183,C02391,199.75,wallet,HDFC,limit_exceeded,3,2,1,30,1,113.0,1
P02184,C01350,818.08,netbanking,HDFC,insufficient_funds,4,2,0,0,0,,0
P02185,C02546,375.63,upi,HDFC,insufficient_funds,2,2,1,10,1,51.0,1
P02186,C02412,1410.33,card,Other,insufficient_funds,5,2,1,30,1,164.0,1
P02187,C00891,414.23,upi,Axis,bank_declined,4,3,1,120,0,,1
P02188,C02475,337.32,netbanking,HDFC,bank_declined,8,1,0,0,0,,0
P02189,C01005,917.19,netbanking,SBI,insufficient_funds,8,3,0,0,1,200.0,0
P02190,C00021,1173.61,upi,Other,network_error,9,4,1,60,1,237.0,1
P02191,C00407,1531.1,upi,ICICI,insufficient_funds,4,3,0,0,0,,0
P02192,C02667,84.91,netbanking,ICICI,insufficient_funds,5,1,0,0,0,,0
P02193,C01015,123.23,card,Other,insufficient_funds,5,0,0,0,1,166.0,0
P02194,C00336,229.89,netbanking,Other,limit_exceeded,5,1,0,0,1,41.0,0
P02195,C01839,225.33,card,HDFC,bank_declined,6,2,0,0,1,95.0,0
P02196,C01148,348.9,upi,Other,bank_declined,3,3,1,120,1,128.0,1
P02197,C02447,510.58,upi,SBI,bank_declined,1,1,1,30,0,,1
P02198,C02841,563.45,card,ICICI,insufficient_funds,8,0,1,120,1,219.0,1
P02199,C01828,726.09,card,SBI,bank_declined,3,3,0,0,0,,0
P02200,C00715,302.38,netbanking,SBI,insufficient_funds,2,3,1,10,0,,1
P02201,C00051,462.65,card,HDFC,bank_declined,7,0,0,0,1,66.0,0
P02202,C00324,471.63,card,Other,limit_exceeded,5,1,1,10,1,198.0,1
P02203,C00789,498.6,upi,ICICI,insufficient_funds,5,0,1,30,1,224.0,1
P02204,C00141,345.89,wallet,ICICI,bank_declined,0,0,0,0,1,153.0,0
P02205,C00470,571.87,card,ICICI,network_error,4,1,0,0,0,,0
P02206,C00787,238.39,upi,SBI,limit_exceeded,5,2,0,0,0,,0
P02207,C01826,1643.18,card,ICICI,limit_exceeded,2,4,0,0,1,173.0,0
P02208,C01358,266.34,upi,ICICI,insufficient_funds,3,2,1,60,0,,1
P02209,C01917,649.87,wallet,SBI,limit_exceeded,4,3,1,30,0,,1
P02210,C00964,392.63,card,HDFC,bank_declined,5,2,0,0,0,,0
P02211,C00373,349.3,wallet,SBI,limit_exceeded,3,2,1,60,0,,1
P02212,C02542,170.98,netbanking,SBI,insufficient_funds,4,1,1,60,0,,1
P02213,C01693,337.23,upi,HDFC,insufficient_funds,3,1,1,60,0,,1
P02214,C02799,415.88,netbanking,Axis,insufficient_funds,3,4,1,10,1,47.0,1
P02215,C01180,328.6,netbanking,Axis,bank_declined,5,2,0,0,1,6.0,0
P02216,C02339,790.34,netbanking,Other,limit_exceeded,4,1,1,60,0,,1
P02217,C01672,1587.71,card,Other,insufficient_funds,4,1,0,0,1,142.0,0
P02218,C00106,468.93,netbanking,SBI,insufficient_funds,3,1,1,60,0,,1
P02219,C01444,704.99,card,Other,insufficient_funds,8,2,1,60,1,154.0,1
P02220,C02718,1173.11,netbanking,Axis,bank_declined,7,2,0,0,1,203.0,0
P02221,C01682,233.04,card,Other,insufficient_funds,2,0,0,0,0,,0
P02222,C00002,1704.52,upi,Axis,bank_declined,5,1,0,0,1,55.0,0
P02223,C02637,195.68,upi,Axis,limit_exceeded,2,6,0,0,1,197.0,0
P02224,C02692,492.33,upi,SBI,bank_declined,8,2,1,10,1,171.0,1
P02225,C02138,789.94,netbanking,Other,timeout,4,2,1,120,0,,1
P02226,C00350,1453.73,wallet,Other,network_error,5,1,1,30,1,18.0,1
P02227,C01287,489.23,card,HDFC,insufficient_funds,4,4,0,0,1,195.0,0
P02228,C01063,529.71,card,HDFC,network_error,1,7,1,30,1,91.0,1
P02229,C02957,1542.56,upi,Axis,limit_exceeded,6,3,0,0,0,,0
P02230,C02207,171.99,upi,SBI,network_error,3,3,1,10,0,,1
P02231,C02360,243.6,card,ICICI,network_error,7,3,1,120,0,,1
P02232,C00445,209.08,netbanking,Other,network_error,2,1,1,120,0,,1
P02233,C02346,230.6,netbanking,Other,limit_exceeded,2,2,0,0,0,,0
P02234,C00952,257.99,card,Axis,network_error,7,3,1,10,0,,1
P02235,C00036,1167.89,upi,Axis,bank_declined,6,6,0,0,0,,0
P02236,C01108,1428.18,upi,Other,insufficient_funds,3,1,0,0,1,93.0,0
P02237,C01476,643.16,card,Axis,insufficient_funds,3,4,0,0,0,,0
P02238,C01799,978.78,wallet,SBI,network_error,2,1,0,0,1,79.0,0
P02239,C01846,873.26,card,Other,network_error,3,0,1,120,1,140.0,1
P02240,C01409,493.36,upi,Other,insufficient_funds,5,3,1,120,1,66.0,1
P02241,C01196,942.66,upi,HDFC,timeout,9,1,0,0,1,17.0,0
P02242,C01400,837.19,card,Axis,bank_declined,4,2,1,120,0,,1
P02243,C01709,774.71,card,HDFC,bank_declined,2,1,0,0,0,,0
P02244,C01386,524.59,card,Axis,insufficient_funds,6,3,0,0,0,,0
P02245,C02607,561.81,netbanking,ICICI,network_error,7,0,0,0,1,96.0,0
P02246,C02939,437.6,upi,Other,bank_declined,4,2,0,0,0,,0
P02247,C02189,143.75,upi,HDFC,timeout,4,0,0,0,1,173.0,0
P02248,C02935,471.18,wallet,Other,timeout,2,2,1,120,0,,1
P02249,C01301,511.69,card,HDFC,insufficient_funds,7,2,0,0,1,38.0,0
P02250,C02774,263.52,netbanking,HDFC,insufficient_funds,3,1,0,0,0,,0
P02251,C01244,352.31,upi,ICICI,bank_declined,3,1,0,0,1,130.0,0
P02252,C00521,804.87,card,Other,network_error,5,2,1,60,1,42.0,1
P02253,C01807,910.23,upi,SBI,bank_declined,7,0,0,0,0,,0
P02254,C00010,154.12,netbanking,Axis,bank_declined,6,2,1,30,0,,1
P02255,C00984,302.73,card,Other,insufficient_funds,6,3,1,120,0,,1
P02256,C02426,860.34,netbanking,Axis,bank_declined,2,2,1,120,1,101.0,1
P02257,C01657,203.28,card,SBI,bank_declined,4,2,1,60,0,,1
P02258,C01661,449.76,upi,SBI,limit_exceeded,3,2,0,0,1,47.0,0
P02259,C02730,206.1,upi,Axis,timeout,7,2,1,120,0,,1
P02260,C02632,264.39,upi,Axis,timeout,4,2,1,30,1,21.0,1
P02261,C02200,630.77,wallet,Axis,network_error,7,1,1,120,1,238.0,1
P02262,C00720,764.55,wallet,SBI,bank_declined,1,1,0,0,1,92.0,0
P02263,C01073,1025.98,card,SBI,limit_exceeded,4,2,1,30,1,6.0,1
P02264,C00859,3489.82,upi,SBI,bank_declined,4,3,0,0,1,194.0,0
P02265,C01317,431.52,netbanking,Other,network_error,5,0,1,120,0,,1
P02266,C01604,447.2,netbanking,Axis,bank_declined,5,2,1,60,0,,1
P02267,C00050,1207.6,upi,Other,timeout,1,2,0,0,0,,0
P02268,C02712,1083.91,card,ICICI,network_error,4,4,1,120,1,192.0,1
P02269,C02579,721.43,netbanking,SBI,limit_exceeded,5,0,1,60,0,,1
P02270,C02905,376.28,upi,Other,network_error,2,1,0,0,1,39.0,0
P02271,C00146,827.84,upi,SBI,insufficient_funds,4,0,1,30,0,,1
P02272,C00915,326.26,card,HDFC,limit_exceeded,4,4,1,10,0,,1
P02273,C01463,310.54,upi,Axis,network_error,4,4,1,10,0,,1
P02274,C02290,598.21,card,SBI,bank_declined,3,0,0,0,1,75.0,0
P02275,C00581,2096.92,upi,Axis,bank_declined,6,4,1,60,1,190.0,1
P02276,C02735,403.86,upi,Other,insufficient_funds,0,3,0,0,0,,0
P02277,C01585,513.41,netbanking,HDFC,insufficient_funds,0,1,1,10,1,171.0,1
P02278,C00483,163.48,card,Axis,bank_declined,2,2,1,10,1,30.0,1
P02279,C01250,261.49,card,ICICI,limit_exceeded,4,4,0,0,1,231.0,0
P02280,C00673,635.59,netbanking,SBI,insufficient_funds,2,3,1,120,0,,1
P02281,C00631,688.97,upi,Axis,limit_exceeded,3,1,1,30,1,17.0,1
P02282,C02709,1916.48,upi,ICICI,timeout,5,2,0,0,0,,0
P02283,C00662,236.78,wallet,Axis,timeout,3,3,0,0,0,,0
P02284,C02853,542.59,upi,Other,timeout,3,0,0,0,0,,0
P02285,C02467,358.69,card,SBI,network_error,5,2,0,0,1,140.0,0
P02286,C00988,601.29,upi,SBI,insufficient_funds,2,3,0,0,1,125.0,0
P02287,C01547,338.77,upi,ICICI,network_error,4,1,1,60,1,33.0,1
P02288,C00650,146.39,netbanking,HDFC,bank_declined,3,2,1,60,0,,1
P02289,C00969,772.18,card,HDFC,insufficient_funds,4,4,1,10,1,172.0,1
P02290,C02638,293.11,card,ICICI,timeout,2,1,0,0,0,,0
P02291,C01101,418.35,card,Axis,network_error,4,2,1,10,0,,1
P02292,C02557,516.65,netbanking,HDFC,timeout,3,3,1,120,1,86.0,1
P02293,C00441,483.97,netbanking,SBI,bank_declined,5,0,0,0,1,97.0,0
P02294,C00921,61.62,upi,ICICI,network_error,5,3,1,10,1,175.0,1
P02295,C00770,161.58,upi,ICICI,timeout,1,2,0,0,0,,0
P02296,C01344,405.81,netbanking,SBI,insufficient_funds,3,4,0,0,1,131.0,0
P02297,C01827,2471.3,card,HDFC,timeout,5,2,1,60,0,,1
P02298,C00263,256.41,upi,Other,bank_declined,4,2,0,0,0,,0
P02299,C01578,379.24,wallet,ICICI,timeout,5,2,0,0,0,,0
P02300,C02685,1263.48,upi,Axis,bank_declined,3,1,1,10,1,218.0,1
P02301,C02507,806.7,card,ICICI,timeout,4,4,1,10,0,,1
P02302,C00999,662.78,card,Other,insufficient_funds,3,2,0,0,0,,0
P02303,C00700,536.41,upi,SBI,limit_exceeded,4,2,0,0,0,,0
P02304,C02350,130.0,card,HDFC,timeout,0,1,0,0,0,,0
P02305,C01604,163.04,upi,SBI,network_error,4,0,1,30,1,10.0,1
P02306,C01242,259.61,upi,SBI,bank_declined,6,2,1,10,0,,1
P02307,C01126,372.63,netbanking,HDFC,timeout,5,4,0,0,1,38.0,0
P02308,C02602,1146.79,upi,SBI,timeout,7,3,1,60,1,107.0,1
P02309,C02336,504.04,upi,SBI,bank_declined,2,2,1,10,0,,1
P02310,C01191,315.62,card,ICICI,insufficient_funds,1,1,1,60,1,204.0,1
P02311,C02669,404.85,card,Axis,insufficient_funds,1,2,0,0,0,,0
P02312,C01006,1289.68,card,HDFC,bank_declined,6,1,0,0,0,,0
P02313,C00036,538.78,card,ICICI,timeout,9,1,1,60,0,,1
P02314,C00744,786.24,upi,Other,timeout,0,2,0,0,0,,0
P02315,C01765,351.12,upi,ICICI,bank_declined,6,1,1,30,0,,1
P02316,C00353,127.83,upi,ICICI,insufficient_funds,8,0,0,0,1,64.0,0
P02317,C01923,778.85,card,SBI,insufficient_funds,7,2,0,0,0,,0
P02318,C00073,617.66,card,Axis,insufficient_funds,3,2,0,0,0,,0
P02319,C02696,969.95,netbanking,ICICI,insufficient_funds,5,0,0,0,0,,0
P02320,C01377,522.63,upi,Other,insufficient_funds,5,2,0,0,1,55.0,0
P02321,C01915,2680.94,card,SBI,network_error,6,0,1,120,1,15.0,1
P02322,C01094,254.84,netbanking,ICICI,network_error,3,1,0,0,0,,0
P02323,C02473,230.18,upi,Other,limit_exceeded,6,3,0,0,1,137.0,0
P02324,C00708,433.34,card,HDFC,timeout,4,1,0,0,1,239.0,0
P02325,C01805,400.81,card,ICICI,insufficient_funds,7,3,1,30,1,188.0,1
P02326,C02609,429.84,upi,HDFC,timeout,2,4,0,0,1,94.0,0
P02327,C02876,460.01,upi,HDFC,insufficient_funds,5,1,1,60,0,,1
P02328,C00956,393.48,netbanking,Other,limit_exceeded,5,2,1,30,0,,1
P02329,C02565,336.44,upi,SBI,network_error,2,0,0,0,1,38.0,0
P02330,C02476,246.3,upi,Axis,insufficient_funds,5,1,0,0,1,47.0,0
P02331,C00160,727.24,upi,Axis,bank_declined,5,1,0,0,1,122.0,0
P02332,C02197,1134.82,upi,ICICI,limit_exceeded,3,6,0,0,0,,0
P02333,C02824,4946.02,card,Other,timeout,4,3,1,10,0,,1
P02334,C01736,637.94,upi,HDFC,bank_declined,5,3,0,0,0,,0
P02335,C01586,1085.96,card,ICICI,bank_declined,6,1,1,30,0,,1
P02336,C00067,573.56,wallet,SBI,limit_exceeded,5,1,1,120,1,38.0,1
P02337,C02429,807.8,upi,Axis,limit_exceeded,2,2,1,120,0,,1
P02338,C00058,468.5,upi,Axis,limit_exceeded,4,3,1,10,0,,1
P02339,C00342,402.61,upi,HDFC,limit_exceeded,4,5,0,0,0,,0
P02340,C01154,417.41,wallet,ICICI,network_error,5,1,1,60,0,,1
P02341,C02775,1858.66,upi,ICICI,limit_exceeded,3,2,0,0,0,,0
P02342,C01196,1716.36,upi,Axis,bank_declined,4,4,1,10,0,,1
P02343,C02818,274.14,wallet,SBI,timeout,2,5,1,60,1,32.0,1
P02344,C02662,699.28,wallet,Other,bank_declined,4,1,0,0,0,,0
P02345,C01233,410.18,card,HDFC,network_error,4,1,1,120,0,,1
P02346,C02402,1728.86,upi,Axis,bank_declined,3,2,1,30,0,,1
P02347,C01495,214.68,wallet,Axis,limit_exceeded,7,5,0,0,1,10.0,0
P02348,C01822,1093.02,upi,ICICI,insufficient_funds,5,1,0,0,0,,0
P02349,C00116,528.53,upi,HDFC,limit_exceeded,4,4,0,0,0,,0
P02350,C00662,134.47,card,Axis,bank_declined,4,3,0,0,0,,0
P02351,C01466,1891.65,upi,Axis,bank_declined,8,0,0,0,0,,0
P02352,C02501,146.69,upi,Axis,timeout,3,1,1,30,0,,1
P02353,C01869,241.26,card,HDFC,network_error,4,1,1,120,1,127.0,1
P02354,C02335,206.38,card,Axis,limit_exceeded,11,4,0,0,0,,0
P02355,C01017,1225.53,card,Axis,network_error,2,1,1,10,0,,1
P02356,C00311,321.57,card,ICICI,network_error,7,1,1,10,0,,1
P02357,C00208,218.32,card,SBI,limit_exceeded,5,3,1,60,1,9.0,1
P02358,C02666,756.81,netbanking,Other,limit_exceeded,1,2,0,0,0,,0
P02359,C02494,226.78,card,HDFC,insufficient_funds,6,2,0,0,1,165.0,0
P02360,C02718,682.63,upi,Other,bank_declined,3,0,0,0,1,59.0,0
P02361,C00633,636.09,card,Axis,network_error,3,0,0,0,0,,0
P02362,C02103,588.24,upi,SBI,limit_exceeded,4,0,1,30,0,,1
P02363,C02960,126.03,upi,ICICI,network_error,2,4,1,60,1,23.0,1
P02364,C00657,1112.1,upi,ICICI,timeout,0,3,0,0,0,,0
P02365,C01424,1374.75,netbanking,HDFC,insufficient_funds,8,5,0,0,0,,0
P02366,C01932,957.33,card,SBI,network_error,1,2,1,60,1,102.0,1
P02367,C02563,838.76,upi,HDFC,insufficient_funds,6,2,0,0,0,,0
P02368,C01680,436.88,netbanking,ICICI,bank_declined,4,3,1,120,1,147.0,1
P02369,C00237,1650.56,netbanking,Axis,insufficient_funds,6,1,1,120,1,126.0,1
P02370,C00348,186.85,wallet,HDFC,insufficient_funds,4,1,0,0,0,,0
P02371,C02675,100.7,card,SBI,limit_exceeded,6,1,0,0,1,165.0,0
P02372,C00630,1180.22,netbanking,HDFC,bank_declined,4,4,1,10,1,230.0,1
P02373,C01541,144.4,upi,ICICI,network_error,2,1,0,0,0,,0
P02374,C02004,1063.44,card,HDFC,insufficient_funds,4,1,0,0,1,45.0,0
P02375,C01272,182.48,upi,Axis,timeout,2,2,1,120,1,24.0,1
P02376,C00364,771.83,netbanking,ICICI,network_error,6,2,0,0,0,,0
P02377,C02369,293.58,card,HDFC,insufficient_funds,4,2,0,0,1,124.0,0
P02378,C00286,649.03,upi,Other,insufficient_funds,4,2,0,0,1,43.0,0
P02379,C00149,1323.37,card,Other,bank_declined,2,0,0,0,0,,0
P02380,C01108,274.16,netbanking,ICICI,network_error,9,2,1,10,1,144.0,1
P02381,C02454,1571.57,upi,Axis,insufficient_funds,2,1,0,0,0,,0
P02382,C00456,498.79,card,SBI,insufficient_funds,5,0,0,0,1,41.0,0
P02383,C01767,534.66,card,Axis,bank_declined,7,1,1,60,1,210.0,1
P02384,C00800,1130.37,netbanking,HDFC,insufficient_funds,2,1,0,0,0,,0
P02385,C01185,1235.61,card,ICICI,network_error,6,2,1,60,1,147.0,1
P02386,C01013,470.62,card,Other,insufficient_funds,3,3,1,60,0,,1
P02387,C02832,168.49,upi,SBI,limit_exceeded,3,1,1,120,0,,1
P02388,C02508,510.38,card,ICICI,bank_declined,4,4,1,10,1,30.0,1
P02389,C01524,171.89,card,ICICI,insufficient_funds,4,3,1,30,0,,1
P02390,C02786,463.17,netbanking,ICICI,insufficient_funds,1,0,1,10,0,,1
P02391,C02557,385.25,card,HDFC,bank_declined,5,1,1,120,0,,1
P02392,C00481,179.54,card,Other,timeout,6,2,1,30,1,62.0,1
P02393,C01687,265.29,netbanking,Other,bank_declined,4,3,1,10,1,22.0,1
P02394,C02162,1205.03,wallet,Other,insufficient_funds,5,3,0,0,1,104.0,0
P02395,C02797,392.85,netbanking,SBI,bank_declined,5,2,1,60,1,205.0,1
P02396,C01602,357.41,upi,HDFC,bank_declined,4,1,0,0,0,,0
P02397,C02409,717.96,upi,Axis,network_error,3,3,1,120,1,105.0,1
P02398,C00341,1552.23,wallet,Other,bank_declined,6,1,1,30,1,215.0,1
P02399,C02818,327.5,netbanking,Axis,network_error,3,3,0,0,0,,0
P02400,C02011,1117.76,upi,ICICI,timeout,3,3,1,10,1,36.0,1
P02401,C02809,492.18,netbanking,ICICI,limit_exceeded,1,2,0,0,0,,0
P02402,C02497,1904.64,upi,ICICI,timeout,2,0,0,0,0,,0
P02403,C01867,1039.77,wallet,Other,bank_declined,1,1,0,0,0,,0
P02404,C00835,381.71,netbanking,ICICI,bank_declined,2,3,0,0,0,,0
P02405,C01204,598.24,upi,HDFC,network_error,4,4,0,0,1,127.0,0
P02406,C01726,281.21,wallet,ICICI,insufficient_funds,5,1,0,0,1,210.0,0
P02407,C01690,552.24,card,Other,timeout,4,0,1,60,0,,1
P02408,C00311,276.07,netbanking,HDFC,network_error,5,2,1,30,1,59.0,1
P02409,C00262,304.1,card,Other,network_error,2,3,1,30,0,,1
P02410,C01443,1118.1,netbanking,ICICI,bank_declined,4,1,0,0,0,,0
P02411,C00406,578.14,card,HDFC,network_error,9,3,0,0,1,139.0,0
P02412,C02191,635.38,wallet,ICICI,insufficient_funds,5,0,0,0,1,9.0,0
P02413,C00342,348.0,card,HDFC,insufficient_funds,2,2,0,0,0,,0
P02414,C01340,396.82,upi,Axis,timeout,4,0,0,0,0,,0
P02415,C00244,384.12,card,HDFC,bank_declined,5,5,0,0,0,,0
P02416,C00490,326.22,netbanking,Axis,network_error,6,1,0,0,1,197.0,0
P02417,C00012,317.63,upi,ICICI,bank_declined,3,0,0,0,0,,0
P02418,C00561,268.93,wallet,HDFC,insufficient_funds,7,1,1,60,1,73.0,1
P02419,C00042,187.36,netbanking,Other,timeout,3,1,1,60,0,,1
P02420,C02726,467.33,netbanking,HDFC,timeout,2,2,1,30,0,,1
P02421,C00594,253.07,card,HDFC,timeout,4,0,0,0,0,,0
P02422,C01453,1575.56,card,HDFC,limit_exceeded,2,1,0,0,1,46.0,0
P02423,C01827,193.17,netbanking,SBI,bank_declined,1,4,0,0,0,,0
P02424,C01694,371.36,card,Other,timeout,5,2,1,10,1,5.0,1
P02425,C00134,823.74,netbanking,HDFC,bank_declined,4,3,1,60,1,199.0,1
P02426,C00948,110.05,card,HDFC,insufficient_funds,3,1,1,10,0,,1
P02427,C00073,847.09,card,ICICI,network_error,4,5,1,120,0,,1
P02428,C00399,276.66,wallet,Other,insufficient_funds,3,2,0,0,0,,0
P02429,C01429,231.19,netbanking,HDFC,bank_declined,4,2,1,10,0,,1
P02430,C02626,742.09,card,HDFC,insufficient_funds,2,1,1,30,0,,1
P02431,C02907,803.75,upi,HDFC,bank_declined,2,2,1,10,0,,1
P02432,C00130,227.18,wallet,Axis,limit_exceeded,4,1,0,0,0,,0
P02433,C02979,389.68,card,SBI,network_error,2,2,0,0,1,167.0,0
P02434,C01812,1147.98,card,Other,insufficient_funds,3,2,1,120,0,,1
P02435,C02002,361.12,upi,Axis,timeout,3,1,1,120,0,,1
P02436,C00266,243.96,card,HDFC,timeout,3,2,0,0,0,,0
P02437,C01561,451.63,upi,Other,insufficient_funds,2,2,0,0,0,,0
P02438,C01986,461.55,upi,Axis,timeout,3,3,1,120,0,,1
P02439,C00793,411.11,netbanking,SBI,network_error,1,2,0,0,0,,0
P02440,C02301,674.66,wallet,Axis,network_error,7,4,1,120,0,,1
P02441,C02870,313.91,upi,ICICI,limit_exceeded,4,2,0,0,0,,0
P02442,C01313,766.09,upi,HDFC,insufficient_funds,5,2,0,0,1,203.0,0
P02443,C00164,380.44,netbanking,Axis,network_error,6,2,0,0,0,,0
P02444,C00095,179.83,card,SBI,insufficient_funds,5,1,1,10,1,100.0,1
P02445,C01806,1498.76,wallet,HDFC,timeout,6,1,0,0,1,155.0,0
P02446,C02881,167.49,card,ICICI,limit_exceeded,2,1,1,30,0,,1
P02447,C01134,879.91,card,ICICI,insufficient_funds,2,0,0,0,1,55.0,0
P02448,C02384,440.13,upi,Axis,insufficient_funds,4,1,1,30,1,187.0,1
P02449,C00822,499.93,card,HDFC,limit_exceeded,2,0,0,0,1,140.0,0
P02450,C00238,267.62,upi,Axis,limit_exceeded,5,3,1,30,1,58.0,1
P02451,C02429,350.69,card,ICICI,limit_exceeded,8,1,0,0,1,141.0,0
P02452,C02947,860.29,upi,Other,limit_exceeded,3,1,0,0,0,,0
P02453,C02531,226.74,netbanking,Axis,network_error,1,1,1,10,0,,1
P02454,C01961,346.53,upi,Other,limit_exceeded,3,6,0,0,1,15.0,0
P02455,C02950,1032.31,card,HDFC,limit_exceeded,2,2,0,0,0,,0
P02456,C01049,326.93,card,ICICI,insufficient_funds,2,6,0,0,0,,0
P02457,C01677,502.76,upi,Axis,timeout,4,1,1,60,0,,1
P02458,C02530,532.35,netbanking,Axis,timeout,3,2,0,0,0,,0
P02459,C02965,267.94,upi,Axis,insufficient_funds,5,3,1,10,1,227.0,1
P02460,C00964,662.83,netbanking,HDFC,timeout,4,4,0,0,0,,0
P02461,C00537,468.09,card,HDFC,bank_declined,4,1,0,0,1,215.0,0
P02462,C01604,281.23,upi,SBI,limit_exceeded,16,2,0,0,1,91.0,0
P02463,C01980,767.3,netbanking,Axis,timeout,5,1,0,0,0,,0
P02464,C00128,545.47,wallet,HDFC,limit_exceeded,3,1,1,60,0,,1
P02465,C00092,469.3,card,ICICI,insufficient_funds,3,5,1,10,0,,1
P02466,C00543,396.49,card,HDFC,timeout,8,1,1,30,0,,1
P02467,C00846,176.58,upi,HDFC,bank_declined,1,3,1,60,1,10.0,1
P02468,C01682,442.62,upi,Axis,timeout,5,2,1,30,1,59.0,1
P02469,C01852,104.05,upi,Other,network_error,2,2,1,10,1,216.0,1
P02470,C02495,826.05,netbanking,ICICI,bank_declined,3,1,1,30,1,205.0,1
P02471,C00390,219.55,wallet,Other,insufficient_funds,4,0,0,0,1,199.0,0
P02472,C02720,718.82,card,SBI,network_error,5,3,0,0,1,65.0,0
P02473,C01885,184.64,upi,Axis,bank_declined,4,4,1,120,0,,1
P02474,C00043,198.9,card,Other,bank_declined,1,2,0,0,1,150.0,0
P02475,C00254,293.19,netbanking,HDFC,limit_exceeded,3,3,0,0,0,,0
P02476,C01084,1816.58,card,HDFC,timeout,4,2,0,0,0,,0
P02477,C02711,363.09,wallet,SBI,network_error,6,3,0,0,1,99.0,0
P02478,C02515,1592.29,upi,SBI,limit_exceeded,3,0,0,0,1,239.0,0
P02479,C02335,681.61,upi,ICICI,insufficient_funds,2,3,1,120,0,,1
P02480,C01541,410.98,upi,ICICI,network_error,4,2,0,0,1,123.0,0
P02481,C01954,556.18,upi,Axis,limit_exceeded,5,2,1,120,1,5.0,1
P02482,C02826,622.64,card,SBI,insufficient_funds,7,5,1,60,0,,1
P02483,C02393,672.3,upi,Axis,insufficient_funds,7,3,1,60,1,85.0,1
P02484,C00642,1245.96,netbanking,Other,insufficient_funds,3,1,0,0,0,,0
P02485,C02430,523.53,wallet,ICICI,limit_exceeded,2,1,1,60,1,237.0,1
P02486,C00690,757.09,upi,Axis,network_error,5,2,1,10,1,220.0,1
P02487,C01277,1939.56,netbanking,SBI,bank_declined,6,2,1,60,1,236.0,1
P02488,C01951,164.31,netbanking,Other,bank_declined,0,2,1,60,0,,1
P02489,C01080,454.38,netbanking,ICICI,bank_declined,4,3,0,0,1,193.0,0
P02490,C01487,863.33,card,Axis,timeout,9,1,1,60,0,,1
P02491,C00457,186.74,upi,SBI,limit_exceeded,5,3,1,30,0,,1
P02492,C00983,249.77,card,Axis,insufficient_funds,3,0,1,120,0,,1
P02493,C02131,255.12,upi,ICICI,bank_declined,5,2,1,10,1,215.0,1
P02494,C01123,644.28,netbanking,Other,insufficient_funds,6,2,1,30,1,125.0,1
P02495,C00149,712.01,netbanking,HDFC,bank_declined,2,1,0,0,0,,0
P02496,C01353,265.72,netbanking,Other,network_error,1,2,0,0,1,144.0,0
P02497,C01180,665.06,upi,Axis,timeout,5,5,0,0,0,,0
P02498,C00190,312.95,card,Axis,limit_exceeded,3,0,0,0,0,,0
P02499,C00883,1186.86,card,HDFC,network_error,4,2,0,0,0,,0
P02500,C02311,704.81,upi,Axis,bank_declined,2,2,0,0,0,,0
P02501,C00400,824.08,card,Other,network_error,1,2,0,0,0,,0
P02502,C02812,1498.55,card,ICICI,limit_exceeded,9,3,0,0,1,26.0,0
P02503,C00609,799.95,upi,Other,network_error,4,2,0,0,1,152.0,0
P02504,C01796,330.69,card,Other,timeout,5,3,0,0,0,,0
P02505,C01639,537.34,card,Other,timeout,8,3,0,0,0,,0
P02506,C01576,196.78,wallet,ICICI,limit_exceeded,4,1,0,0,1,160.0,0
P02507,C02833,227.6,card,Axis,timeout,7,1,0,0,0,,0
P02508,C02149,747.76,netbanking,Other,bank_declined,6,2,1,10,1,60.0,1
P02509,C01383,1590.19,wallet,ICICI,limit_exceeded,4,4,0,0,0,,0
P02510,C01404,1044.33,upi,Axis,bank_declined,10,2,0,0,1,167.0,0
P02511,C00820,625.9,wallet,ICICI,timeout,2,1,1,10,1,146.0,1
P02512,C00820,172.01,card,ICICI,limit_exceeded,1,4,0,0,0,,0
P02513,C00420,541.61,wallet,Other,network_error,4,1,0,0,0,,0
P02514,C00124,243.69,netbanking,HDFC,timeout,9,1,1,120,0,,1
P02515,C00422,647.21,netbanking,Other,insufficient_funds,2,3,1,10,1,206.0,1
P02516,C01509,194.97,card,ICICI,bank_declined,4,3,1,60,1,125.0,1
P02517,C01598,552.45,netbanking,ICICI,network_error,5,1,1,60,1,163.0,1
P02518,C00768,343.05,wallet,ICICI,insufficient_funds,4,1,1,10,1,195.0,1
P02519,C02045,522.96,netbanking,SBI,timeout,4,2,1,10,0,,1
P02520,C02531,339.89,card,Other,bank_declined,6,4,0,0,0,,0
P02521,C02567,164.74,card,HDFC,timeout,3,2,0,0,1,184.0,0
P02522,C02203,1009.0,upi,Axis,timeout,7,3,0,0,1,16.0,0
P02523,C02140,400.37,netbanking,HDFC,network_error,4,3,0,0,0,,0
P02524,C01550,363.96,card,HDFC,timeout,2,2,0,0,0,,0
P02525,C02503,447.0,wallet,SBI,network_error,3,4,0,0,0,,0
P02526,C01765,311.26,upi,ICICI,bank_declined,7,2,0,0,1,159.0,0
P02527,C02045,310.82,upi,HDFC,timeout,4,2,0,0,1,225.0,0
P02528,C02646,1348.02,upi,ICICI,network_error,4,0,0,0,1,221.0,0
P02529,C00510,521.94,netbanking,Other,insufficient_funds,4,1,1,10,0,,1
P02530,C01207,362.8,card,ICICI,timeout,3,1,1,30,1,193.0,1
P02531,C00386,154.13,card,ICICI,network_error,6,3,0,0,1,42.0,0
P02532,C01598,344.29,upi,Other,bank_declined,2,3,0,0,0,,0
P02533,C02453,249.72,upi,Other,timeout,5,2,1,60,1,141.0,1
P02534,C02294,366.99,netbanking,HDFC,bank_declined,4,4,1,60,0,,1
P02535,C00742,1427.26,card,SBI,network_error,4,2,1,30,0,,1
P02536,C02709,1343.04,card,Axis,bank_declined,4,0,1,10,0,,1
P02537,C02698,410.51,upi,Other,timeout,2,2,1,30,1,218.0,1
P02538,C01912,304.53,upi,Other,network_error,6,1,1,10,1,81.0,1
P02539,C01447,738.43,upi,Axis,bank_declined,7,1,1,30,0,,1
P02540,C00901,1078.19,upi,ICICI,insufficient_funds,4,4,0,0,1,227.0,0
P02541,C02113,407.41,upi,Other,network_error,2,3,0,0,1,132.0,0
P02542,C02261,2027.51,card,Axis,network_error,6,0,0,0,0,,0
P02543,C02010,337.54,card,HDFC,insufficient_funds,1,3,1,60,0,,1
P02544,C00242,383.67,upi,SBI,bank_declined,5,2,1,10,0,,1
P02545,C02541,441.32,upi,Other,limit_exceeded,2,0,1,120,1,91.0,1
P02546,C02386,389.15,card,Axis,network_error,2,2,0,0,1,50.0,0
P02547,C02021,220.34,card,Other,bank_declined,5,1,0,0,1,195.0,0
P02548,C00173,846.43,card,ICICI,limit_exceeded,6,2,1,60,0,,1
P02549,C00672,403.28,netbanking,Other,timeout,5,3,0,0,0,,0
P02550,C00164,2224.87,upi,Other,insufficient_funds,4,2,1,30,0,,1
P02551,C00465,846.29,upi,ICICI,limit_exceeded,5,1,0,0,0,,0
P02552,C00497,618.22,wallet,Other,insufficient_funds,5,4,0,0,0,,0
P02553,C00700,1907.08,card,ICICI,insufficient_funds,7,0,1,10,1,72.0,1
P02554,C02443,814.67,upi,Axis,insufficient_funds,8,4,1,10,1,51.0,1
P02555,C00703,795.44,upi,SBI,bank_declined,5,2,0,0,0,,0
P02556,C01941,308.88,netbanking,SBI,network_error,5,2,1,120,1,42.0,1
P02557,C02356,416.9,wallet,Axis,timeout,7,3,0,0,1,104.0,0
P02558,C01792,989.76,netbanking,HDFC,insufficient_funds,3,2,0,0,0,,0
P02559,C00183,869.26,upi,HDFC,insufficient_funds,4,4,0,0,0,,0
P02560,C00629,323.33,wallet,SBI,network_error,5,3,0,0,0,,0
P02561,C02558,2529.0,netbanking,Axis,network_error,5,0,0,0,0,,0
P02562,C01732,427.07,netbanking,Other,insufficient_funds,1,3,1,60,0,,1
P02563,C00546,1118.95,card,Axis,limit_exceeded,2,2,1,30,1,75.0,1
P02564,C01588,591.74,upi,ICICI,timeout,5,1,0,0,0,,0
P02565,C00624,678.03,netbanking,Axis,bank_declined,0,1,0,0,1,97.0,0
P02566,C00594,388.48,card,HDFC,network_error,5,1,1,60,1,154.0,1
P02567,C00744,567.74,netbanking,Other,bank_declined,4,7,1,30,0,,1
P02568,C01769,166.62,card,Other,bank_declined,8,3,1,10,1,79.0,1
P02569,C01460,1067.27,upi,SBI,network_error,1,4,0,0,0,,0
P02570,C01949,834.16,netbanking,ICICI,bank_declined,11,0,0,0,1,62.0,0
P02571,C02602,1815.68,upi,Other,network_error,5,3,1,10,1,76.0,1
P02572,C02069,519.92,netbanking,SBI,bank_declined,5,2,1,60,1,45.0,1
P02573,C02602,245.7,upi,Other,network_error,4,3,1,120,1,58.0,1
P02574,C02445,1404.67,upi,HDFC,bank_declined,3,5,0,0,1,14.0,0
P02575,C02673,409.65,upi,Other,insufficient_funds,2,1,1,10,0,,1
P02576,C00105,40.17,upi,HDFC,insufficient_funds,4,0,1,120,0,,1
P02577,C02240,700.0,netbanking,Axis,network_error,1,1,1,10,0,,1
P02578,C00017,949.42,card,HDFC,limit_exceeded,4,0,0,0,0,,0
P02579,C00393,1157.33,upi,HDFC,bank_declined,4,2,0,0,1,189.0,0
P02580,C00425,262.17,card,HDFC,insufficient_funds,5,2,1,120,0,,1
P02581,C02177,704.3,upi,Other,insufficient_funds,6,2,1,120,0,,1
P02582,C00572,739.51,wallet,ICICI,network_error,4,1,0,0,0,,0
P02583,C02077,759.08,card,HDFC,limit_exceeded,7,3,0,0,1,216.0,0
P02584,C01121,323.9,upi,SBI,limit_exceeded,2,3,1,30,1,178.0,1
P02585,C00242,631.89,netbanking,Other,insufficient_funds,7,2,1,120,0,,1
P02586,C02280,1078.25,upi,ICICI,timeout,4,4,1,120,1,39.0,1
P02587,C00789,132.19,upi,ICICI,insufficient_funds,4,3,0,0,0,,0
P02588,C00715,488.01,card,Other,timeout,1,1,1,30,0,,1
P02589,C00759,993.91,card,SBI,limit_exceeded,6,3,1,30,1,103.0,1
P02590,C02850,1524.15,upi,Axis,insufficient_funds,6,6,0,0,0,,0
P02591,C00776,1457.64,netbanking,Other,insufficient_funds,6,2,0,0,1,232.0,0
P02592,C02774,954.59,upi,ICICI,insufficient_funds,7,3,0,0,1,169.0,0
P02593,C02248,1821.24,netbanking,Axis,bank_declined,3,1,1,120,1,61.0,1
P02594,C02993,975.7,upi,ICICI,insufficient_funds,4,2,0,0,1,195.0,0
P02595,C00079,96.78,netbanking,HDFC,network_error,4,1,0,0,0,,0
P02596,C00856,359.69,wallet,Axis,network_error,1,3,0,0,0,,0
P02597,C02515,1337.73,card,Other,bank_declined,1,3,1,10,0,,1
P02598,C02629,344.9,upi,Other,bank_declined,2,1,1,60,0,,1
P02599,C01440,1223.83,card,SBI,limit_exceeded,8,1,0,0,1,222.0,0
P02600,C02988,847.04,upi,Axis,insufficient_funds,3,4,1,120,1,153.0,1
P02601,C02497,1841.24,upi,SBI,timeout,3,2,0,0,1,94.0,0
P02602,C02135,364.01,upi,Other,network_error,7,4,0,0,1,202.0,0
P02603,C02149,136.3,upi,SBI,network_error,4,2,1,10,1,144.0,1
P02604,C01032,424.95,card,Axis,bank_declined,4,2,0,0,1,71.0,0
P02605,C00845,181.93,card,Other,insufficient_funds,5,1,0,0,0,,0
P02606,C00087,356.73,card,ICICI,network_error,2,3,1,60,0,,1
P02607,C02091,69.73,card,Other,limit_exceeded,4,1,0,0,0,,0
P02608,C00408,498.67,upi,SBI,limit_exceeded,5,3,1,10,0,,1
P02609,C02712,667.55,upi,SBI,bank_declined,1,1,0,0,0,,0
P02610,C01669,695.03,card,Other,bank_declined,2,3,0,0,0,,0
P02611,C00148,984.88,netbanking,HDFC,bank_declined,2,1,0,0,0,,0
P02612,C02325,617.37,upi,HDFC,timeout,2,2,0,0,0,,0
P02613,C00232,313.36,card,HDFC,bank_declined,0,1,1,10,0,,1
P02614,C01951,1184.58,netbanking,ICICI,network_error,6,2,0,0,1,78.0,0
P02615,C00366,811.64,wallet,ICICI,bank_declined,2,1,1,10,1,192.0,1
P02616,C01675,470.64,card,ICICI,limit_exceeded,4,5,1,120,1,151.0,1
P02617,C00436,456.91,upi,Other,bank_declined,2,3,0,0,0,,0
P02618,C00399,318.91,wallet,Other,network_error,1,6,0,0,0,,0
P02619,C01235,1218.73,card,Axis,network_error,5,1,1,30,0,,1
P02620,C01415,506.03,card,HDFC,bank_declined,6,3,0,0,1,6.0,0
P02621,C02547,914.61,upi,Axis,bank_declined,5,3,1,30,1,33.0,1
P02622,C02588,121.72,upi,HDFC,timeout,5,1,0,0,0,,0
P02623,C00563,546.17,card,SBI,network_error,2,0,0,0,0,,0
P02624,C02490,601.91,card,Axis,network_error,3,1,1,10,1,222.0,1
P02625,C01285,217.6,upi,Other,limit_exceeded,4,2,0,0,1,218.0,0
P02626,C00773,293.3,netbanking,SBI,bank_declined,5,1,1,120,1,64.0,1
P02627,C02398,834.58,netbanking,Axis,timeout,3,1,1,30,0,,1
P02628,C02038,753.01,wallet,SBI,network_error,5,0,1,120,1,132.0,1
P02629,C02568,607.72,card,SBI,network_error,3,2,1,30,1,137.0,1
P02630,C01344,1226.24,card,SBI,insufficient_funds,3,0,1,10,1,239.0,1
P02631,C02186,736.67,upi,Other,limit_exceeded,4,0,1,120,1,188.0,1
P02632,C01574,1318.0,card,SBI,insufficient_funds,4,0,0,0,0,,0
P02633,C00992,261.47,card,Other,bank_declined,3,0,0,0,1,102.0,0
P02634,C02416,582.93,card,ICICI,timeout,1,2,0,0,0,,0
P02635,C01247,527.8,card,SBI,network_error,5,0,1,120,0,,1
P02636,C00360,210.91,upi,HDFC,insufficient_funds,2,3,0,0,1,126.0,0
P02637,C00921,1708.32,wallet,Other,limit_exceeded,7,5,0,0,0,,0
P02638,C02377,357.91,card,ICICI,insufficient_funds,4,2,1,120,0,,1
P02639,C02511,647.95,upi,Other,insufficient_funds,2,1,0,0,1,73.0,0
P02640,C02994,350.16,netbanking,SBI,insufficient_funds,5,3,0,0,1,166.0,0
P02641,C00963,1094.01,card,Other,network_error,7,4,1,120,1,86.0,1
P02642,C01828,412.12,wallet,Axis,limit_exceeded,4,3,0,0,0,,0
P02643,C02884,410.35,netbanking,Axis,limit_exceeded,5,3,0,0,0,,0
P02644,C01614,500.24,card,HDFC,network_error,3,3,1,30,1,146.0,1
P02645,C01641,522.79,wallet,Other,timeout,6,2,0,0,1,182.0,0
P02646,C02217,335.65,netbanking,SBI,timeout,4,3,1,30,0,,1
P02647,C00217,287.04,card,SBI,network_error,5,4,1,60,1,235.0,1
P02648,C00378,337.84,netbanking,Axis,timeout,8,3,1,120,1,117.0,1
P02649,C00119,441.99,upi,Other,bank_declined,4,2,0,0,0,,0
P02650,C00190,595.94,netbanking,SBI,insufficient_funds,4,1,0,0,1,176.0,0
P02651,C02815,370.76,upi,ICICI,bank_declined,3,0,1,30,1,141.0,1
P02652,C00370,222.15,upi,SBI,insufficient_funds,6,1,0,0,1,72.0,0
P02653,C01802,211.49,upi,Other,limit_exceeded,3,1,0,0,1,46.0,0
P02654,C02197,259.97,upi,Axis,timeout,4,2,1,10,0,,1
P02655,C00652,621.33,netbanking,ICICI,insufficient_funds,3,2,1,60,1,27.0,1
P02656,C01883,910.24,netbanking,SBI,bank_declined,4,3,0,0,1,114.0,0
P02657,C01512,227.54,upi,HDFC,limit_exceeded,5,2,0,0,1,97.0,0
P02658,C00770,663.54,wallet,HDFC,timeout,1,2,1,60,0,,1
P02659,C02422,638.69,netbanking,Axis,bank_declined,4,3,0,0,1,221.0,0
P02660,C00781,1780.64,wallet,ICICI,insufficient_funds,7,1,1,60,1,21.0,1
P02661,C01717,2506.18,card,HDFC,insufficient_funds,2,3,0,0,0,,0
P02662,C02208,1035.98,card,HDFC,network_error,1,2,1,10,1,104.0,1
P02663,C02399,806.65,upi,SBI,timeout,4,0,0,0,1,55.0,0
P02664,C01312,715.34,upi,Other,insufficient_funds,7,0,1,120,0,,1
P02665,C02940,295.31,wallet,SBI,insufficient_funds,3,1,0,0,0,,0
P02666,C01250,221.2,card,SBI,bank_declined,6,3,1,60,0,,1
P02667,C00523,165.53,upi,Axis,network_error,5,3,1,60,0,,1
P02668,C00522,550.14,card,SBI,limit_exceeded,3,0,0,0,1,95.0,0
P02669,C00783,291.14,netbanking,ICICI,limit_exceeded,3,3,1,120,0,,1
P02670,C02321,858.99,card,ICICI,network_error,1,1,1,10,0,,1
P02671,C00936,224.29,upi,Other,timeout,5,2,1,60,0,,1
P02672,C02231,588.37,upi,HDFC,bank_declined,4,2,1,60,1,188.0,1
P02673,C01689,288.77,card,HDFC,insufficient_funds,4,1,0,0,0,,0
P02674,C00488,187.72,upi,Other,insufficient_funds,5,3,1,30,0,,1
P02675,C01851,278.83,netbanking,Other,insufficient_funds,4,1,1,10,1,129.0,1
P02676,C00846,313.23,card,SBI,limit_exceeded,7,4,0,0,1,52.0,0
P02677,C02172,485.56,wallet,Axis,limit_exceeded,2,3,0,0,0,,0
P02678,C02838,322.74,card,HDFC,insufficient_funds,6,1,0,0,0,,0
P02679,C02462,257.63,card,HDFC,bank_declined,0,2,1,60,1,59.0,1
P02680,C02004,281.15,netbanking,Other,bank_declined,5,2,0,0,0,,0
P02681,C01749,36.15,upi,Other,network_error,4,2,0,0,1,145.0,0
P02682,C00686,377.79,upi,HDFC,bank_declined,5,4,0,0,0,,0
P02683,C02161,504.56,card,HDFC,bank_declined,6,2,1,30,1,59.0,1
P02684,C02936,366.77,netbanking,SBI,timeout,4,1,1,120,0,,1
P02685,C02170,566.05,card,HDFC,limit_exceeded,2,1,0,0,0,,0
P02686,C01568,968.4,netbanking,Other,insufficient_funds,3,1,1,120,0,,1
P02687,C01246,1034.45,upi,ICICI,insufficient_funds,2,2,0,0,0,,0
P02688,C00039,976.84,upi,ICICI,bank_declined,2,0,0,0,1,87.0,0
P02689,C02545,320.28,wallet,ICICI,timeout,6,0,1,120,1,165.0,1
P02690,C00780,257.2,netbanking,SBI,insufficient_funds,6,1,1,10,1,66.0,1
P02691,C01257,332.67,netbanking,ICICI,bank_declined,2,1,1,120,0,,1
P02692,C02991,751.6,netbanking,Axis,timeout,6,2,0,0,0,,0
P02693,C02197,612.85,card,Axis,insufficient_funds,3,5,0,0,0,,0
P02694,C02709,289.02,netbanking,SBI,insufficient_funds,3,2,1,30,0,,1
P02695,C01928,1047.25,card,ICICI,limit_exceeded,5,3,0,0,1,154.0,0
P02696,C00302,226.78,card,Other,timeout,6,4,0,0,0,,0
P02697,C02286,341.81,card,SBI,network_error,4,7,1,120,0,,1
P02698,C00647,570.41,netbanking,HDFC,insufficient_funds,3,2,0,0,0,,0
P02699,C00663,883.15,netbanking,SBI,limit_exceeded,7,0,1,120,0,,1
P02700,C02284,1108.58,card,Axis,bank_declined,5,0,0,0,0,,0
P02701,C01760,609.88,card,Other,insufficient_funds,5,3,1,30,1,106.0,1
P02702,C02251,207.25,upi,ICICI,bank_declined,2,1,1,30,1,66.0,1
P02703,C00256,1033.99,upi,Axis,limit_exceeded,2,0,1,30,0,,1
P02704,C00598,237.66,upi,ICICI,limit_exceeded,4,1,0,0,1,78.0,0
P02705,C00662,352.26,upi,ICICI,network_error,7,0,0,0,0,,0
P02706,C00235,247.27,upi,SBI,limit_exceeded,6,1,0,0,0,,0
P02707,C01369,462.4,netbanking,SBI,bank_declined,7,2,0,0,0,,0
P02708,C02582,241.18,upi,Axis,insufficient_funds,5,2,0,0,0,,0
P02709,C02908,685.78,netbanking,ICICI,bank_declined,1,4,0,0,0,,0
P02710,C00770,658.95,card,SBI,bank_declined,6,7,1,10,0,,1
P02711,C02589,835.19,card,Axis,timeout,9,0,0,0,1,115.0,0
P02712,C00213,601.6,card,ICICI,insufficient_funds,3,2,1,10,1,197.0,1
P02713,C00463,576.2,card,HDFC,insufficient_funds,6,1,1,120,0,,1
P02714,C02484,248.06,wallet,HDFC,network_error,7,1,0,0,0,,0
P02715,C00283,306.55,upi,Axis,insufficient_funds,1,1,0,0,0,,0
P02716,C01487,458.99,upi,HDFC,bank_declined,5,1,1,10,1,66.0,1
P02717,C01431,486.73,upi,Other,insufficient_funds,7,2,1,10,0,,1
P02718,C00088,390.05,upi,Axis,network_error,4,0,0,0,1,232.0,0
P02719,C01068,727.49,card,Axis,limit_exceeded,5,1,0,0,1,26.0,0
P02720,C00461,2494.26,upi,ICICI,limit_exceeded,5,2,0,0,0,,0
P02721,C02326,654.19,upi,Other,insufficient_funds,1,1,1,60,0,,1
P02722,C02469,308.16,wallet,Axis,network_error,7,5,0,0,1,115.0,0
P02723,C01725,851.5,upi,SBI,insufficient_funds,3,2,0,0,1,77.0,0
P02724,C01377,318.49,wallet,Axis,insufficient_funds,2,3,1,120,0,,1
P02725,C02744,631.35,upi,Other,network_error,3,1,1,120,0,,1
P02726,C00515,686.78,card,Axis,network_error,3,2,0,0,1,23.0,0
P02727,C00703,579.24,upi,HDFC,insufficient_funds,6,0,1,60,1,14.0,1
P02728,C01654,325.21,netbanking,Other,bank_declined,6,0,1,60,0,,1
P02729,C02067,519.27,upi,SBI,bank_declined,2,5,0,0,0,,0
P02730,C00023,346.55,card,Other,bank_declined,8,3,0,0,0,,0
P02731,C02461,345.45,card,Axis,bank_declined,4,2,1,30,1,43.0,1
P02732,C01054,155.25,card,SBI,timeout,5,3,0,0,0,,0
P02733,C01831,452.09,upi,SBI,bank_declined,3,0,1,120,1,9.0,1
P02734,C02156,2242.87,netbanking,SBI,bank_declined,5,3,0,0,1,33.0,0
P02735,C01305,85.47,upi,HDFC,insufficient_funds,4,1,0,0,0,,0
P02736,C01135,103.86,netbanking,Other,timeout,5,2,0,0,0,,0
P02737,C02184,512.98,upi,Axis,network_error,4,3,1,10,0,,1
P02738,C00362,833.29,upi,HDFC,bank_declined,4,2,1,30,1,220.0,1
P02739,C02177,192.2,card,SBI,bank_declined,7,3,1,120,0,,1
P02740,C01900,573.23,netbanking,Axis,timeout,2,1,0,0,0,,0
P02741,C01285,440.08,card,ICICI,bank_declined,6,2,0,0,0,,0
P02742,C00515,323.21,card,Axis,bank_declined,4,1,1,60,0,,1
P02743,C00449,643.51,card,ICICI,insufficient_funds,5,2,0,0,1,183.0,0
P02744,C01924,243.41,card,ICICI,limit_exceeded,2,2,1,120,0,,1
P02745,C01507,1004.72,upi,SBI,bank_declined,4,1,1,60,1,108.0,1
P02746,C01248,129.15,card,ICICI,bank_declined,2,2,0,0,0,,0
P02747,C01856,465.14,upi,HDFC,network_error,2,3,0,0,1,179.0,0
P02748,C00874,531.24,upi,SBI,network_error,3,2,1,60,1,151.0,1
P02749,C02521,438.57,upi,ICICI,bank_declined,5,2,0,0,0,,0
P02750,C01429,344.13,card,Other,limit_exceeded,2,3,1,10,1,167.0,1
P02751,C02350,765.26,netbanking,HDFC,bank_declined,6,1,1,30,0,,1
P02752,C02279,370.25,upi,Other,limit_exceeded,3,1,1,60,0,,1
P02753,C01755,170.3,card,Axis,timeout,3,1,0,0,1,167.0,0
P02754,C00923,305.41,wallet,HDFC,limit_exceeded,1,4,0,0,1,61.0,0
P02755,C02985,526.85,card,Other,bank_declined,5,4,0,0,0,,0
P02756,C02160,335.83,netbanking,Other,insufficient_funds,2,1,1,30,0,,1
P02757,C01037,392.55,upi,SBI,bank_declined,2,3,1,120,1,181.0,1
P02758,C01417,846.59,card,Axis,bank_declined,3,0,1,120,0,,1
P02759,C02548,324.46,wallet,HDFC,insufficient_funds,5,1,0,0,0,,0
P02760,C02980,461.02,card,HDFC,insufficient_funds,2,0,1,30,0,,1
P02761,C02646,429.74,netbanking,HDFC,insufficient_funds,3,2,0,0,1,230.0,0
P02762,C02282,1045.38,card,ICICI,bank_declined,5,1,0,0,1,165.0,0
P02763,C02650,509.83,upi,HDFC,limit_exceeded,3,0,1,60,1,109.0,1
P02764,C00314,863.39,wallet,ICICI,network_error,3,2,0,0,0,,0
P02765,C02614,297.73,upi,SBI,bank_declined,7,2,1,10,0,,1
P02766,C02257,1680.95,card,ICICI,timeout,5,3,1,30,1,137.0,1
P02767,C01998,881.34,upi,Axis,network_error,3,2,0,0,1,29.0,0
P02768,C01038,1572.77,upi,ICICI,bank_declined,2,1,0,0,0,,0
P02769,C01657,566.56,upi,Axis,insufficient_funds,3,5,1,10,0,,1
P02770,C02635,322.45,wallet,Axis,limit_exceeded,2,4,1,10,0,,1
P02771,C01779,420.09,netbanking,Axis,network_error,3,2,1,120,0,,1
P02772,C01015,570.63,card,Axis,bank_declined,5,0,0,0,0,,0
P02773,C01094,565.4,netbanking,HDFC,bank_declined,1,5,1,60,0,,1
P02774,C01125,370.04,wallet,Axis,timeout,2,2,1,120,0,,1
P02775,C00698,487.94,card,Other,insufficient_funds,6,4,0,0,1,38.0,0
P02776,C02180,588.88,card,SBI,bank_declined,1,1,1,30,0,,1
P02777,C01405,278.63,card,Other,insufficient_funds,8,2,1,30,1,109.0,1
P02778,C01156,380.77,card,HDFC,insufficient_funds,6,1,0,0,0,,0
P02779,C01044,1256.84,wallet,Axis,network_error,5,2,0,0,0,,0
P02780,C01930,1141.67,upi,ICICI,bank_declined,3,4,1,10,1,172.0,1
P02781,C02584,282.67,upi,HDFC,timeout,0,1,1,60,1,171.0,1
P02782,C01014,1855.02,card,SBI,limit_exceeded,3,1,1,120,1,132.0,1
P02783,C00227,282.17,card,ICICI,limit_exceeded,6,2,0,0,0,,0
P02784,C01829,655.19,upi,ICICI,bank_declined,4,2,0,0,0,,0
P02785,C01493,1248.98,netbanking,Axis,bank_declined,6,7,0,0,0,,0
P02786,C00822,282.02,upi,SBI,network_error,5,2,1,30,0,,1
P02787,C02024,223.75,card,SBI,insufficient_funds,3,1,0,0,0,,0
P02788,C00871,694.64,netbanking,ICICI,limit_exceeded,10,2,1,60,1,189.0,1
P02789,C02453,468.72,wallet,SBI,limit_exceeded,7,3,1,10,0,,1
P02790,C02250,386.52,upi,Other,limit_exceeded,4,1,1,120,0,,1
P02791,C02086,190.81,upi,Axis,network_error,5,3,0,0,1,160.0,0
P02792,C02990,1238.95,card,Axis,network_error,5,2,1,30,0,,1
P02793,C01796,587.66,card,Other,timeout,4,1,1,10,1,139.0,1
P02794,C00188,797.37,upi,Other,bank_declined,3,1,0,0,1,45.0,0
P02795,C01081,1113.81,netbanking,SBI,limit_exceeded,7,2,0,0,0,,0
P02796,C00941,146.0,card,ICICI,insufficient_funds,3,3,1,10,0,,1
P02797,C02321,558.52,card,SBI,timeout,7,2,0,0,0,,0
P02798,C02631,170.52,upi,Other,limit_exceeded,8,3,0,0,1,5.0,0
P02799,C02564,833.4,card,Axis,insufficient_funds,7,2,1,30,0,,1
P02800,C00526,1264.68,wallet,Axis,bank_declined,2,1,0,0,1,233.0,0
P02801,C00336,462.88,netbanking,Axis,limit_exceeded,6,3,0,0,1,156.0,0
P02802,C02746,469.49,upi,SBI,limit_exceeded,4,2,0,0,0,,0
P02803,C01079,736.6,card,Other,timeout,1,2,1,60,1,166.0,1
P02804,C02548,687.53,netbanking,ICICI,limit_exceeded,1,1,1,60,0,,1
P02805,C02948,422.09,upi,SBI,limit_exceeded,9,7,1,30,1,30.0,1
P02806,C02814,808.48,netbanking,Axis,limit_exceeded,1,4,1,60,0,,1
P02807,C02584,417.82,card,Other,bank_declined,6,3,0,0,1,64.0,0
P02808,C00162,610.58,card,ICICI,bank_declined,3,1,1,60,1,27.0,1
P02809,C00594,204.83,upi,HDFC,network_error,0,3,1,60,1,229.0,1
P02810,C01939,1103.15,upi,SBI,insufficient_funds,4,2,0,0,1,40.0,0
P02811,C02207,267.58,card,HDFC,network_error,5,6,1,120,0,,1
P02812,C00060,615.06,card,Other,network_error,2,3,0,0,1,96.0,0
P02813,C02963,223.9,card,HDFC,timeout,3,2,1,30,0,,1
P02814,C01902,361.27,netbanking,Axis,bank_declined,6,2,0,0,1,154.0,0
P02815,C02259,343.32,card,SBI,network_error,6,0,0,0,0,,0
P02816,C00406,710.22,upi,ICICI,limit_exceeded,7,1,1,30,1,233.0,1
P02817,C00664,1386.71,upi,Axis,bank_declined,3,2,0,0,0,,0
P02818,C01133,288.72,netbanking,Other,network_error,4,1,1,120,0,,1
P02819,C01100,260.18,card,SBI,timeout,7,5,0,0,1,186.0,0
P02820,C00542,1020.29,card,Other,insufficient_funds,4,1,0,0,0,,0
P02821,C01338,299.01,upi,Other,insufficient_funds,3,4,1,120,0,,1
P02822,C00998,2500.95,card,Other,network_error,3,0,0,0,0,,0
P02823,C01141,234.55,upi,SBI,bank_declined,3,1,1,10,1,227.0,1
P02824,C02975,819.07,upi,Axis,bank_declined,4,2,1,120,1,52.0,1
P02825,C00868,168.06,wallet,Other,limit_exceeded,5,2,1,10,0,,1
P02826,C02067,241.8,upi,ICICI,bank_declined,2,2,1,10,1,81.0,1
P02827,C00432,248.17,card,Axis,limit_exceeded,4,2,1,60,1,191.0,1
P02828,C00740,324.27,upi,Other,insufficient_funds,3,0,0,0,1,211.0,0
P02829,C01374,879.83,netbanking,SBI,bank_declined,3,1,0,0,1,183.0,0
P02830,C00183,479.55,netbanking,Other,network_error,3,2,1,10,0,,1
P02831,C02161,1095.76,wallet,Other,insufficient_funds,5,4,1,60,0,,1
P02832,C01207,866.83,netbanking,HDFC,bank_declined,8,5,1,120,1,233.0,1
P02833,C02529,246.13,card,HDFC,limit_exceeded,4,1,0,0,1,100.0,0
P02834,C01170,457.2,card,Axis,timeout,4,2,0,0,0,,0
P02835,C00831,1160.48,upi,HDFC,bank_declined,5,1,0,0,0,,0
P02836,C01652,270.95,netbanking,SBI,bank_declined,3,3,1,10,0,,1
P02837,C01137,736.5,card,HDFC,network_error,4,2,0,0,1,191.0,0
P02838,C02811,296.62,card,SBI,timeout,2,1,1,10,0,,1
P02839,C00476,252.95,wallet,Other,insufficient_funds,6,2,0,0,1,51.0,0
P02840,C02811,399.96,wallet,Axis,network_error,1,1,1,60,0,,1
P02841,C01327,226.71,card,HDFC,insufficient_funds,6,0,1,30,1,135.0,1
P02842,C00971,1176.13,card,HDFC,bank_declined,8,0,1,30,1,143.0,1
P02843,C01020,68.17,netbanking,Axis,insufficient_funds,0,2,0,0,1,104.0,0
P02844,C01142,709.22,upi,SBI,bank_declined,1,0,0,0,1,199.0,0
P02845,C01837,706.86,netbanking,SBI,bank_declined,4,3,0,0,1,218.0,0
P02846,C00161,357.83,upi,HDFC,timeout,4,1,1,10,1,24.0,1
P02847,C02449,121.41,netbanking,SBI,bank_declined,2,2,0,0,0,,0
P02848,C00198,677.56,upi,SBI,network_error,3,0,0,0,0,,0
P02849,C01284,360.33,netbanking,HDFC,network_error,5,0,1,30,1,7.0,1
P02850,C00660,318.47,card,HDFC,timeout,4,1,1,60,1,92.0,1
P02851,C01776,1134.19,upi,HDFC,bank_declined,4,2,1,60,1,172.0,1
P02852,C01071,1376.55,upi,ICICI,limit_exceeded,5,0,0,0,1,66.0,0
P02853,C02011,345.09,upi,HDFC,bank_declined,5,0,1,30,1,153.0,1
P02854,C00399,286.51,card,ICICI,network_error,4,2,1,120,1,190.0,1
P02855,C01734,71.67,upi,Other,network_error,5,3,1,120,1,184.0,1
P02856,C01583,160.85,card,SBI,network_error,3,2,0,0,1,183.0,0
P02857,C02126,284.55,netbanking,ICICI,limit_exceeded,2,3,1,120,1,68.0,1
P02858,C02172,1046.06,card,Other,insufficient_funds,5,2,1,30,1,204.0,1
P02859,C00075,676.09,netbanking,SBI,network_error,5,0,0,0,1,35.0,0
P02860,C02185,1033.43,upi,SBI,network_error,5,1,1,10,1,177.0,1
P02861,C00602,801.11,card,SBI,bank_declined,7,1,1,10,1,190.0,1
P02862,C00837,493.01,card,Axis,bank_declined,4,0,0,0,0,,0
P02863,C01529,526.67,wallet,Axis,insufficient_funds,4,3,1,10,1,206.0,1
P02864,C00500,718.06,card,ICICI,network_error,6,1,0,0,0,,0
P02865,C01597,421.48,netbanking,ICICI,insufficient_funds,6,6,0,0,0,,0
P02866,C00138,615.24,card,SBI,timeout,6,2,1,10,0,,1
P02867,C02098,634.77,wallet,Other,bank_declined,7,0,1,60,1,82.0,1
P02868,C01795,584.22,netbanking,ICICI,network_error,2,4,0,0,0,,0
P02869,C00973,331.29,wallet,HDFC,insufficient_funds,4,3,0,0,1,129.0,0
P02870,C01643,1257.56,netbanking,HDFC,insufficient_funds,3,1,0,0,0,,0
P02871,C01886,1245.51,upi,ICICI,insufficient_funds,3,2,1,10,0,,1
P02872,C02302,203.46,card,Other,timeout,8,3,1,60,0,,1
P02873,C02029,119.84,card,HDFC,bank_declined,7,3,0,0,1,29.0,0
P02874,C02758,361.78,card,SBI,bank_declined,1,4,1,30,1,49.0,1
P02875,C01901,281.39,card,SBI,timeout,4,1,0,0,0,,0
P02876,C02611,155.64,upi,Axis,insufficient_funds,5,2,0,0,1,183.0,0
P02877,C02805,378.66,netbanking,Axis,bank_declined,2,3,0,0,1,161.0,0
P02878,C01450,1338.01,card,Axis,timeout,2,0,1,30,0,,1
P02879,C00547,678.62,card,Other,insufficient_funds,3,1,1,120,0,,1
P02880,C00922,874.24,upi,SBI,insufficient_funds,1,2,0,0,1,236.0,0
P02881,C00581,1243.75,netbanking,Other,network_error,9,3,1,10,0,,1
P02882,C01373,845.47,card,HDFC,limit_exceeded,2,2,1,30,1,64.0,1
P02883,C01957,438.92,upi,SBI,bank_declined,5,4,1,60,0,,1
P02884,C02004,1116.31,upi,Axis,insufficient_funds,6,3,0,0,1,122.0,0
P02885,C02097,281.68,card,Axis,limit_exceeded,3,1,1,10,1,91.0,1
P02886,C02965,170.12,upi,HDFC,network_error,6,0,1,120,1,153.0,1
P02887,C00704,1312.15,upi,SBI,insufficient_funds,4,0,0,0,0,,0
P02888,C02309,1445.79,netbanking,Other,bank_declined,4,2,1,60,1,73.0,1
P02889,C02404,370.21,wallet,Other,network_error,2,2,0,0,1,159.0,0
P02890,C01626,338.98,wallet,HDFC,insufficient_funds,4,4,1,120,1,54.0,1
P02891,C00638,728.44,upi,SBI,network_error,3,1,0,0,0,,0
P02892,C02791,228.74,card,Other,network_error,5,2,1,60,0,,1
P02893,C01010,416.49,card,Axis,timeout,5,2,0,0,1,148.0,0
P02894,C02979,580.68,upi,Axis,bank_declined,4,0,0,0,0,,0
P02895,C00641,303.73,wallet,Other,bank_declined,2,1,0,0,0,,0
P02896,C02840,1063.76,upi,SBI,limit_exceeded,1,3,1,10,0,,1
P02897,C02660,589.95,wallet,Other,insufficient_funds,4,2,0,0,0,,0
P02898,C01862,447.92,card,HDFC,insufficient_funds,2,2,1,60,0,,1
P02899,C02857,980.28,card,SBI,limit_exceeded,9,0,1,60,1,194.0,1
P02900,C01206,547.88,netbanking,Other,insufficient_funds,5,2,1,60,0,,1
P02901,C00686,298.69,netbanking,Axis,limit_exceeded,4,1,1,10,1,130.0,1
P02902,C01852,1194.24,upi,SBI,timeout,3,2,0,0,1,48.0,0
P02903,C00188,483.92,card,ICICI,bank_declined,4,3,1,120,0,,1
P02904,C01620,48.12,card,SBI,timeout,2,0,1,120,0,,1
P02905,C01688,599.68,card,Axis,insufficient_funds,3,0,1,120,0,,1
P02906,C00985,128.59,upi,SBI,timeout,2,4,0,0,0,,0
P02907,C00548,2125.83,card,HDFC,timeout,6,1,0,0,1,129.0,0
P02908,C02773,634.99,upi,Axis,insufficient_funds,5,2,0,0,0,,0
P02909,C02974,634.99,upi,Axis,bank_declined,3,2,0,0,0,,0
P02910,C01432,834.39,upi,HDFC,limit_exceeded,4,0,1,10,1,90.0,1
P02911,C00876,141.45,upi,ICICI,limit_exceeded,4,3,0,0,1,230.0,0
P02912,C00618,650.94,upi,SBI,limit_exceeded,1,2,0,0,0,,0
P02913,C02462,242.14,upi,HDFC,network_error,3,3,1,120,0,,1
P02914,C01366,370.37,card,SBI,insufficient_funds,6,1,1,30,0,,1
P02915,C01244,668.58,upi,SBI,bank_declined,4,2,0,0,1,205.0,0
P02916,C00903,334.31,card,ICICI,timeout,3,1,1,60,1,206.0,1
P02917,C00163,128.48,card,SBI,bank_declined,4,1,1,10,0,,1
P02918,C01975,689.2,card,HDFC,timeout,4,1,0,0,1,174.0,0
P02919,C00270,812.75,card,SBI,limit_exceeded,5,2,1,10,1,112.0,1
P02920,C00632,227.35,netbanking,SBI,timeout,4,3,1,120,0,,1
P02921,C00906,283.94,wallet,ICICI,bank_declined,5,1,1,10,0,,1
P02922,C02015,429.14,wallet,SBI,timeout,9,1,0,0,1,161.0,0
P02923,C01642,1891.3,netbanking,Axis,insufficient_funds,3,1,1,120,0,,1
P02924,C00205,1655.56,netbanking,Other,bank_declined,4,6,0,0,0,,0
P02925,C00582,1056.24,wallet,Axis,timeout,4,1,0,0,0,,0
P02926,C01580,2106.96,netbanking,ICICI,timeout,5,1,0,0,1,62.0,0
P02927,C00841,1047.48,upi,SBI,bank_declined,2,0,1,60,1,200.0,1
P02928,C01837,596.35,upi,HDFC,limit_exceeded,4,4,0,0,1,193.0,0
P02929,C01252,227.18,card,SBI,bank_declined,0,3,0,0,0,,0
P02930,C01720,146.82,card,SBI,network_error,6,5,0,0,1,167.0,0
P02931,C01643,349.79,upi,ICICI,limit_exceeded,5,2,1,10,1,232.0,1
P02932,C02644,563.28,upi,SBI,network_error,3,1,0,0,1,135.0,0
P02933,C02298,2469.97,netbanking,HDFC,bank_declined,7,4,0,0,0,,0
P02934,C00875,420.66,netbanking,HDFC,insufficient_funds,6,5,0,0,0,,0
P02935,C01465,548.37,wallet,Other,insufficient_funds,6,3,1,120,1,95.0,1
P02936,C02244,627.37,upi,Other,insufficient_funds,5,2,1,10,0,,1
P02937,C00690,569.09,wallet,SBI,bank_declined,6,2,1,10,0,,1
P02938,C02011,1710.33,netbanking,HDFC,network_error,5,4,0,0,1,202.0,0
P02939,C02687,1248.28,card,SBI,timeout,5,1,0,0,0,,0
P02940,C01423,494.55,upi,Axis,insufficient_funds,3,1,1,120,0,,1
P02941,C02002,318.32,upi,ICICI,timeout,9,2,0,0,0,,0
P02942,C00672,332.3,card,ICICI,network_error,3,2,0,0,1,120.0,0
P02943,C01172,504.2,upi,HDFC,network_error,3,1,1,30,0,,1
P02944,C01496,299.6,upi,Axis,bank_declined,2,2,1,120,1,20.0,1
P02945,C00944,928.73,card,HDFC,bank_declined,4,0,0,0,0,,0
P02946,C02247,307.04,wallet,Axis,timeout,4,1,1,120,0,,1
P02947,C01450,1463.8,upi,HDFC,bank_declined,7,5,0,0,0,,0
P02948,C02540,798.81,card,Other,bank_declined,6,0,1,120,0,,1
P02949,C00896,197.46,netbanking,SBI,limit_exceeded,1,0,1,10,0,,1
P02950,C02190,1381.47,upi,ICICI,limit_exceeded,8,2,1,60,1,161.0,1
P02951,C01337,195.18,upi,ICICI,insufficient_funds,7,2,0,0,0,,0
P02952,C00165,1516.55,netbanking,Axis,network_error,4,5,0,0,1,16.0,0
P02953,C02362,829.64,card,Other,network_error,0,4,0,0,0,,0
P02954,C02069,2366.98,upi,Axis,bank_declined,4,3,0,0,1,135.0,0
P02955,C01106,83.44,netbanking,Other,bank_declined,4,2,1,30,1,193.0,1
P02956,C01754,544.22,upi,Axis,network_error,4,3,0,0,1,213.0,0
P02957,C02353,483.93,card,HDFC,bank_declined,3,4,1,120,0,,1
P02958,C01939,319.51,netbanking,HDFC,bank_declined,5,0,1,30,1,205.0,1
P02959,C00371,985.03,wallet,ICICI,timeout,2,0,1,10,0,,1
P02960,C01881,393.67,netbanking,Axis,bank_declined,9,5,1,10,0,,1
P02961,C00853,1351.0,netbanking,Axis,network_error,3,1,1,10,1,60.0,1
P02962,C00384,256.92,upi,HDFC,limit_exceeded,3,0,1,30,1,219.0,1
P02963,C01932,128.8,upi,Axis,limit_exceeded,1,2,1,60,1,176.0,1
P02964,C02493,292.33,card,ICICI,network_error,4,4,1,60,0,,1
P02965,C00425,736.14,netbanking,ICICI,network_error,2,1,0,0,1,27.0,0
P02966,C02209,993.57,wallet,Axis,timeout,4,3,1,120,1,49.0,1
P02967,C00629,252.28,netbanking,ICICI,insufficient_funds,7,3,0,0,0,,0
P02968,C00895,709.53,card,ICICI,network_error,2,3,1,60,0,,1
P02969,C02538,630.17,upi,Axis,insufficient_funds,5,4,0,0,0,,0
P02970,C02375,569.7,wallet,Axis,network_error,4,4,1,60,1,122.0,1
P02971,C00598,1675.1,card,HDFC,timeout,4,2,1,10,0,,1
P02972,C02337,403.15,upi,HDFC,insufficient_funds,5,2,0,0,0,,0
P02973,C00593,255.56,wallet,Other,timeout,7,2,1,10,1,134.0,1
P02974,C01688,519.6,netbanking,Axis,insufficient_funds,5,3,1,120,0,,1
P02975,C00573,439.78,card,Other,insufficient_funds,2,0,1,30,0,,1
P02976,C02076,927.71,card,Axis,timeout,1,3,1,120,0,,1
P02977,C02091,495.43,upi,Other,insufficient_funds,2,1,1,10,1,61.0,1
P02978,C01705,588.3,wallet,SBI,network_error,5,1,1,10,0,,1
P02979,C02471,403.19,upi,Axis,bank_declined,4,2,0,0,0,,0
P02980,C00177,99.49,upi,ICICI,insufficient_funds,5,3,0,0,0,,0
P02981,C00529,559.74,netbanking,Other,network_error,2,2,1,30,0,,1
P02982,C01634,1126.38,upi,SBI,insufficient_funds,5,1,1,60,1,137.0,1
P02983,C00966,741.52,upi,SBI,network_error,4,1,1,120,1,14.0,1
P02984,C01518,170.66,upi,HDFC,limit_exceeded,0,1,0,0,0,,0
P02985,C00198,388.79,upi,SBI,limit_exceeded,7,3,1,10,1,95.0,1
P02986,C02658,413.86,card,Other,limit_exceeded,5,4,0,0,0,,0
P02987,C02890,726.29,card,SBI,bank_declined,0,1,1,10,0,,1
P02988,C00853,545.01,netbanking,SBI,timeout,3,1,1,120,1,164.0,1
P02989,C01538,59.86,card,HDFC,timeout,2,1,0,0,0,,0
P02990,C02070,239.75,card,HDFC,limit_exceeded,6,1,0,0,0,,0
P02991,C01081,382.05,upi,Axis,bank_declined,7,3,0,0,1,110.0,0
P02992,C02890,312.53,upi,ICICI,timeout,3,5,0,0,0,,0
P02993,C00098,427.52,upi,SBI,insufficient_funds,6,3,1,30,1,49.0,1
P02994,C01904,353.31,upi,ICICI,insufficient_funds,4,5,0,0,0,,0
P02995,C00435,416.94,card,SBI,bank_declined,3,3,1,30,1,122.0,1
P02996,C00637,856.14,card,HDFC,timeout,2,3,0,0,0,,0
P02997,C00588,1112.9,card,Other,insufficient_funds,2,0,0,0,0,,0
P02998,C00344,440.61,wallet,Axis,insufficient_funds,2,3,1,10,0,,1
P02999,C01318,742.33,upi,SBI,bank_declined,6,1,0,0,0,,0
P03000,C01980,660.86,upi,Other,insufficient_funds,2,2,1,60,0,,1
P03001,C00571,1285.55,upi,HDFC,bank_declined,7,4,0,0,1,22.0,0
P03002,C00611,788.3,upi,Axis,limit_exceeded,6,3,1,60,1,196.0,1
P03003,C01728,2093.24,upi,ICICI,timeout,9,3,0,0,1,173.0,0
P03004,C02291,803.02,netbanking,Axis,bank_declined,2,2,0,0,0,,0
P03005,C01855,158.78,card,ICICI,bank_declined,5,2,1,10,0,,1
P03006,C02609,1261.91,upi,SBI,limit_exceeded,2,0,0,0,1,107.0,0
P03007,C00960,938.32,wallet,ICICI,limit_exceeded,3,2,0,0,0,,0
P03008,C02080,924.34,card,ICICI,network_error,4,3,0,0,0,,0
P03009,C02439,196.73,upi,Axis,bank_declined,4,2,0,0,1,52.0,0
P03010,C02325,1059.66,upi,SBI,timeout,6,0,0,0,1,220.0,0
P03011,C00532,983.75,upi,HDFC,network_error,3,4,0,0,0,,0
P03012,C01178,185.03,card,Axis,network_error,3,2,1,30,0,,1
P03013,C02431,809.28,card,SBI,timeout,4,0,0,0,0,,0
P03014,C01092,604.84,card,Other,insufficient_funds,3,2,1,60,0,,1
P03015,C01902,495.97,netbanking,HDFC,limit_exceeded,3,0,0,0,0,,0
P03016,C00884,464.66,wallet,ICICI,limit_exceeded,7,3,1,120,0,,1
P03017,C02262,129.92,card,Other,bank_declined,7,2,1,60,1,184.0,1
P03018,C01679,469.61,card,ICICI,limit_exceeded,4,2,0,0,1,165.0,0
P03019,C02424,848.33,upi,SBI,timeout,5,2,1,30,0,,1
P03020,C02792,276.78,upi,HDFC,limit_exceeded,2,3,1,60,0,,1
P03021,C02261,473.54,upi,HDFC,limit_exceeded,3,3,0,0,0,,0
P03022,C02127,345.19,netbanking,Axis,insufficient_funds,6,0,1,120,0,,1
P03023,C01750,364.94,netbanking,SBI,bank_declined,6,5,1,10,0,,1
P03024,C02676,136.22,card,ICICI,bank_declined,3,2,1,120,1,51.0,1
P03025,C02652,782.37,card,ICICI,insufficient_funds,10,0,0,0,0,,0
P03026,C00782,499.44,netbanking,ICICI,bank_declined,9,2,1,10,0,,1
P03027,C02728,278.1,upi,ICICI,bank_declined,2,0,1,10,0,,1
P03028,C02106,1139.3,wallet,HDFC,bank_declined,2,0,0,0,0,,0
P03029,C00881,897.53,upi,HDFC,bank_declined,4,1,0,0,0,,0
P03030,C00447,470.24,upi,ICICI,insufficient_funds,4,3,0,0,0,,0
P03031,C02114,1181.81,upi,Axis,insufficient_funds,8,1,1,60,1,95.0,1
P03032,C01784,1492.6,card,Other,bank_declined,2,5,0,0,0,,0
P03033,C01278,255.08,card,SBI,limit_exceeded,5,3,1,30,0,,1
P03034,C01992,225.73,wallet,ICICI,limit_exceeded,5,0,0,0,1,10.0,0
P03035,C01068,103.29,card,SBI,bank_declined,7,2,1,10,1,195.0,1
P03036,C01578,300.05,card,ICICI,network_error,2,5,1,30,0,,1
P03037,C01012,375.72,upi,Axis,limit_exceeded,6,2,1,120,0,,1
P03038,C02275,157.3,upi,Other,network_error,2,3,0,0,1,111.0,0
P03039,C00774,274.0,card,ICICI,timeout,2,3,1,10,0,,1
P03040,C02727,826.91,upi,ICICI,limit_exceeded,4,5,0,0,1,19.0,0
P03041,C01815,592.62,upi,Other,insufficient_funds,4,0,0,0,1,162.0,0
P03042,C02649,289.44,netbanking,ICICI,insufficient_funds,4,4,1,120,1,35.0,1
P03043,C02427,1173.25,netbanking,HDFC,network_error,1,2,1,10,0,,1
P03044,C01202,191.9,wallet,Axis,network_error,6,4,1,30,0,,1
P03045,C01451,699.48,netbanking,HDFC,bank_declined,4,0,0,0,0,,0
P03046,C02757,418.84,netbanking,Axis,limit_exceeded,4,3,1,120,0,,1
P03047,C00307,526.81,netbanking,HDFC,timeout,4,1,1,30,0,,1
P03048,C00779,608.19,card,HDFC,bank_declined,3,2,0,0,0,,0
P03049,C02552,1139.07,card,ICICI,timeout,1,1,1,60,1,181.0,1
P03050,C02316,809.61,upi,Axis,timeout,7,1,1,10,1,186.0,1
P03051,C00008,1059.47,wallet,Axis,bank_declined,6,1,0,0,1,138.0,0
P03052,C02556,241.68,upi,ICICI,insufficient_funds,5,2,0,0,0,,0
P03053,C00476,402.64,card,Axis,limit_exceeded,3,0,0,0,0,,0
P03054,C01321,254.07,wallet,Axis,insufficient_funds,2,1,0,0,1,47.0,0
P03055,C02212,197.37,netbanking,ICICI,bank_declined,8,4,1,120,0,,1
P03056,C00485,927.53,netbanking,SBI,insufficient_funds,4,2,1,60,0,,1
P03057,C02615,125.12,netbanking,Other,limit_exceeded,3,0,1,60,1,112.0,1
P03058,C00905,327.42,upi,HDFC,insufficient_funds,3,2,0,0,1,132.0,0
P03059,C00559,335.6,card,Axis,insufficient_funds,4,3,0,0,1,11.0,0
P03060,C01968,424.71,card,Other,timeout,3,3,1,120,0,,1
P03061,C02286,221.25,wallet,ICICI,insufficient_funds,2,1,0,0,0,,0
P03062,C01128,294.11,card,Axis,insufficient_funds,2,1,1,10,0,,1
P03063,C01234,1818.29,netbanking,Other,insufficient_funds,5,3,0,0,0,,0
P03064,C02602,410.3,upi,HDFC,network_error,6,1,0,0,0,,0
P03065,C02876,265.49,wallet,Other,insufficient_funds,3,3,0,0,0,,0
P03066,C00468,581.06,upi,SBI,bank_declined,1,2,1,10,1,30.0,1
P03067,C02434,519.55,upi,Axis,timeout,8,2,1,120,0,,1
P03068,C02823,1895.89,card,HDFC,insufficient_funds,3,0,0,0,1,225.0,0
P03069,C00848,406.97,card,HDFC,timeout,7,1,1,120,1,200.0,1
P03070,C02435,692.9,netbanking,HDFC,timeout,4,5,1,60,0,,1
P03071,C02925,212.74,card,SBI,timeout,3,0,0,0,0,,0
P03072,C00259,297.95,netbanking,Other,bank_declined,3,1,0,0,0,,0
P03073,C00283,318.98,upi,HDFC,bank_declined,2,4,1,10,1,83.0,1
P03074,C01650,174.56,netbanking,SBI,timeout,4,3,0,0,0,,0
P03075,C01899,509.38,card,Axis,insufficient_funds,4,0,0,0,0,,0
P03076,C00040,587.68,upi,Axis,network_error,2,2,0,0,1,37.0,0
P03077,C02534,538.7,upi,ICICI,insufficient_funds,3,2,1,30,1,14.0,1
P03078,C02977,159.53,card,SBI,bank_declined,7,4,0,0,0,,0
P03079,C02268,250.67,netbanking,HDFC,timeout,3,2,1,10,0,,1
P03080,C01015,373.82,upi,SBI,network_error,3,4,0,0,0,,0
P03081,C00613,217.7,card,SBI,network_error,4,2,1,120,1,102.0,1
P03082,C02976,118.09,upi,Other,insufficient_funds,1,5,1,10,0,,1
P03083,C01916,963.54,card,ICICI,network_error,5,1,0,0,1,174.0,0
P03084,C00688,1418.17,netbanking,SBI,insufficient_funds,4,3,0,0,0,,0
P03085,C00613,1097.77,upi,HDFC,limit_exceeded,5,0,0,0,0,,0
P03086,C02308,604.49,card,ICICI,bank_declined,5,2,1,120,1,152.0,1
P03087,C02414,325.19,card,Axis,timeout,1,0,0,0,1,153.0,0
P03088,C01782,2247.39,netbanking,SBI,limit_exceeded,1,0,1,120,1,15.0,1
P03089,C01811,1043.38,netbanking,Other,insufficient_funds,6,2,1,10,0,,1
P03090,C02592,277.19,card,HDFC,insufficient_funds,6,4,1,120,1,119.0,1
P03091,C02697,1417.58,card,SBI,limit_exceeded,4,0,1,120,0,,1
P03092,C01548,553.18,wallet,Other,timeout,4,1,0,0,0,,0
P03093,C01931,1241.57,card,Axis,insufficient_funds,3,2,1,120,0,,1
P03094,C02862,1503.89,card,SBI,timeout,1,1,0,0,0,,0
P03095,C01153,310.0,card,Other,timeout,4,2,0,0,0,,0
P03096,C00575,448.43,upi,HDFC,bank_declined,4,3,1,10,1,107.0,1
P03097,C01911,586.05,netbanking,HDFC,limit_exceeded,5,1,0,0,1,104.0,0
P03098,C01013,525.74,upi,Axis,network_error,3,5,1,120,1,183.0,1
P03099,C00670,239.89,card,ICICI,bank_declined,6,1,1,10,0,,1
P03100,C00269,532.98,upi,SBI,insufficient_funds,2,3,0,0,0,,0
P03101,C01284,401.5,card,Other,limit_exceeded,5,2,0,0,0,,0
P03102,C00924,406.06,upi,Axis,insufficient_funds,2,2,0,0,0,,0
P03103,C01126,163.69,upi,Axis,bank_declined,3,2,0,0,1,95.0,0
P03104,C01530,418.63,wallet,Other,timeout,4,1,0,0,1,151.0,0
P03105,C01759,2208.6,upi,ICICI,insufficient_funds,4,1,0,0,0,,0
P03106,C01595,677.93,upi,ICICI,network_error,4,3,0,0,0,,0
P03107,C00247,394.89,upi,Axis,insufficient_funds,3,2,0,0,0,,0
P03108,C01561,718.2,card,Axis,insufficient_funds,7,0,1,30,0,,1
P03109,C02179,1320.89,upi,Axis,network_error,5,1,0,0,1,55.0,0
P03110,C02401,297.86,card,Axis,network_error,3,2,1,30,1,154.0,1
P03111,C02244,1604.08,netbanking,Axis,timeout,1,1,1,60,1,9.0,1
P03112,C01940,233.25,card,SBI,network_error,2,0,1,60,1,179.0,1
P03113,C00930,375.0,upi,SBI,bank_declined,3,1,0,0,1,41.0,0
P03114,C02693,352.85,upi,SBI,bank_declined,3,1,1,30,1,157.0,1
P03115,C00227,1155.5,upi,HDFC,insufficient_funds,4,2,1,60,0,,1
P03116,C02749,227.15,upi,SBI,insufficient_funds,3,4,0,0,1,203.0,0
P03117,C00265,1037.4,netbanking,SBI,limit_exceeded,4,1,0,0,1,105.0,0
P03118,C01396,433.06,card,ICICI,network_error,3,4,0,0,1,20.0,0
P03119,C01458,542.84,netbanking,Axis,insufficient_funds,3,2,1,30,1,43.0,1
P03120,C00646,1129.86,card,Other,bank_declined,3,4,0,0,0,,0
P03121,C02259,690.4,card,ICICI,limit_exceeded,2,0,0,0,0,,0
P03122,C01419,1204.83,card,HDFC,limit_exceeded,3,2,1,60,1,85.0,1
P03123,C01474,1023.09,upi,ICICI,timeout,2,2,0,0,0,,0
P03124,C02991,3082.99,card,Other,network_error,2,1,1,120,0,,1
P03125,C01388,1104.64,card,ICICI,limit_exceeded,3,1,0,0,0,,0
P03126,C01900,537.03,upi,ICICI,network_error,3,4,1,60,0,,1
P03127,C02505,514.34,upi,SBI,network_error,5,2,1,10,0,,1
P03128,C02773,1660.72,upi,HDFC,timeout,3,1,0,0,0,,0
P03129,C01250,617.1,upi,SBI,bank_declined,4,7,0,0,1,54.0,0
P03130,C00982,713.04,wallet,Other,timeout,6,1,1,60,1,82.0,1
P03131,C01155,1157.53,netbanking,HDFC,insufficient_funds,2,2,0,0,0,,0
P03132,C00588,398.85,card,Other,insufficient_funds,8,2,0,0,1,128.0,0
P03133,C00476,272.49,netbanking,Other,timeout,3,1,1,60,0,,1
P03134,C01822,761.31,upi,ICICI,network_error,4,1,1,10,0,,1
P03135,C00986,362.62,card,ICICI,bank_declined,3,4,0,0,1,129.0,0
P03136,C02204,1479.18,card,ICICI,network_error,4,1,1,10,0,,1
P03137,C01242,92.19,netbanking,ICICI,limit_exceeded,5,1,1,30,0,,1
P03138,C00190,360.56,upi,HDFC,limit_exceeded,2,4,1,60,1,101.0,1
P03139,C01441,634.61,upi,SBI,network_error,1,0,1,60,1,113.0,1
P03140,C00981,330.77,card,HDFC,network_error,2,4,0,0,0,,0
P03141,C01699,1440.42,wallet,ICICI,network_error,1,2,1,120,0,,1
P03142,C01716,625.21,netbanking,Axis,timeout,2,7,1,60,1,178.0,1
P03143,C02594,336.62,wallet,Other,limit_exceeded,5,3,0,0,0,,0
P03144,C00041,641.29,card,ICICI,insufficient_funds,2,0,0,0,0,,0
P03145,C02355,199.59,upi,ICICI,network_error,6,1,0,0,0,,0
P03146,C00943,777.49,upi,Other,insufficient_funds,4,1,1,120,1,159.0,1
P03147,C00338,1365.7,card,Other,network_error,0,2,0,0,0,,0
P03148,C01338,487.02,card,SBI,insufficient_funds,2,5,0,0,0,,0
P03149,C01099,537.91,card,HDFC,timeout,6,1,0,0,0,,0
P03150,C02327,245.04,wallet,Other,network_error,2,2,1,10,0,,1
P03151,C00896,317.35,upi,HDFC,limit_exceeded,2,2,0,0,0,,0
P03152,C02321,1127.41,card,ICICI,limit_exceeded,2,3,1,10,1,112.0,1
P03153,C02885,497.14,upi,Axis,limit_exceeded,5,3,1,120,1,149.0,1
P03154,C02668,2570.13,upi,Axis,insufficient_funds,5,3,0,0,0,,0
P03155,C01675,806.24,card,SBI,bank_declined,7,1,1,10,1,144.0,1
P03156,C02910,242.3,wallet,SBI,bank_declined,6,4,1,120,1,31.0,1
P03157,C00931,2699.9,netbanking,SBI,timeout,4,3,0,0,0,,0
P03158,C00289,197.11,upi,Axis,insufficient_funds,2,2,0,0,0,,0
P03159,C00724,409.53,upi,Other,limit_exceeded,5,2,0,0,1,224.0,0
P03160,C02941,605.11,netbanking,Other,bank_declined,4,3,1,60,1,192.0,1
P03161,C02320,667.46,card,Other,network_error,1,3,1,10,1,22.0,1
P03162,C01954,347.47,netbanking,ICICI,limit_exceeded,3,1,0,0,0,,0
P03163,C01090,539.9,netbanking,HDFC,limit_exceeded,4,1,1,10,1,168.0,1
P03164,C00483,1363.12,netbanking,ICICI,bank_declined,1,0,1,60,0,,1
P03165,C00936,1376.66,card,SBI,bank_declined,4,1,0,0,1,218.0,0
P03166,C02296,1920.52,card,SBI,timeout,3,3,1,60,0,,1
P03167,C00156,291.72,card,Other,timeout,5,1,1,30,0,,1
P03168,C01071,658.23,card,ICICI,timeout,3,0,1,120,0,,1
P03169,C01959,736.35,wallet,ICICI,insufficient_funds,2,3,0,0,0,,0
P03170,C02502,149.2,netbanking,Other,insufficient_funds,6,1,0,0,0,,0
P03171,C02249,431.16,card,HDFC,insufficient_funds,11,2,0,0,1,93.0,0
P03172,C01684,788.62,upi,HDFC,bank_declined,4,3,1,10,0,,1
P03173,C00124,481.37,card,ICICI,insufficient_funds,4,1,0,0,0,,0
P03174,C02049,330.74,card,ICICI,timeout,11,2,0,0,1,231.0,0
P03175,C00968,693.97,card,HDFC,bank_declined,4,2,0,0,0,,0
P03176,C00855,1246.5,upi,Axis,timeout,4,1,1,30,1,82.0,1
P03177,C00640,611.13,card,Axis,limit_exceeded,3,1,1,120,1,39.0,1
P03178,C02239,117.29,card,SBI,bank_declined,5,1,1,120,0,,1
P03179,C01603,1230.31,netbanking,ICICI,bank_declined,1,0,1,60,0,,1
P03180,C02564,216.26,card,HDFC,insufficient_funds,4,4,1,30,1,109.0,1
P03181,C00442,231.55,upi,Other,bank_declined,5,2,0,0,1,7.0,0
P03182,C01945,631.23,netbanking,Other,network_error,4,1,0,0,0,,0
P03183,C01839,637.21,card,Axis,insufficient_funds,5,1,1,60,0,,1
P03184,C01830,333.62,netbanking,HDFC,network_error,2,1,1,60,1,224.0,1
P03185,C02191,880.48,upi,Axis,bank_declined,3,1,0,0,0,,0
P03186,C00533,518.2,upi,Axis,limit_exceeded,6,2,0,0,1,72.0,0
P03187,C02275,177.81,card,ICICI,bank_declined,3,2,0,0,0,,0
P03188,C01337,258.25,upi,ICICI,insufficient_funds,6,2,0,0,0,,0
P03189,C00949,421.9,netbanking,HDFC,bank_declined,2,2,0,0,0,,0
P03190,C02020,533.71,card,SBI,bank_declined,3,2,0,0,1,216.0,0
P03191,C00460,354.54,card,ICICI,bank_declined,1,2,0,0,0,,0
P03192,C00551,142.03,upi,SBI,bank_declined,6,1,1,60,0,,1
P03193,C00393,315.8,upi,Axis,limit_exceeded,5,1,1,10,0,,1
P03194,C01788,818.58,card,Axis,bank_declined,5,1,0,0,1,51.0,0
P03195,C00845,539.4,upi,HDFC,bank_declined,5,2,1,10,1,124.0,1
P03196,C02258,984.34,card,HDFC,timeout,4,0,0,0,0,,0
P03197,C01139,891.31,card,Axis,bank_declined,3,5,0,0,1,97.0,0
P03198,C00646,153.09,upi,SBI,insufficient_funds,4,3,0,0,0,,0
P03199,C02267,323.31,upi,SBI,limit_exceeded,3,2,1,30,0,,1
P03200,C02455,832.75,upi,Axis,insufficient_funds,6,2,1,60,1,36.0,1
P03201,C01467,728.51,netbanking,Other,timeout,4,4,1,30,0,,1
P03202,C01378,725.77,wallet,Other,timeout,1,1,0,0,1,85.0,0
P03203,C02936,1032.18,card,SBI,bank_declined,5,3,1,120,0,,1
P03204,C02606,1252.59,upi,Other,insufficient_funds,6,1,0,0,1,17.0,0
P03205,C02598,151.62,upi,ICICI,bank_declined,5,1,1,60,1,33.0,1
P03206,C00142,382.67,netbanking,HDFC,bank_declined,4,4,1,120,1,218.0,1
P03207,C02660,807.87,netbanking,HDFC,limit_exceeded,5,1,1,60,0,,1
P03208,C00501,887.31,netbanking,Other,insufficient_funds,3,2,0,0,1,204.0,0
P03209,C00840,1735.49,upi,Axis,network_error,3,1,0,0,0,,0
P03210,C02750,1453.26,card,ICICI,timeout,1,0,0,0,1,156.0,0
P03211,C01683,1142.32,card,Other,network_error,3,2,0,0,1,214.0,0
P03212,C01566,367.58,upi,Axis,network_error,3,1,0,0,1,155.0,0
P03213,C02047,930.73,card,Axis,limit_exceeded,4,5,1,120,0,,1
P03214,C01531,2057.26,card,SBI,network_error,4,5,1,120,0,,1
P03215,C00596,1469.54,wallet,ICICI,limit_exceeded,5,1,0,0,0,,0
P03216,C01905,669.62,wallet,ICICI,insufficient_funds,4,4,0,0,0,,0
P03217,C00281,1417.54,card,SBI,network_error,1,5,0,0,0,,0
P03218,C00424,602.3,netbanking,Axis,insufficient_funds,1,1,0,0,0,,0
P03219,C02904,607.22,wallet,Axis,timeout,3,1,0,0,1,100.0,0
P03220,C00270,441.06,upi,Other,timeout,1,1,1,60,0,,1
P03221,C00154,195.62,upi,HDFC,network_error,6,0,1,60,1,221.0,1
P03222,C02662,1007.76,wallet,SBI,bank_declined,1,4,0,0,0,,0
P03223,C01751,482.05,card,Other,bank_declined,3,0,1,30,1,42.0,1
P03224,C00662,572.52,netbanking,ICICI,insufficient_funds,1,2,0,0,0,,0
P03225,C01968,739.94,card,ICICI,bank_declined,4,1,0,0,1,164.0,0
P03226,C00083,345.33,upi,ICICI,bank_declined,1,4,1,30,0,,1
P03227,C02995,959.43,card,HDFC,network_error,2,1,1,10,1,199.0,1
P03228,C02947,467.07,upi,SBI,timeout,6,3,1,120,1,107.0,1
P03229,C01450,480.39,netbanking,HDFC,network_error,1,3,1,120,1,29.0,1
P03230,C01299,56.04,card,Axis,network_error,3,1,0,0,1,10.0,0
P03231,C02332,576.88,upi,Axis,limit_exceeded,4,1,0,0,1,191.0,0
P03232,C00980,269.97,netbanking,ICICI,insufficient_funds,6,6,0,0,0,,0
P03233,C02221,403.7,wallet,SBI,network_error,4,1,0,0,0,,0
P03234,C02811,302.34,netbanking,Other,insufficient_funds,3,2,1,120,0,,1
P03235,C01660,316.14,upi,Axis,network_error,4,2,1,60,0,,1
P03236,C01399,443.02,netbanking,Other,timeout,4,1,0,0,1,209.0,0
P03237,C00633,730.23,upi,Other,timeout,3,3,1,30,0,,1
P03238,C01532,1477.83,upi,Axis,network_error,5,2,0,0,1,151.0,0
P03239,C00787,578.86,card,Other,insufficient_funds,2,3,0,0,0,,0
P03240,C02991,376.07,card,Other,insufficient_funds,7,2,0,0,0,,0
P03241,C00398,414.35,card,Other,timeout,5,4,1,10,1,36.0,1
P03242,C01144,1007.5,upi,HDFC,timeout,6,2,0,0,1,56.0,0
P03243,C00934,698.67,card,SBI,insufficient_funds,5,1,0,0,0,,0
P03244,C01461,214.77,card,ICICI,insufficient_funds,4,1,1,30,0,,1
P03245,C01853,316.67,card,HDFC,timeout,2,1,1,30,0,,1
P03246,C02724,522.69,card,Other,limit_exceeded,5,1,0,0,1,171.0,0
P03247,C02984,440.85,netbanking,HDFC,network_error,3,3,0,0,0,,0
P03248,C02513,338.73,upi,HDFC,insufficient_funds,2,2,0,0,0,,0
P03249,C00286,436.41,upi,SBI,bank_declined,4,5,0,0,0,,0
P03250,C00265,607.04,card,SBI,timeout,3,1,0,0,1,107.0,0
P03251,C02368,652.83,upi,Other,network_error,4,1,0,0,0,,0
P03252,C02721,513.44,upi,HDFC,insufficient_funds,4,0,0,0,0,,0
P03253,C02868,950.62,card,SBI,bank_declined,1,2,1,120,0,,1
P03254,C02137,683.57,wallet,SBI,timeout,5,1,0,0,0,,0
P03255,C01678,244.36,wallet,HDFC,bank_declined,3,3,0,0,1,47.0,0
P03256,C01227,393.41,wallet,SBI,bank_declined,2,4,0,0,0,,0
P03257,C00821,452.2,upi,Axis,limit_exceeded,2,3,1,60,1,175.0,1
P03258,C01763,446.66,netbanking,SBI,limit_exceeded,5,2,1,30,1,207.0,1
P03259,C02382,286.46,card,Other,timeout,3,2,1,30,1,109.0,1
P03260,C02270,339.59,netbanking,Other,insufficient_funds,3,1,1,30,0,,1
P03261,C00041,937.45,wallet,ICICI,insufficient_funds,5,3,0,0,0,,0
P03262,C01732,249.64,card,ICICI,bank_declined,8,4,0,0,0,,0
P03263,C00068,405.87,card,HDFC,insufficient_funds,2,1,0,0,0,,0
P03264,C00988,1196.32,card,Other,insufficient_funds,4,1,1,10,1,95.0,1
P03265,C01800,473.85,netbanking,ICICI,bank_declined,2,5,0,0,0,,0
P03266,C02562,2656.8,upi,HDFC,network_error,5,1,0,0,0,,0
P03267,C01622,1544.43,upi,ICICI,network_error,5,3,0,0,0,,0
P03268,C01656,108.97,netbanking,SBI,bank_declined,5,0,0,0,1,235.0,0
P03269,C01279,232.32,netbanking,Axis,insufficient_funds,3,5,0,0,0,,0
P03270,C00695,520.28,wallet,ICICI,network_error,5,3,0,0,0,,0
P03271,C02525,399.0,card,SBI,insufficient_funds,2,5,1,120,1,92.0,1
P03272,C01086,814.63,upi,Axis,insufficient_funds,9,1,1,10,0,,1
P03273,C02929,782.2,wallet,ICICI,bank_declined,3,5,0,0,1,48.0,0
P03274,C02480,172.64,upi,Other,network_error,4,3,0,0,0,,0
P03275,C01694,1122.79,upi,Axis,timeout,8,2,0,0,0,,0
P03276,C02316,1910.55,wallet,SBI,network_error,5,1,0,0,0,,0
P03277,C01059,190.5,netbanking,Other,bank_declined,2,0,0,0,1,19.0,0
P03278,C00779,379.15,upi,SBI,network_error,6,2,1,30,1,28.0,1
P03279,C00494,394.04,upi,ICICI,insufficient_funds,3,1,1,60,0,,1
P03280,C01586,1185.13,wallet,SBI,bank_declined,2,2,0,0,0,,0
P03281,C01493,1423.5,card,HDFC,network_error,3,2,1,60,1,21.0,1
P03282,C01791,364.39,card,SBI,timeout,2,0,0,0,1,149.0,0
P03283,C00661,357.65,wallet,SBI,insufficient_funds,6,0,0,0,1,180.0,0
P03284,C01349,1003.9,upi,Other,insufficient_funds,2,1,1,10,0,,1
P03285,C01328,425.93,upi,SBI,insufficient_funds,9,2,0,0,0,,0
P03286,C01300,577.95,upi,Axis,network_error,6,3,0,0,0,,0
P03287,C01987,964.53,upi,SBI,network_error,3,1,0,0,0,,0
P03288,C02045,822.88,upi,ICICI,insufficient_funds,4,3,1,120,0,,1
P03289,C01929,604.19,netbanking,HDFC,network_error,4,1,0,0,1,203.0,0
P03290,C01348,196.98,upi,HDFC,timeout,6,1,1,30,1,18.0,1
P03291,C01059,751.09,upi,SBI,insufficient_funds,4,4,0,0,0,,0
P03292,C00977,987.76,card,HDFC,bank_declined,3,3,0,0,1,181.0,0
P03293,C00482,835.49,upi,Other,timeout,7,2,1,60,0,,1
P03294,C00728,188.5,netbanking,HDFC,network_error,6,1,1,120,1,37.0,1
P03295,C02528,875.13,upi,ICICI,bank_declined,3,4,1,60,1,13.0,1
P03296,C01032,300.64,netbanking,SBI,timeout,2,2,0,0,0,,0
P03297,C00343,91.69,card,HDFC,limit_exceeded,2,2,0,0,1,147.0,0
P03298,C01448,442.28,upi,ICICI,bank_declined,5,1,0,0,0,,0
P03299,C02380,220.91,card,HDFC,network_error,5,2,0,0,0,,0
P03300,C02486,492.05,netbanking,ICICI,insufficient_funds,1,0,1,10,0,,1
P03301,C02222,205.74,upi,SBI,insufficient_funds,3,1,0,0,1,121.0,0
P03302,C02607,425.05,upi,ICICI,network_error,3,2,1,60,0,,1
P03303,C00527,158.13,card,HDFC,bank_declined,5,2,0,0,1,68.0,0
P03304,C01897,307.07,wallet,ICICI,timeout,3,2,0,0,1,41.0,0
P03305,C00659,623.55,netbanking,SBI,timeout,8,1,1,10,1,28.0,1
P03306,C02074,1700.72,upi,ICICI,bank_declined,3,2,1,60,1,149.0,1
P03307,C00820,405.11,upi,Other,network_error,5,1,0,0,0,,0
P03308,C02653,488.14,upi,HDFC,timeout,8,6,0,0,0,,0
P03309,C00406,861.58,wallet,ICICI,bank_declined,2,1,0,0,0,,0
P03310,C02280,654.42,netbanking,Other,bank_declined,1,1,1,30,0,,1
P03311,C02581,678.13,card,Other,insufficient_funds,7,2,1,120,0,,1
P03312,C01574,803.67,wallet,Axis,insufficient_funds,4,2,1,10,1,136.0,1
P03313,C01812,377.43,card,ICICI,network_error,4,2,0,0,1,38.0,0
P03314,C00505,283.94,upi,Axis,bank_declined,3,4,0,0,0,,0
P03315,C00179,599.06,netbanking,Other,insufficient_funds,2,4,0,0,1,129.0,0
P03316,C00132,96.43,card,SBI,insufficient_funds,4,2,0,0,1,36.0,0
P03317,C01847,117.05,wallet,ICICI,insufficient_funds,5,3,1,120,1,36.0,1
P03318,C01479,1403.63,card,Axis,timeout,4,0,1,60,0,,1
P03319,C02396,1090.89,upi,HDFC,insufficient_funds,4,0,1,120,0,,1
P03320,C02588,306.2,card,SBI,bank_declined,3,2,1,120,1,232.0,1
P03321,C00772,208.27,netbanking,Axis,insufficient_funds,4,0,0,0,0,,0
P03322,C01430,720.3,card,ICICI,network_error,3,4,0,0,1,25.0,0
P03323,C02124,806.14,card,HDFC,network_error,9,2,0,0,1,68.0,0
P03324,C00579,263.87,card,SBI,limit_exceeded,7,3,1,10,0,,1
P03325,C02902,450.98,upi,Other,timeout,5,2,0,0,1,160.0,0
P03326,C01516,139.56,upi,Axis,limit_exceeded,5,0,1,30,0,,1
P03327,C00194,362.37,card,SBI,network_error,0,1,1,10,0,,1
P03328,C02008,417.71,card,Other,timeout,1,1,1,30,1,183.0,1
P03329,C01186,552.16,card,ICICI,limit_exceeded,3,0,0,0,1,171.0,0
P03330,C02395,2323.81,upi,ICICI,insufficient_funds,4,7,0,0,1,207.0,0
P03331,C02999,215.87,card,Other,limit_exceeded,2,3,1,60,1,104.0,1
P03332,C01385,1410.28,upi,SBI,insufficient_funds,6,1,1,30,1,166.0,1
P03333,C01793,327.93,card,Axis,timeout,3,2,0,0,0,,0
P03334,C01111,305.44,netbanking,ICICI,timeout,5,1,0,0,1,40.0,0
P03335,C02262,1023.58,card,ICICI,insufficient_funds,1,3,0,0,1,155.0,0
P03336,C01937,302.26,netbanking,SBI,limit_exceeded,4,1,0,0,1,183.0,0
P03337,C02621,264.13,netbanking,ICICI,limit_exceeded,6,1,0,0,0,,0
P03338,C00780,754.34,wallet,HDFC,network_error,9,0,1,120,1,30.0,1
P03339,C00262,685.87,netbanking,Other,insufficient_funds,2,1,0,0,0,,0
P03340,C00730,340.18,upi,Axis,network_error,2,1,1,30,1,41.0,1
P03341,C00283,1733.25,card,SBI,bank_declined,6,3,1,120,0,,1
P03342,C01491,346.85,card,HDFC,limit_exceeded,8,0,1,60,1,66.0,1
P03343,C00362,161.54,netbanking,ICICI,bank_declined,9,3,1,30,1,98.0,1
P03344,C00441,216.72,upi,ICICI,network_error,2,6,1,120,1,90.0,1
P03345,C02141,212.05,netbanking,HDFC,network_error,4,2,0,0,0,,0
P03346,C01645,378.95,upi,ICICI,bank_declined,2,3,0,0,0,,0
P03347,C02801,1341.1,netbanking,Other,network_error,6,0,1,60,1,117.0,1
P03348,C00867,138.2,netbanking,ICICI,bank_declined,5,5,1,120,1,161.0,1
P03349,C01448,1619.96,card,Axis,bank_declined,3,0,1,120,0,,1
P03350,C00142,299.49,netbanking,Other,limit_exceeded,9,2,0,0,0,,0
P03351,C01315,326.25,card,SBI,insufficient_funds,4,1,1,30,0,,1
P03352,C01456,280.06,netbanking,Other,bank_declined,7,3,0,0,1,81.0,0
P03353,C02797,337.91,wallet,SBI,insufficient_funds,4,4,1,60,0,,1
P03354,C01876,408.98,wallet,SBI,bank_declined,5,2,0,0,0,,0
P03355,C01848,443.05,card,Other,network_error,1,4,1,120,1,94.0,1
P03356,C01713,594.03,card,Axis,insufficient_funds,6,3,0,0,0,,0
P03357,C02701,111.73,netbanking,ICICI,bank_declined,4,2,0,0,1,109.0,0
P03358,C00701,440.1,netbanking,Other,limit_exceeded,3,1,1,30,0,,1
P03359,C00998,684.38,card,SBI,network_error,5,2,0,0,0,,0
P03360,C02097,464.31,upi,Other,insufficient_funds,1,3,1,10,0,,1
P03361,C01326,402.39,card,SBI,limit_exceeded,9,2,0,0,0,,0
P03362,C00881,340.92,upi,SBI,limit_exceeded,6,1,0,0,0,,0
P03363,C01214,1023.51,netbanking,HDFC,insufficient_funds,4,2,0,0,1,171.0,0
P03364,C01160,680.56,upi,Axis,limit_exceeded,6,0,0,0,1,159.0,0
P03365,C00555,419.68,card,Axis,network_error,1,2,0,0,0,,0
P03366,C00404,702.7,wallet,SBI,limit_exceeded,3,1,0,0,0,,0
P03367,C00892,935.22,upi,SBI,limit_exceeded,2,2,0,0,0,,0
P03368,C02913,187.52,upi,ICICI,network_error,5,3,0,0,0,,0
P03369,C00602,695.86,card,SBI,bank_declined,10,6,1,10,1,209.0,1
P03370,C01831,271.58,card,SBI,limit_exceeded,3,1,0,0,0,,0
P03371,C00341,1209.43,card,Axis,network_error,6,1,0,0,1,201.0,0
P03372,C01969,250.91,netbanking,SBI,bank_declined,2,2,0,0,0,,0
P03373,C00704,480.84,upi,ICICI,bank_declined,2,2,1,120,1,234.0,1
P03374,C00318,593.76,upi,HDFC,bank_declined,3,5,0,0,1,40.0,0
P03375,C02666,133.57,netbanking,HDFC,limit_exceeded,3,1,1,30,1,200.0,1
P03376,C01387,113.83,wallet,ICICI,timeout,3,1,1,120,0,,1
P03377,C02430,365.31,upi,SBI,insufficient_funds,7,3,1,60,0,,1
P03378,C02281,1587.02,upi,ICICI,insufficient_funds,6,2,0,0,1,16.0,0
P03379,C01801,430.93,netbanking,HDFC,insufficient_funds,6,2,1,120,1,19.0,1
P03380,C01368,686.17,upi,Axis,network_error,3,3,1,120,1,25.0,1
P03381,C01573,55.28,card,SBI,timeout,6,0,1,120,0,,1
P03382,C00817,881.13,upi,SBI,network_error,3,2,1,60,1,67.0,1
P03383,C00553,693.82,netbanking,Other,network_error,3,2,0,0,0,,0
P03384,C00856,779.36,wallet,SBI,insufficient_funds,4,2,1,60,0,,1
P03385,C01813,506.48,upi,Other,bank_declined,7,1,0,0,0,,0
P03386,C02867,201.17,upi,Other,bank_declined,4,1,0,0,0,,0
P03387,C00183,289.87,netbanking,Axis,bank_declined,5,4,0,0,0,,0
P03388,C01575,260.34,card,Other,bank_declined,3,2,0,0,1,227.0,0
P03389,C00397,720.49,netbanking,Other,insufficient_funds,4,1,0,0,1,85.0,0
P03390,C01728,418.18,upi,Other,limit_exceeded,8,3,1,60,0,,1
P03391,C02827,878.85,card,Other,limit_exceeded,2,3,1,10,0,,1
P03392,C01518,761.36,upi,Other,timeout,3,4,0,0,0,,0
P03393,C00907,1683.15,card,ICICI,network_error,3,2,0,0,1,230.0,0
P03394,C01357,530.84,upi,Other,timeout,8,2,0,0,0,,0
P03395,C02175,420.44,card,ICICI,limit_exceeded,4,5,1,60,0,,1
P03396,C00001,526.02,card,ICICI,bank_declined,5,3,0,0,0,,0
P03397,C00019,76.01,card,ICICI,bank_declined,1,0,0,0,0,,0
P03398,C00584,379.21,upi,SBI,timeout,3,1,0,0,1,101.0,0
P03399,C00456,754.01,upi,ICICI,network_error,4,1,1,30,1,51.0,1
P03400,C02037,399.36,card,SBI,timeout,4,1,1,30,1,181.0,1
P03401,C01133,412.43,card,ICICI,bank_declined,1,1,0,0,1,135.0,0
P03402,C02493,397.1,netbanking,ICICI,bank_declined,7,1,0,0,1,117.0,0
P03403,C01953,1485.74,wallet,ICICI,network_error,2,3,0,0,0,,0
P03404,C02650,592.77,upi,Axis,insufficient_funds,7,1,0,0,0,,0
P03405,C02151,438.79,upi,SBI,insufficient_funds,2,4,0,0,1,145.0,0
P03406,C00988,2668.11,upi,SBI,insufficient_funds,7,3,0,0,0,,0
P03407,C00520,195.02,card,Axis,insufficient_funds,5,0,1,30,1,208.0,1
P03408,C00859,303.19,wallet,Other,insufficient_funds,4,1,0,0,1,220.0,0
P03409,C00174,228.98,netbanking,ICICI,timeout,5,4,1,120,0,,1
P03410,C01367,285.03,card,HDFC,network_error,3,1,1,120,1,11.0,1
P03411,C02479,1168.97,card,SBI,network_error,3,1,0,0,0,,0
P03412,C00727,241.49,upi,SBI,insufficient_funds,2,3,1,10,0,,1
P03413,C01711,498.21,card,HDFC,bank_declined,0,1,0,0,0,,0
P03414,C01876,679.49,upi,HDFC,insufficient_funds,3,1,1,120,0,,1
P03415,C02898,791.14,netbanking,HDFC,limit_exceeded,7,2,1,30,0,,1
P03416,C01682,307.35,card,Axis,insufficient_funds,5,2,0,0,1,100.0,0
P03417,C01348,722.29,netbanking,ICICI,insufficient_funds,3,1,1,120,0,,1
P03418,C00990,353.16,wallet,ICICI,network_error,3,3,1,10,0,,1
P03419,C02687,491.07,card,HDFC,bank_declined,6,5,0,0,1,78.0,0
P03420,C00420,229.76,card,Other,limit_exceeded,3,3,1,120,0,,1
P03421,C00594,194.75,wallet,ICICI,timeout,4,5,0,0,1,32.0,0
P03422,C02533,624.24,card,Other,limit_exceeded,4,1,1,10,1,193.0,1
P03423,C01775,2593.93,card,ICICI,timeout,7,3,0,0,0,,0
P03424,C02460,387.98,netbanking,Other,insufficient_funds,5,3,0,0,0,,0
P03425,C00936,478.32,card,Axis,insufficient_funds,2,3,0,0,0,,0
P03426,C01108,751.72,card,ICICI,insufficient_funds,7,1,1,60,1,142.0,1
P03427,C01137,1030.41,card,ICICI,timeout,1,2,1,60,0,,1
P03428,C00332,1067.71,wallet,SBI,network_error,4,5,1,10,0,,1
P03429,C02703,715.9,netbanking,ICICI,limit_exceeded,2,4,1,60,1,12.0,1
P03430,C02089,435.83,upi,SBI,network_error,1,2,0,0,0,,0
P03431,C01794,792.86,upi,HDFC,insufficient_funds,2,1,0,0,0,,0
P03432,C00959,647.9,card,SBI,insufficient_funds,1,5,1,60,1,194.0,1
P03433,C00105,472.29,wallet,HDFC,bank_declined,9,5,0,0,1,49.0,0
P03434,C00202,933.38,netbanking,ICICI,insufficient_funds,7,1,0,0,0,,0
P03435,C02498,664.45,card,SBI,network_error,6,0,1,10,1,232.0,1
P03436,C01843,301.92,wallet,HDFC,insufficient_funds,6,1,1,10,0,,1
P03437,C01867,233.79,wallet,SBI,timeout,1,1,1,60,0,,1
P03438,C01997,161.81,upi,HDFC,network_error,3,3,0,0,0,,0
P03439,C01290,254.84,wallet,SBI,timeout,4,4,1,60,0,,1
P03440,C00910,503.45,card,HDFC,limit_exceeded,6,1,0,0,0,,0
P03441,C00210,1009.77,netbanking,Other,network_error,1,3,1,60,1,134.0,1
P03442,C00563,454.22,card,ICICI,timeout,6,4,1,10,0,,1
P03443,C02761,605.89,upi,ICICI,insufficient_funds,8,2,1,10,1,100.0,1
P03444,C01564,750.71,wallet,SBI,limit_exceeded,4,2,0,0,0,,0
P03445,C00771,210.39,upi,HDFC,insufficient_funds,6,1,1,120,1,12.0,1
P03446,C02502,364.1,netbanking,Other,bank_declined,8,4,0,0,0,,0
P03447,C02715,218.26,card,ICICI,limit_exceeded,2,2,1,10,1,72.0,1
P03448,C00629,389.26,upi,SBI,insufficient_funds,3,2,1,30,1,233.0,1
P03449,C01629,593.23,card,ICICI,insufficient_funds,2,2,0,0,0,,0
P03450,C01702,520.56,card,Other,bank_declined,4,2,1,30,0,,1
P03451,C00387,276.92,upi,ICICI,insufficient_funds,5,1,0,0,1,231.0,0
P03452,C01936,721.89,upi,Axis,network_error,5,2,1,60,1,140.0,1
P03453,C02344,592.33,card,Other,bank_declined,1,3,0,0,1,108.0,0
P03454,C02306,665.17,upi,HDFC,insufficient_funds,5,3,0,0,1,98.0,0
P03455,C01105,549.46,upi,Other,limit_exceeded,2,2,1,120,0,,1
P03456,C00268,291.22,upi,SBI,insufficient_funds,1,0,0,0,0,,0
P03457,C02467,210.73,card,HDFC,bank_declined,6,1,0,0,0,,0
P03458,C02283,646.82,upi,ICICI,insufficient_funds,2,1,1,60,0,,1
P03459,C01857,663.01,upi,Other,insufficient_funds,8,1,0,0,1,138.0,0
P03460,C01999,520.0,upi,HDFC,insufficient_funds,3,3,1,30,1,58.0,1
P03461,C01381,2149.77,netbanking,ICICI,timeout,7,2,0,0,1,146.0,0
P03462,C01237,357.43,upi,Other,insufficient_funds,5,4,1,120,0,,1
P03463,C00574,626.67,wallet,HDFC,insufficient_funds,3,3,1,10,0,,1
P03464,C00049,532.96,wallet,SBI,network_error,4,5,0,0,1,236.0,0
P03465,C01151,481.34,netbanking,ICICI,insufficient_funds,4,2,0,0,0,,0
P03466,C00223,233.86,upi,ICICI,bank_declined,4,0,0,0,0,,0
P03467,C02969,407.95,card,SBI,insufficient_funds,5,1,1,120,1,171.0,1
P03468,C01432,967.21,netbanking,SBI,bank_declined,4,0,0,0,0,,0
P03469,C01529,744.65,card,SBI,bank_declined,7,0,1,30,1,20.0,1
P03470,C01820,894.83,card,HDFC,network_error,2,0,0,0,1,130.0,0
P03471,C02325,321.84,wallet,SBI,bank_declined,5,2,0,0,0,,0
P03472,C01462,941.7,upi,Axis,network_error,4,2,0,0,0,,0
P03473,C01131,228.99,card,HDFC,limit_exceeded,4,1,1,30,1,53.0,1
P03474,C01682,429.59,wallet,SBI,timeout,5,2,0,0,1,112.0,0
P03475,C02468,241.53,netbanking,SBI,limit_exceeded,6,1,0,0,0,,0
P03476,C02659,1705.61,upi,Axis,insufficient_funds,2,1,1,60,0,,1
P03477,C00375,551.67,card,Other,limit_exceeded,6,0,1,30,1,232.0,1
P03478,C02121,955.74,upi,SBI,bank_declined,5,1,0,0,0,,0
P03479,C02022,652.81,netbanking,ICICI,bank_declined,3,2,0,0,0,,0
P03480,C01054,715.82,netbanking,SBI,bank_declined,4,3,1,60,0,,1
P03481,C01890,237.19,card,HDFC,timeout,7,0,0,0,0,,0
P03482,C01824,471.27,upi,HDFC,limit_exceeded,7,2,1,120,1,208.0,1
P03483,C01475,231.16,upi,SBI,network_error,4,2,0,0,1,43.0,0
P03484,C02243,355.29,netbanking,HDFC,insufficient_funds,6,2,1,10,0,,1
P03485,C01180,501.19,upi,ICICI,insufficient_funds,4,2,0,0,1,93.0,0
P03486,C02895,255.5,card,SBI,bank_declined,4,1,0,0,0,,0
P03487,C01065,198.31,card,ICICI,bank_declined,5,2,1,30,0,,1
P03488,C02071,209.09,netbanking,Axis,insufficient_funds,3,3,1,10,1,140.0,1
P03489,C00360,758.22,netbanking,Other,limit_exceeded,8,0,1,10,1,27.0,1
P03490,C02608,389.98,card,Axis,bank_declined,3,5,0,0,1,151.0,0
P03491,C02720,197.22,upi,SBI,network_error,3,2,0,0,0,,0
P03492,C02042,465.51,card,Other,bank_declined,2,0,0,0,0,,0
P03493,C01142,798.76,card,SBI,limit_exceeded,0,2,1,60,0,,1
P03494,C01636,444.39,card,Other,network_error,4,3,1,30,0,,1
P03495,C01404,177.55,netbanking,SBI,bank_declined,3,0,0,0,0,,0
P03496,C01944,423.44,upi,Other,network_error,5,4,0,0,1,84.0,0
P03497,C00679,272.22,wallet,ICICI,bank_declined,2,1,1,60,1,133.0,1
P03498,C02488,567.96,netbanking,HDFC,insufficient_funds,4,2,1,10,0,,1
P03499,C02981,367.33,upi,SBI,bank_declined,2,2,0,0,0,,0
P03500,C00007,552.62,upi,Axis,limit_exceeded,7,2,1,10,1,58.0,1
P03501,C02469,141.89,netbanking,Axis,limit_exceeded,4,1,1,30,1,69.0,1
P03502,C01592,498.43,card,SBI,network_error,3,3,0,0,1,236.0,0
P03503,C00833,393.0,card,ICICI,network_error,4,3,1,30,0,,1
P03504,C02607,254.28,upi,SBI,network_error,8,2,0,0,1,127.0,0
P03505,C01811,493.69,card,Other,timeout,1,2,0,0,1,18.0,0
P03506,C00914,379.79,card,HDFC,insufficient_funds,3,3,0,0,0,,0
P03507,C02012,449.81,card,ICICI,bank_declined,2,4,1,10,1,178.0,1
P03508,C01443,236.33,card,HDFC,bank_declined,2,0,1,120,0,,1
P03509,C01451,523.28,upi,Axis,insufficient_funds,1,5,0,0,1,178.0,0
P03510,C01503,128.92,netbanking,HDFC,timeout,9,1,0,0,0,,0
P03511,C00126,409.37,upi,HDFC,insufficient_funds,1,5,0,0,0,,0
P03512,C02443,456.63,card,SBI,bank_declined,3,0,1,30,0,,1
P03513,C00817,1513.64,upi,Axis,limit_exceeded,7,4,1,30,1,211.0,1
P03514,C02929,385.98,card,HDFC,timeout,2,2,1,10,1,201.0,1
P03515,C01830,1416.31,upi,Other,network_error,7,2,0,0,1,81.0,0
P03516,C00576,1026.95,netbanking,HDFC,bank_declined,2,2,1,30,0,,1
P03517,C02373,425.29,card,SBI,network_error,2,2,0,0,1,93.0,0
P03518,C01416,468.15,card,ICICI,insufficient_funds,5,2,0,0,1,164.0,0
P03519,C00930,217.54,upi,ICICI,timeout,6,2,0,0,1,15.0,0
P03520,C01464,307.01,card,ICICI,insufficient_funds,2,4,1,10,0,,1
P03521,C00833,545.27,card,Other,bank_declined,3,1,0,0,0,,0
P03522,C01055,370.68,card,HDFC,insufficient_funds,4,0,0,0,1,8.0,0
P03523,C01649,861.69,card,Axis,timeout,5,3,0,0,1,221.0,0
P03524,C01901,734.69,wallet,HDFC,limit_exceeded,4,4,0,0,0,,0
P03525,C01458,570.4,netbanking,ICICI,bank_declined,5,1,1,120,1,118.0,1
P03526,C02885,748.9,upi,ICICI,insufficient_funds,5,1,0,0,1,218.0,0
P03527,C02974,625.35,netbanking,Axis,limit_exceeded,6,1,0,0,0,,0
P03528,C01400,488.27,card,HDFC,bank_declined,1,4,0,0,0,,0
P03529,C00443,286.73,card,ICICI,insufficient_funds,5,3,0,0,0,,0
P03530,C02123,1751.41,card,Axis,insufficient_funds,5,3,0,0,0,,0
P03531,C00557,761.22,upi,SBI,insufficient_funds,3,2,1,60,0,,1
P03532,C01179,620.41,netbanking,ICICI,insufficient_funds,4,2,1,10,0,,1
P03533,C02038,280.63,card,SBI,insufficient_funds,0,0,1,30,0,,1
P03534,C00363,2624.85,card,HDFC,limit_exceeded,2,3,0,0,0,,0
P03535,C02496,295.51,netbanking,Other,insufficient_funds,4,1,1,120,0,,1
P03536,C01258,502.95,upi,HDFC,bank_declined,4,4,0,0,0,,0
P03537,C01842,516.6,upi,Other,timeout,4,4,1,120,1,176.0,1
P03538,C02310,189.83,upi,Axis,network_error,1,2,0,0,0,,0
P03539,C01851,668.75,card,Other,limit_exceeded,3,2,1,120,1,116.0,1
P03540,C02173,621.59,netbanking,Axis,limit_exceeded,3,3,0,0,1,65.0,0
P03541,C00911,231.96,upi,ICICI,network_error,7,5,1,30,0,,1
P03542,C00245,819.43,card,HDFC,timeout,1,1,0,0,0,,0
P03543,C00542,249.13,wallet,Axis,bank_declined,4,2,0,0,0,,0
P03544,C02533,392.19,card,HDFC,bank_declined,5,2,0,0,1,220.0,0
P03545,C02170,284.65,upi,HDFC,insufficient_funds,3,2,1,120,1,33.0,1
P03546,C02173,751.58,card,Axis,network_error,4,0,0,0,0,,0
P03547,C01573,698.04,card,Axis,bank_declined,2,2,0,0,0,,0
P03548,C02218,222.86,card,Other,insufficient_funds,2,1,1,60,0,,1
P03549,C00124,324.18,card,ICICI,insufficient_funds,5,1,1,30,0,,1
P03550,C02694,327.55,upi,ICICI,timeout,4,2,1,120,0,,1
P03551,C01732,774.55,card,SBI,insufficient_funds,4,3,1,10,0,,1
P03552,C00786,298.8,netbanking,Other,timeout,4,3,1,120,0,,1
P03553,C02044,451.45,card,Other,limit_exceeded,7,2,0,0,1,126.0,0
P03554,C02249,418.1,netbanking,HDFC,bank_declined,3,2,1,30,0,,1
P03555,C02417,391.52,card,HDFC,timeout,6,1,0,0,1,139.0,0
P03556,C00797,1643.29,card,Axis,bank_declined,5,2,1,30,1,63.0,1
P03557,C00077,306.67,card,SBI,timeout,5,2,0,0,1,90.0,0
P03558,C00059,420.09,netbanking,HDFC,bank_declined,5,0,0,0,0,,0
P03559,C02479,635.28,card,Other,limit_exceeded,5,0,1,120,1,210.0,1
P03560,C02686,365.95,card,SBI,limit_exceeded,3,2,0,0,1,172.0,0
P03561,C01524,326.47,card,Other,bank_declined,5,0,0,0,0,,0
P03562,C01937,624.83,upi,Other,insufficient_funds,4,3,1,60,0,,1
P03563,C02157,852.47,wallet,Other,network_error,3,2,0,0,1,138.0,0
P03564,C01302,1226.39,upi,ICICI,network_error,2,1,1,60,0,,1
P03565,C00068,429.0,upi,Other,limit_exceeded,5,0,1,120,1,23.0,1
P03566,C02353,287.37,upi,ICICI,timeout,3,1,0,0,0,,0
P03567,C01933,285.92,wallet,HDFC,timeout,4,0,0,0,0,,0
P03568,C02722,1315.45,netbanking,Other,timeout,2,1,1,10,0,,1
P03569,C00365,618.66,card,Axis,bank_declined,4,3,0,0,0,,0
P03570,C00821,277.69,card,Axis,limit_exceeded,3,1,1,120,1,68.0,1
P03571,C01403,306.26,upi,ICICI,bank_declined,5,4,1,60,1,52.0,1
P03572,C02391,226.44,upi,ICICI,bank_declined,5,1,0,0,1,162.0,0
P03573,C00947,466.23,card,SBI,insufficient_funds,4,1,1,10,0,,1
P03574,C02947,690.66,upi,Other,bank_declined,9,2,1,60,1,18.0,1
P03575,C01578,1453.9,upi,Other,insufficient_funds,5,1,1,10,0,,1
P03576,C01378,1052.83,upi,Other,network_error,7,2,0,0,0,,0
P03577,C01440,505.52,upi,Other,network_error,1,1,0,0,0,,0
P03578,C00762,303.55,wallet,SBI,bank_declined,6,1,0,0,0,,0
P03579,C00341,679.41,card,HDFC,limit_exceeded,4,3,0,0,1,55.0,0
P03580,C02990,142.75,netbanking,ICICI,network_error,5,0,0,0,0,,0
P03581,C00383,283.85,card,ICICI,insufficient_funds,6,3,0,0,0,,0
P03582,C01004,768.64,card,Axis,bank_declined,4,5,1,30,0,,1
P03583,C01557,909.75,wallet,Other,network_error,3,3,0,0,0,,0
P03584,C00300,1231.43,upi,ICICI,network_error,5,3,0,0,1,72.0,0
P03585,C00139,455.22,upi,Axis,bank_declined,4,2,0,0,0,,0
P03586,C00359,1221.0,card,SBI,insufficient_funds,3,1,1,60,1,229.0,1
P03587,C00836,376.59,card,Axis,bank_declined,4,1,1,60,0,,1
P03588,C01523,356.33,upi,Other,limit_exceeded,0,4,0,0,1,176.0,0
P03589,C01628,611.05,upi,Axis,bank_declined,3,0,0,0,1,143.0,0
P03590,C01983,1096.37,upi,Other,bank_declined,6,3,0,0,0,,0
P03591,C01304,950.84,card,SBI,timeout,7,3,0,0,1,146.0,0
P03592,C02531,1015.78,upi,SBI,insufficient_funds,1,5,0,0,0,,0
P03593,C00909,712.45,upi,SBI,network_error,4,2,0,0,1,122.0,0
P03594,C01135,964.25,wallet,Axis,network_error,6,3,0,0,0,,0
P03595,C02914,502.52,upi,Other,insufficient_funds,4,2,1,30,1,80.0,1
P03596,C02187,614.63,upi,ICICI,insufficient_funds,5,2,1,30,0,,1
P03597,C00996,3466.83,netbanking,Other,bank_declined,1,3,0,0,1,208.0,0
P03598,C02483,911.49,upi,Axis,timeout,4,1,1,60,0,,1
P03599,C02557,499.7,upi,SBI,timeout,5,3,1,60,0,,1
P03600,C02321,864.59,upi,HDFC,limit_exceeded,3,1,1,120,0,,1
P03601,C02152,235.36,netbanking,ICICI,limit_exceeded,4,5,0,0,1,192.0,0
P03602,C01238,393.44,upi,Other,network_error,3,0,0,0,0,,0
P03603,C01785,427.5,card,Other,network_error,2,0,1,60,1,79.0,1
P03604,C02810,298.26,upi,HDFC,limit_exceeded,6,2,1,10,0,,1
P03605,C02835,1701.06,upi,SBI,timeout,1,0,0,0,1,181.0,0
P03606,C00165,686.7,upi,HDFC,bank_declined,1,0,0,0,0,,0
P03607,C00999,742.14,card,SBI,bank_declined,3,1,1,30,1,61.0,1
P03608,C02568,458.1,upi,Other,bank_declined,5,1,1,60,1,170.0,1
P03609,C01308,219.87,upi,SBI,bank_declined,5,5,1,120,1,160.0,1
P03610,C02565,471.48,upi,ICICI,bank_declined,4,2,0,0,0,,0
P03611,C00657,366.57,upi,Axis,insufficient_funds,3,3,1,30,0,,1
P03612,C02661,241.97,netbanking,Axis,network_error,4,1,1,30,1,237.0,1
P03613,C02212,838.51,netbanking,SBI,limit_exceeded,8,1,1,10,1,12.0,1
P03614,C01910,408.97,upi,Other,bank_declined,2,0,0,0,0,,0
P03615,C02047,141.72,wallet,Other,insufficient_funds,6,2,1,120,1,159.0,1
P03616,C02112,493.01,card,SBI,timeout,9,0,0,0,1,177.0,0
P03617,C01141,499.45,card,HDFC,timeout,4,1,1,120,0,,1
P03618,C01890,835.31,card,HDFC,timeout,3,2,1,60,0,,1
P03619,C00267,535.98,netbanking,HDFC,network_error,8,3,0,0,0,,0
P03620,C01846,320.87,netbanking,Other,timeout,3,0,0,0,0,,0
P03621,C01709,698.22,upi,SBI,timeout,3,0,1,120,0,,1
P03622,C02294,312.88,card,SBI,limit_exceeded,2,2,0,0,0,,0
P03623,C02443,807.33,netbanking,Other,network_error,6,3,1,30,0,,1
P03624,C01511,1106.58,upi,SBI,bank_declined,5,2,1,30,0,,1
P03625,C00476,86.84,netbanking,ICICI,insufficient_funds,4,3,0,0,1,207.0,0
P03626,C00977,291.64,card,HDFC,timeout,4,3,0,0,0,,0
P03627,C01208,682.2,card,SBI,insufficient_funds,3,0,1,60,0,,1
P03628,C01044,525.65,wallet,Other,limit_exceeded,5,1,1,30,1,190.0,1
P03629,C01961,1221.67,upi,SBI,bank_declined,3,3,1,30,0,,1
P03630,C00558,1182.8,upi,Other,limit_exceeded,3,3,1,60,1,184.0,1
P03631,C01018,942.28,upi,SBI,network_error,2,3,0,0,1,136.0,0
P03632,C01606,151.31,netbanking,Axis,bank_declined,4,1,0,0,1,225.0,0
P03633,C00883,439.6,upi,ICICI,bank_declined,4,2,1,60,1,25.0,1
P03634,C02195,771.51,upi,Axis,insufficient_funds,4,0,1,30,0,,1
P03635,C00666,483.71,card,SBI,insufficient_funds,7,1,1,30,0,,1
P03636,C02668,451.08,upi,Other,network_error,1,0,0,0,0,,0
P03637,C01772,1171.81,wallet,SBI,limit_exceeded,2,1,1,10,1,109.0,1
P03638,C02868,633.22,wallet,Other,network_error,7,1,1,60,1,6.0,1
P03639,C00864,412.95,wallet,HDFC,limit_exceeded,4,2,1,30,0,,1
P03640,C00582,214.89,upi,HDFC,limit_exceeded,4,1,0,0,1,68.0,0
P03641,C00695,1643.03,netbanking,SBI,insufficient_funds,5,1,1,60,1,101.0,1
P03642,C01252,608.94,upi,HDFC,network_error,3,3,1,120,0,,1
P03643,C01611,355.46,upi,SBI,bank_declined,7,2,0,0,1,140.0,0
P03644,C01240,945.7,netbanking,HDFC,insufficient_funds,2,0,0,0,0,,0
P03645,C02455,160.38,netbanking,ICICI,insufficient_funds,7,1,0,0,0,,0
P03646,C00399,1679.85,card,Axis,insufficient_funds,4,3,0,0,0,,0
P03647,C01947,755.76,wallet,HDFC,timeout,6,5,1,120,1,105.0,1
P03648,C00715,2289.36,netbanking,ICICI,bank_declined,1,3,0,0,0,,0
P03649,C00704,767.48,netbanking,Axis,bank_declined,1,0,0,0,1,93.0,0
P03650,C02809,582.36,netbanking,Other,limit_exceeded,7,2,0,0,0,,0
P03651,C02547,322.78,upi,Axis,insufficient_funds,3,2,1,30,1,107.0,1
P03652,C01715,362.57,netbanking,Axis,timeout,4,0,1,120,0,,1
P03653,C01973,206.75,upi,ICICI,limit_exceeded,2,4,0,0,0,,0
P03654,C00082,1966.81,upi,SBI,network_error,3,1,0,0,1,152.0,0
P03655,C00604,540.69,card,ICICI,network_error,2,1,1,60,1,147.0,1
P03656,C01971,906.14,netbanking,Axis,insufficient_funds,2,1,1,120,0,,1
P03657,C01711,1013.01,netbanking,Axis,network_error,5,2,1,10,1,213.0,1
P03658,C02047,421.22,wallet,ICICI,bank_declined,6,0,1,10,1,95.0,1
P03659,C02820,281.04,card,HDFC,timeout,4,1,1,60,1,163.0,1
P03660,C00903,298.39,card,Axis,timeout,2,2,0,0,0,,0
P03661,C00365,166.82,upi,Axis,insufficient_funds,4,4,1,10,0,,1
P03662,C00163,225.17,netbanking,Other,network_error,7,0,1,60,0,,1
P03663,C02559,716.64,netbanking,SBI,limit_exceeded,3,1,1,60,1,21.0,1
P03664,C01864,1008.44,upi,ICICI,network_error,4,3,0,0,1,209.0,0
P03665,C00116,494.68,netbanking,Axis,bank_declined,1,2,1,10,0,,1
P03666,C02989,940.58,card,HDFC,limit_exceeded,3,1,1,10,0,,1
P03667,C02385,956.26,upi,HDFC,limit_exceeded,2,1,1,60,0,,1
P03668,C00881,395.47,card,Other,insufficient_funds,0,2,0,0,0,,0
P03669,C02785,1054.84,card,HDFC,insufficient_funds,6,4,1,30,0,,1
P03670,C00840,439.74,netbanking,ICICI,limit_exceeded,5,0,1,30,1,74.0,1
P03671,C02195,364.98,upi,HDFC,insufficient_funds,4,3,1,30,1,108.0,1
P03672,C01347,523.39,card,Other,timeout,2,3,1,60,1,219.0,1
P03673,C02491,183.71,upi,Other,bank_declined,5,1,1,120,1,46.0,1
P03674,C02885,480.26,card,HDFC,insufficient_funds,2,4,1,30,0,,1
P03675,C01037,97.92,card,Axis,bank_declined,8,3,1,120,0,,1
P03676,C00943,790.58,card,HDFC,insufficient_funds,4,1,1,120,1,125.0,1
P03677,C01725,199.17,card,Other,insufficient_funds,1,0,0,0,0,,0
P03678,C02335,490.52,card,Axis,bank_declined,4,1,1,10,0,,1
P03679,C02768,1392.77,upi,Other,insufficient_funds,4,2,0,0,0,,0
P03680,C01138,517.98,card,Axis,insufficient_funds,3,3,0,0,1,92.0,0
P03681,C02528,130.92,upi,HDFC,insufficient_funds,2,3,0,0,0,,0
P03682,C00022,539.42,upi,SBI,bank_declined,4,2,0,0,1,201.0,0
P03683,C01750,412.04,netbanking,ICICI,limit_exceeded,2,1,1,60,0,,1
P03684,C00683,945.97,netbanking,Axis,insufficient_funds,3,2,0,0,1,60.0,0
P03685,C02954,455.2,netbanking,Other,network_error,3,2,1,10,1,5.0,1
P03686,C01834,1075.65,upi,Other,bank_declined,3,1,0,0,1,131.0,0
P03687,C02368,668.45,card,SBI,insufficient_funds,8,3,0,0,0,,0
P03688,C00126,909.06,upi,Other,insufficient_funds,5,5,0,0,1,112.0,0
P03689,C00277,461.6,upi,Other,insufficient_funds,4,0,0,0,1,73.0,0
P03690,C02000,1210.1,upi,Other,network_error,5,1,1,60,0,,1
P03691,C01228,344.42,upi,Axis,limit_exceeded,3,2,0,0,1,131.0,0
P03692,C02242,136.6,upi,Axis,network_error,6,1,0,0,1,64.0,0
P03693,C00696,228.89,wallet,ICICI,insufficient_funds,1,5,0,0,0,,0
P03694,C01310,536.18,wallet,SBI,bank_declined,5,3,1,10,1,122.0,1
P03695,C00057,595.58,netbanking,HDFC,limit_exceeded,3,3,0,0,0,,0
P03696,C00019,549.37,card,SBI,insufficient_funds,4,2,0,0,1,184.0,0
P03697,C02312,1156.45,wallet,ICICI,network_error,3,3,1,10,0,,1
P03698,C02842,562.45,netbanking,Axis,insufficient_funds,5,5,0,0,1,228.0,0
P03699,C00113,620.59,upi,Axis,insufficient_funds,5,3,1,60,0,,1
P03700,C00542,978.53,card,SBI,bank_declined,4,1,1,30,0,,1
P03701,C02695,152.38,upi,HDFC,limit_exceeded,5,0,1,120,1,168.0,1
P03702,C00579,817.35,upi,Axis,timeout,5,3,0,0,1,209.0,0
P03703,C01089,1238.19,card,Axis,insufficient_funds,3,0,1,60,0,,1
P03704,C00025,814.29,card,SBI,insufficient_funds,5,1,0,0,0,,0
P03705,C01573,614.31,upi,SBI,bank_declined,5,1,0,0,0,,0
P03706,C02049,864.36,upi,HDFC,insufficient_funds,4,5,0,0,1,35.0,0
P03707,C02959,109.69,card,HDFC,bank_declined,4,4,0,0,0,,0
P03708,C01573,450.0,upi,SBI,timeout,2,3,0,0,0,,0
P03709,C00141,198.58,card,HDFC,network_error,3,2,0,0,0,,0
P03710,C01768,644.38,upi,ICICI,limit_exceeded,7,1,1,30,1,36.0,1
P03711,C00648,243.99,card,SBI,timeout,5,2,1,60,1,65.0,1
P03712,C02236,893.28,wallet,Other,network_error,3,2,1,120,0,,1
P03713,C00201,368.26,card,HDFC,timeout,4,3,1,120,0,,1
P03714,C00257,200.15,upi,SBI,insufficient_funds,7,3,0,0,0,,0
P03715,C00547,254.39,card,Other,insufficient_funds,5,4,0,0,0,,0
P03716,C02242,196.52,card,ICICI,timeout,4,3,0,0,0,,0
P03717,C02751,480.72,card,ICICI,insufficient_funds,8,1,1,30,0,,1
P03718,C00802,758.69,wallet,Axis,insufficient_funds,4,3,1,60,1,72.0,1
P03719,C00942,313.72,card,Other,bank_declined,4,4,0,0,0,,0
P03720,C00414,177.46,upi,Other,limit_exceeded,2,0,0,0,1,210.0,0
P03721,C02015,488.02,upi,Other,limit_exceeded,3,1,1,120,0,,1
P03722,C01382,480.59,netbanking,ICICI,network_error,5,3,1,60,1,32.0,1
P03723,C01099,347.48,upi,Axis,limit_exceeded,7,1,1,60,0,,1
P03724,C00910,284.46,card,ICICI,timeout,3,1,1,120,1,139.0,1
P03725,C00188,1206.88,upi,SBI,insufficient_funds,5,2,0,0,0,,0
P03726,C02016,325.47,wallet,Other,bank_declined,6,5,0,0,0,,0
P03727,C01314,179.69,netbanking,Other,network_error,4,2,1,60,1,123.0,1
P03728,C02093,463.23,upi,Axis,insufficient_funds,3,4,0,0,0,,0
P03729,C02131,712.75,upi,Axis,bank_declined,7,0,1,60,0,,1
P03730,C01147,680.29,card,Other,timeout,7,1,0,0,1,229.0,0
P03731,C00358,160.84,upi,ICICI,bank_declined,3,1,0,0,0,,0
P03732,C01552,1155.75,card,Axis,limit_exceeded,4,3,0,0,1,83.0,0
P03733,C01090,570.94,card,Other,bank_declined,3,2,1,10,0,,1
P03734,C02984,734.79,upi,SBI,insufficient_funds,9,1,0,0,1,182.0,0
P03735,C01681,3152.95,card,Axis,insufficient_funds,5,0,1,10,0,,1
P03736,C02423,838.17,card,HDFC,network_error,2,2,1,120,0,,1
P03737,C00162,735.42,card,SBI,bank_declined,4,1,0,0,0,,0
P03738,C02370,420.67,wallet,Other,insufficient_funds,2,1,1,30,0,,1
P03739,C00450,490.95,netbanking,Axis,network_error,3,1,0,0,0,,0
P03740,C01498,212.1,upi,Axis,bank_declined,4,1,1,30,0,,1
P03741,C01037,522.8,card,ICICI,timeout,2,1,0,0,0,,0
P03742,C02232,1538.04,upi,Other,network_error,2,0,0,0,1,31.0,0
P03743,C02159,664.13,upi,HDFC,limit_exceeded,2,1,1,30,1,42.0,1
P03744,C01951,2347.39,card,Other,bank_declined,5,1,0,0,1,192.0,0
P03745,C02556,713.96,wallet,Axis,bank_declined,2,1,1,30,1,173.0,1
P03746,C01314,599.48,upi,Axis,network_error,4,1,0,0,0,,0
P03747,C02343,447.37,wallet,HDFC,timeout,4,2,1,60,1,62.0,1
P03748,C02952,1958.42,upi,SBI,insufficient_funds,7,1,1,60,1,188.0,1
P03749,C01239,355.96,upi,Other,network_error,3,1,0,0,0,,0
P03750,C00974,296.21,upi,Other,insufficient_funds,5,1,1,60,1,117.0,1
P03751,C00632,265.82,card,Other,limit_exceeded,4,0,0,0,0,,0
P03752,C01591,2400.3,netbanking,ICICI,network_error,4,2,0,0,1,204.0,0
P03753,C01051,546.31,upi,HDFC,insufficient_funds,1,4,0,0,0,,0
P03754,C02781,522.63,upi,SBI,insufficient_funds,4,0,0,0,1,100.0,0
P03755,C01589,709.33,upi,Other,limit_exceeded,3,3,0,0,1,40.0,0
P03756,C02369,413.2,upi,SBI,limit_exceeded,2,1,0,0,0,,0
P03757,C02961,288.71,netbanking,SBI,bank_declined,3,1,1,30,0,,1
P03758,C01694,279.15,netbanking,SBI,insufficient_funds,1,0,1,30,0,,1
P03759,C00437,272.62,netbanking,Axis,bank_declined,0,2,1,120,0,,1
P03760,C02829,121.34,wallet,Other,timeout,5,1,0,0,0,,0
P03761,C01557,513.46,upi,Other,network_error,3,3,1,60,1,182.0,1
P03762,C01077,165.49,card,Other,limit_exceeded,1,2,1,10,1,101.0,1
P03763,C01305,723.83,upi,HDFC,timeout,3,4,0,0,1,82.0,0
P03764,C02774,884.8,card,ICICI,bank_declined,6,3,1,30,1,37.0,1
P03765,C02079,323.17,netbanking,ICICI,bank_declined,3,5,0,0,1,64.0,0
P03766,C02385,623.68,upi,ICICI,network_error,4,1,1,120,0,,1
P03767,C00183,819.47,card,ICICI,bank_declined,4,3,1,120,0,,1
P03768,C02592,1412.7,netbanking,Axis,limit_exceeded,5,0,1,60,0,,1
P03769,C01470,375.06,upi,HDFC,bank_declined,4,3,0,0,0,,0
P03770,C01480,183.32,card,HDFC,bank_declined,7,0,1,60,1,89.0,1
P03771,C01590,261.4,card,Axis,insufficient_funds,2,2,0,0,1,154.0,0
P03772,C01588,153.99,netbanking,Other,insufficient_funds,6,0,0,0,1,100.0,0
P03773,C00660,687.87,upi,Axis,insufficient_funds,5,2,1,30,0,,1
P03774,C00160,51.68,wallet,ICICI,bank_declined,3,1,1,60,1,182.0,1
P03775,C02460,244.27,upi,HDFC,insufficient_funds,5,3,1,120,1,200.0,1
P03776,C01012,496.9,card,Axis,bank_declined,6,1,0,0,0,,0
P03777,C00053,231.69,upi,ICICI,bank_declined,2,2,0,0,1,94.0,0
P03778,C02456,269.83,card,ICICI,bank_declined,3,1,1,120,0,,1
P03779,C02895,880.42,netbanking,SBI,bank_declined,4,3,0,0,1,101.0,0
P03780,C01046,225.0,upi,Other,limit_exceeded,4,0,0,0,0,,0
P03781,C01054,357.77,wallet,Other,timeout,5,0,1,10,0,,1
P03782,C02751,944.0,upi,Other,limit_exceeded,3,3,1,30,0,,1
P03783,C02308,379.63,card,HDFC,limit_exceeded,2,4,1,60,0,,1
P03784,C01229,2651.03,upi,HDFC,insufficient_funds,2,3,0,0,0,,0
P03785,C01495,1060.8,upi,HDFC,network_error,4,2,0,0,0,,0
P03786,C02824,1101.11,wallet,HDFC,insufficient_funds,7,1,0,0,0,,0
P03787,C01490,186.47,upi,ICICI,limit_exceeded,5,1,0,0,0,,0
P03788,C01036,460.06,upi,Other,insufficient_funds,1,3,1,120,0,,1
P03789,C01951,403.85,card,HDFC,bank_declined,5,3,0,0,0,,0
P03790,C00850,370.51,card,Other,limit_exceeded,6,1,1,10,0,,1
P03791,C00354,338.64,upi,ICICI,limit_exceeded,3,3,0,0,0,,0
P03792,C01099,448.4,upi,HDFC,insufficient_funds,3,5,1,120,1,180.0,1
P03793,C02921,91.71,upi,SBI,insufficient_funds,1,0,0,0,0,,0
P03794,C01740,257.53,upi,Axis,timeout,3,2,0,0,1,97.0,0
P03795,C01465,1600.38,card,HDFC,insufficient_funds,3,2,1,10,0,,1
P03796,C00991,338.66,upi,HDFC,limit_exceeded,7,2,1,60,1,227.0,1
P03797,C01265,311.8,card,SBI,limit_exceeded,9,2,1,60,0,,1
P03798,C01885,470.82,upi,ICICI,insufficient_funds,5,1,0,0,1,72.0,0
P03799,C01810,503.88,card,Axis,insufficient_funds,3,2,1,120,0,,1
P03800,C02342,101.83,upi,ICICI,insufficient_funds,5,1,1,30,0,,1
P03801,C02257,543.86,card,SBI,insufficient_funds,3,2,0,0,0,,0
P03802,C01112,723.24,wallet,HDFC,network_error,0,3,1,30,1,8.0,1
P03803,C00818,743.65,upi,Axis,timeout,2,2,0,0,1,15.0,0
P03804,C01800,255.45,upi,ICICI,bank_declined,5,1,0,0,0,,0
P03805,C01961,1449.36,netbanking,HDFC,bank_declined,2,3,0,0,1,161.0,0
P03806,C02438,1338.55,card,Other,insufficient_funds,4,7,1,10,1,45.0,1
P03807,C02373,1258.66,upi,SBI,insufficient_funds,5,0,0,0,0,,0
P03808,C02988,855.32,netbanking,ICICI,network_error,5,3,1,60,1,79.0,1
P03809,C00889,386.24,upi,Other,limit_exceeded,7,1,0,0,0,,0
P03810,C01856,494.23,upi,ICICI,bank_declined,2,3,0,0,1,68.0,0
P03811,C01181,1334.88,upi,ICICI,limit_exceeded,4,2,0,0,0,,0
P03812,C00668,99.8,upi,Other,insufficient_funds,6,3,1,120,0,,1
P03813,C00633,295.41,upi,SBI,timeout,10,1,1,30,1,86.0,1
P03814,C02625,679.51,card,SBI,bank_declined,1,3,0,0,0,,0
P03815,C01643,420.18,upi,Other,limit_exceeded,2,1,0,0,0,,0
P03816,C00137,372.31,upi,SBI,limit_exceeded,5,5,1,60,1,146.0,1
P03817,C01947,1538.07,netbanking,Axis,timeout,2,2,0,0,1,238.0,0
P03818,C01698,884.36,upi,Axis,bank_declined,2,2,1,120,0,,1
P03819,C00428,965.9,wallet,HDFC,bank_declined,6,0,0,0,1,153.0,0
P03820,C01476,286.92,upi,Other,network_error,4,3,0,0,1,214.0,0
P03821,C02660,334.12,upi,Axis,bank_declined,3,2,0,0,0,,0
P03822,C02959,652.35,card,ICICI,timeout,4,0,1,10,0,,1
P03823,C00819,667.14,card,SBI,timeout,6,2,1,60,1,167.0,1
P03824,C02189,1798.93,netbanking,Axis,insufficient_funds,1,3,0,0,0,,0
P03825,C01107,638.89,upi,Axis,insufficient_funds,5,1,0,0,1,11.0,0
P03826,C02225,1573.8,wallet,Other,bank_declined,1,1,0,0,1,5.0,0
P03827,C00198,777.02,netbanking,ICICI,network_error,5,2,1,60,0,,1
P03828,C02672,419.73,upi,Axis,insufficient_funds,7,2,0,0,0,,0
P03829,C01996,285.94,netbanking,ICICI,bank_declined,3,2,1,120,0,,1
P03830,C02739,865.0,upi,SBI,bank_declined,3,2,1,60,0,,1
P03831,C02449,380.93,card,SBI,network_error,7,1,1,120,1,202.0,1
P03832,C00471,455.11,card,SBI,limit_exceeded,6,2,0,0,1,44.0,0
P03833,C02266,276.56,netbanking,HDFC,timeout,6,2,0,0,1,13.0,0
P03834,C01949,494.05,upi,Other,bank_declined,3,2,0,0,1,25.0,0
P03835,C00929,746.62,upi,SBI,timeout,2,3,0,0,0,,0
P03836,C02011,371.21,card,HDFC,timeout,3,3,0,0,1,227.0,0
P03837,C02680,299.22,netbanking,HDFC,network_error,4,1,0,0,1,114.0,0
P03838,C02999,516.38,netbanking,Other,bank_declined,3,3,0,0,0,,0
P03839,C00906,683.59,upi,SBI,limit_exceeded,5,1,0,0,0,,0
P03840,C02223,489.44,upi,Other,limit_exceeded,3,1,0,0,1,65.0,0
P03841,C00023,1853.87,upi,Other,insufficient_funds,3,1,1,120,1,146.0,1
P03842,C00235,528.73,upi,Axis,timeout,6,2,1,120,0,,1
P03843,C01125,707.46,netbanking,Other,insufficient_funds,6,1,0,0,1,95.0,0
P03844,C00929,914.47,wallet,HDFC,insufficient_funds,3,0,1,30,0,,1
P03845,C00523,650.4,upi,SBI,bank_declined,3,0,1,10,0,,1
P03846,C01809,250.37,card,Other,bank_declined,5,1,0,0,1,178.0,0
P03847,C00431,276.34,card,HDFC,network_error,3,2,0,0,0,,0
P03848,C00793,227.42,netbanking,SBI,bank_declined,1,1,0,0,0,,0
P03849,C01630,195.62,netbanking,ICICI,insufficient_funds,5,1,1,10,0,,1
P03850,C01737,596.6,card,HDFC,bank_declined,1,0,1,30,1,20.0,1
P03851,C00533,1174.05,card,ICICI,timeout,2,2,1,30,1,100.0,1
P03852,C01747,814.5,upi,ICICI,bank_declined,3,0,1,30,0,,1
P03853,C01676,806.88,card,Axis,network_error,3,1,1,120,0,,1
P03854,C01317,240.34,card,ICICI,network_error,2,5,1,10,0,,1
P03855,C02858,695.88,upi,HDFC,timeout,6,3,1,30,1,41.0,1
P03856,C00913,713.82,netbanking,Other,bank_declined,10,3,1,60,1,126.0,1
P03857,C01125,1592.24,upi,SBI,insufficient_funds,0,1,1,10,1,13.0,1
P03858,C01526,623.92,upi,Axis,limit_exceeded,5,1,1,30,1,220.0,1
P03859,C01328,1664.17,wallet,SBI,bank_declined,1,1,0,0,0,,0
P03860,C02919,537.7,card,HDFC,bank_declined,4,5,0,0,1,22.0,0
P03861,C02588,674.25,upi,Other,timeout,3,2,1,10,1,199.0,1
P03862,C01024,1113.67,wallet,ICICI,timeout,4,0,1,60,0,,1
P03863,C01577,587.14,card,ICICI,limit_exceeded,1,2,1,120,1,174.0,1
P03864,C01379,170.7,wallet,HDFC,insufficient_funds,1,2,1,120,0,,1
P03865,C01520,245.92,upi,HDFC,limit_exceeded,7,3,1,120,1,216.0,1
P03866,C01682,3181.88,card,SBI,timeout,2,2,1,120,1,193.0,1
P03867,C01998,528.46,netbanking,SBI,network_error,3,0,1,120,1,181.0,1
P03868,C00227,801.35,upi,SBI,insufficient_funds,0,4,1,10,1,88.0,1
P03869,C01260,233.76,upi,ICICI,network_error,8,3,1,10,1,46.0,1
P03870,C00873,625.22,upi,HDFC,insufficient_funds,1,2,1,120,0,,1
P03871,C00892,1250.29,upi,Axis,limit_exceeded,3,2,1,30,0,,1
P03872,C01479,133.24,card,ICICI,timeout,2,1,1,30,1,41.0,1
P03873,C01037,570.35,upi,Axis,network_error,3,3,1,60,0,,1
P03874,C02258,567.15,upi,SBI,timeout,3,0,1,120,1,140.0,1
P03875,C02789,617.9,upi,SBI,network_error,2,0,0,0,0,,0
P03876,C00397,2168.44,netbanking,HDFC,insufficient_funds,1,1,0,0,0,,0
P03877,C01124,410.1,wallet,Other,bank_declined,0,1,0,0,0,,0
P03878,C02079,354.35,card,Other,limit_exceeded,3,2,1,60,0,,1
P03879,C02946,436.08,netbanking,SBI,limit_exceeded,6,2,0,0,0,,0
P03880,C00649,2584.83,card,Other,limit_exceeded,3,3,0,0,1,53.0,0
P03881,C00329,550.6,wallet,Other,insufficient_funds,5,2,1,10,1,134.0,1
P03882,C01483,738.87,wallet,SBI,insufficient_funds,6,2,0,0,1,192.0,0
P03883,C00952,98.87,upi,HDFC,insufficient_funds,4,2,0,0,1,205.0,0
P03884,C02006,533.13,upi,ICICI,timeout,4,3,1,120,1,197.0,1
P03885,C02017,436.61,netbanking,Other,insufficient_funds,4,0,1,60,1,211.0,1
P03886,C02669,525.75,wallet,Axis,bank_declined,8,3,1,10,0,,1
P03887,C01879,393.34,card,Other,bank_declined,6,4,1,10,1,158.0,1
P03888,C01197,199.32,upi,ICICI,limit_exceeded,5,1,0,0,1,163.0,0
P03889,C01773,407.16,upi,ICICI,network_error,3,3,1,30,1,207.0,1
P03890,C00162,1416.97,netbanking,ICICI,timeout,1,1,0,0,0,,0
P03891,C01752,537.37,card,ICICI,network_error,5,1,1,30,1,21.0,1
P03892,C00776,140.11,upi,Axis,network_error,2,5,0,0,1,86.0,0
P03893,C01828,216.57,upi,HDFC,bank_declined,5,0,0,0,1,109.0,0
P03894,C02322,599.8,netbanking,ICICI,insufficient_funds,8,2,1,120,1,142.0,1
P03895,C01052,234.34,card,ICICI,bank_declined,7,2,0,0,0,,0
P03896,C02374,580.36,wallet,Axis,bank_declined,5,3,0,0,1,184.0,0
P03897,C00940,1182.14,card,Other,network_error,4,3,1,60,0,,1
P03898,C00540,685.86,card,Other,bank_declined,5,1,1,60,1,188.0,1
P03899,C02536,247.92,upi,Axis,network_error,4,2,0,0,0,,0
P03900,C00822,555.35,card,Other,timeout,2,0,1,60,0,,1
P03901,C01462,828.38,netbanking,SBI,bank_declined,1,1,0,0,0,,0
P03902,C01089,296.34,netbanking,HDFC,bank_declined,2,2,0,0,1,95.0,0
P03903,C00356,231.39,upi,Other,network_error,5,6,0,0,0,,0
P03904,C00235,462.84,wallet,Axis,insufficient_funds,2,1,1,30,1,236.0,1
P03905,C02275,1458.58,upi,SBI,insufficient_funds,1,3,0,0,1,125.0,0
P03906,C01549,247.29,wallet,HDFC,insufficient_funds,3,0,1,120,1,198.0,1
P03907,C02097,362.93,card,ICICI,timeout,3,5,0,0,1,37.0,0
P03908,C00118,214.11,netbanking,Other,bank_declined,6,5,1,30,0,,1
P03909,C02102,290.81,card,HDFC,bank_declined,4,3,1,60,0,,1
P03910,C01674,449.71,upi,HDFC,network_error,4,1,0,0,0,,0
P03911,C02613,444.35,upi,ICICI,limit_exceeded,7,1,0,0,1,224.0,0
P03912,C01068,71.74,netbanking,HDFC,timeout,4,4,0,0,0,,0
P03913,C02101,419.2,netbanking,Other,insufficient_funds,4,0,0,0,0,,0
P03914,C00558,1694.84,upi,SBI,bank_declined,8,0,1,10,1,218.0,1
P03915,C01816,544.41,netbanking,Other,insufficient_funds,4,2,0,0,1,155.0,0
P03916,C02006,415.18,netbanking,Axis,insufficient_funds,4,1,0,0,0,,0
P03917,C02916,330.99,card,HDFC,insufficient_funds,7,1,1,60,0,,1
P03918,C00398,258.1,netbanking,ICICI,bank_declined,7,2,1,120,0,,1
P03919,C00675,531.04,upi,Axis,insufficient_funds,6,2,0,0,0,,0
P03920,C00387,675.96,netbanking,HDFC,bank_declined,5,3,0,0,1,90.0,0
P03921,C02159,1664.27,card,HDFC,timeout,4,1,1,120,1,233.0,1
P03922,C02662,293.22,card,SBI,timeout,4,3,1,120,0,,1
P03923,C02065,1221.35,netbanking,ICICI,bank_declined,6,2,1,30,1,208.0,1
P03924,C00884,1188.86,card,Other,network_error,4,2,1,30,0,,1
P03925,C00541,371.22,upi,HDFC,bank_declined,3,2,0,0,0,,0
P03926,C00171,295.49,upi,Axis,bank_declined,9,0,1,30,0,,1
P03927,C02457,180.42,upi,ICICI,network_error,4,4,1,120,0,,1
P03928,C00740,504.16,upi,Other,bank_declined,6,2,1,60,1,164.0,1
P03929,C01402,402.92,upi,Axis,network_error,4,2,0,0,0,,0
P03930,C02906,1043.31,upi,ICICI,insufficient_funds,5,1,0,0,0,,0
P03931,C02278,630.87,card,SBI,network_error,2,1,0,0,0,,0
P03932,C00119,123.05,netbanking,Axis,timeout,4,4,0,0,1,15.0,0
P03933,C02832,471.05,netbanking,ICICI,limit_exceeded,6,3,0,0,0,,0
P03934,C02513,610.72,card,Other,insufficient_funds,1,4,1,120,0,,1
P03935,C02152,419.33,netbanking,HDFC,bank_declined,3,2,0,0,0,,0
P03936,C02746,919.16,card,ICICI,bank_declined,3,4,0,0,1,64.0,0
P03937,C01996,331.92,card,Axis,limit_exceeded,1,3,0,0,0,,0
P03938,C01706,1018.6,upi,Other,bank_declined,4,0,1,30,0,,1
P03939,C01723,334.2,upi,HDFC,insufficient_funds,5,3,1,60,0,,1
P03940,C02223,391.06,card,Other,insufficient_funds,6,1,0,0,1,232.0,0
P03941,C02793,1927.09,netbanking,HDFC,insufficient_funds,1,4,0,0,1,26.0,0
P03942,C01698,195.86,wallet,SBI,limit_exceeded,3,2,0,0,0,,0
P03943,C01445,526.2,wallet,SBI,network_error,3,2,0,0,0,,0
P03944,C01760,628.69,card,Other,bank_declined,4,1,1,120,0,,1
P03945,C01525,320.09,wallet,HDFC,limit_exceeded,2,2,1,60,0,,1
P03946,C00665,684.21,upi,HDFC,bank_declined,4,1,1,30,0,,1
P03947,C00033,825.09,netbanking,ICICI,limit_exceeded,4,1,1,10,1,213.0,1
P03948,C02103,599.18,wallet,ICICI,timeout,4,0,1,10,0,,1
P03949,C02567,564.9,upi,SBI,insufficient_funds,4,2,0,0,1,88.0,0
P03950,C02804,710.67,upi,SBI,bank_declined,6,3,0,0,1,24.0,0
P03951,C02060,290.98,upi,HDFC,timeout,9,2,0,0,0,,0
P03952,C01552,316.81,upi,HDFC,bank_declined,4,1,0,0,1,109.0,0
P03953,C00720,681.17,wallet,Axis,limit_exceeded,6,1,0,0,1,192.0,0
P03954,C02603,380.61,netbanking,ICICI,timeout,3,1,0,0,0,,0
P03955,C02421,475.66,upi,HDFC,timeout,6,4,1,30,1,216.0,1
P03956,C00484,84.22,card,HDFC,insufficient_funds,10,1,0,0,1,193.0,0
P03957,C00973,788.2,card,SBI,insufficient_funds,2,2,1,120,1,193.0,1
P03958,C02671,1246.01,upi,Other,network_error,2,1,1,30,1,223.0,1
P03959,C00307,756.33,card,SBI,network_error,4,2,1,60,1,218.0,1
P03960,C00457,842.2,netbanking,HDFC,insufficient_funds,4,1,1,10,0,,1
P03961,C02208,941.83,netbanking,ICICI,limit_exceeded,4,1,1,30,1,141.0,1
P03962,C00331,432.99,card,Other,limit_exceeded,2,2,1,60,0,,1
P03963,C02824,264.18,netbanking,Axis,bank_declined,6,4,1,10,0,,1
P03964,C00225,709.48,netbanking,SBI,network_error,4,4,0,0,1,212.0,0
P03965,C02777,1039.44,upi,Axis,network_error,8,2,1,120,1,126.0,1
P03966,C01480,230.75,upi,ICICI,insufficient_funds,2,0,1,30,1,228.0,1
P03967,C01083,814.8,netbanking,Other,insufficient_funds,2,0,1,10,1,30.0,1
P03968,C00644,602.89,upi,ICICI,timeout,4,1,0,0,1,216.0,0
P03969,C00616,456.04,upi,Other,bank_declined,9,2,0,0,0,,0
P03970,C00195,409.72,card,Axis,network_error,3,2,1,10,1,188.0,1
P03971,C00489,596.48,card,Axis,network_error,4,2,0,0,1,148.0,0
P03972,C02205,314.21,wallet,ICICI,bank_declined,1,1,0,0,1,218.0,0
P03973,C02658,4098.3,card,Other,insufficient_funds,4,5,0,0,1,184.0,0
P03974,C01250,194.43,upi,Axis,timeout,6,1,0,0,0,,0
P03975,C02460,82.86,wallet,Other,bank_declined,5,2,1,10,0,,1
P03976,C01103,604.31,netbanking,Axis,insufficient_funds,4,1,1,120,1,166.0,1
P03977,C01148,524.49,card,HDFC,insufficient_funds,5,2,0,0,0,,0
P03978,C02519,715.96,netbanking,Axis,insufficient_funds,1,3,0,0,1,141.0,0
P03979,C01242,66.73,netbanking,HDFC,insufficient_funds,3,1,1,10,1,25.0,1
P03980,C00516,136.53,card,ICICI,insufficient_funds,9,2,1,30,1,40.0,1
P03981,C01626,360.81,upi,HDFC,insufficient_funds,5,4,1,10,0,,1
P03982,C01128,911.41,netbanking,ICICI,insufficient_funds,3,1,1,10,0,,1
P03983,C00393,138.16,card,HDFC,network_error,3,3,1,10,0,,1
P03984,C00631,674.53,netbanking,ICICI,insufficient_funds,3,0,1,30,1,190.0,1
P03985,C01848,414.87,card,Axis,network_error,2,2,0,0,1,93.0,0
P03986,C02656,550.7,upi,SBI,timeout,2,3,0,0,0,,0
P03987,C00980,483.74,card,SBI,bank_declined,3,1,1,120,0,,1
P03988,C00434,486.63,netbanking,SBI,timeout,3,3,1,120,1,161.0,1
P03989,C02588,485.1,card,HDFC,insufficient_funds,6,4,1,60,0,,1
P03990,C00278,1067.47,card,SBI,bank_declined,3,2,1,120,1,158.0,1
P03991,C00233,504.88,card,ICICI,network_error,7,3,1,30,0,,1
P03992,C01553,1004.5,netbanking,HDFC,limit_exceeded,3,0,0,0,0,,0
P03993,C01595,362.04,card,HDFC,network_error,2,4,0,0,0,,0
P03994,C01114,1077.62,netbanking,Axis,bank_declined,3,3,1,10,0,,1
P03995,C02410,417.69,netbanking,ICICI,bank_declined,4,1,0,0,1,90.0,0
P03996,C00026,421.14,card,ICICI,bank_declined,6,3,1,30,0,,1
P03997,C01418,142.1,upi,Axis,network_error,5,1,0,0,0,,0
P03998,C02555,261.93,upi,Other,bank_declined,5,6,0,0,0,,0
P03999,C02315,301.57,upi,Axis,bank_declined,4,3,1,10,1,225.0,1
P04000,C00461,138.89,wallet,Other,timeout,2,3,0,0,0,,0
P04001,C02504,269.32,card,SBI,insufficient_funds,3,1,0,0,0,,0
P04002,C01092,797.01,netbanking,SBI,timeout,7,3,0,0,1,28.0,0
P04003,C01007,860.56,netbanking,SBI,timeout,0,4,0,0,1,170.0,0
P04004,C02911,151.46,card,SBI,limit_exceeded,3,5,0,0,0,,0
P04005,C01995,1577.75,upi,Axis,insufficient_funds,2,4,1,60,0,,1
P04006,C00491,886.55,netbanking,SBI,insufficient_funds,1,0,1,120,1,235.0,1
P04007,C01073,2113.72,upi,Axis,limit_exceeded,4,1,0,0,1,13.0,0
P04008,C02612,1069.08,upi,ICICI,insufficient_funds,2,2,0,0,1,191.0,0
P04009,C00216,1852.65,card,ICICI,bank_declined,1,3,0,0,0,,0
P04010,C01724,660.57,upi,HDFC,insufficient_funds,1,1,0,0,1,238.0,0
P04011,C01593,286.15,card,ICICI,timeout,4,0,0,0,0,,0
P04012,C02607,591.65,upi,Other,insufficient_funds,5,0,0,0,1,182.0,0
P04013,C00159,102.86,netbanking,Other,insufficient_funds,4,1,1,10,0,,1
P04014,C02537,440.27,card,SBI,network_error,4,2,0,0,0,,0
P04015,C00686,477.4,upi,HDFC,insufficient_funds,6,4,0,0,1,38.0,0
P04016,C02842,968.57,upi,Axis,network_error,3,4,1,10,0,,1
P04017,C01777,569.61,upi,Axis,network_error,4,0,1,60,0,,1
P04018,C02053,361.8,upi,Axis,network_error,3,1,1,120,1,87.0,1
P04019,C01844,185.23,card,SBI,timeout,6,5,0,0,1,129.0,0
P04020,C02409,290.98,upi,HDFC,network_error,6,6,0,0,1,215.0,0
P04021,C02507,421.24,upi,ICICI,insufficient_funds,2,2,1,10,0,,1
P04022,C02296,301.11,upi,ICICI,insufficient_funds,5,2,1,10,1,158.0,1
P04023,C01590,78.61,card,SBI,timeout,4,1,0,0,0,,0
P04024,C01697,488.74,card,Other,timeout,7,2,0,0,0,,0
P04025,C02994,355.57,upi,Axis,limit_exceeded,1,1,1,120,1,17.0,1
P04026,C02470,350.94,card,Other,insufficient_funds,6,2,1,30,0,,1
P04027,C01947,552.74,card,ICICI,insufficient_funds,3,2,0,0,0,,0
P04028,C02063,358.11,netbanking,SBI,network_error,3,3,1,10,0,,1
P04029,C02784,1047.49,card,Other,insufficient_funds,2,2,1,60,0,,1
P04030,C01146,294.06,upi,ICICI,bank_declined,8,3,1,30,0,,1
P04031,C02325,277.11,upi,SBI,timeout,4,4,1,120,1,116.0,1
P04032,C01582,289.84,card,Axis,bank_declined,5,2,1,60,0,,1
P04033,C02501,557.76,card,HDFC,insufficient_funds,1,1,1,10,0,,1
P04034,C02646,551.83,upi,ICICI,network_error,7,7,1,30,1,55.0,1
P04035,C02494,333.0,card,HDFC,insufficient_funds,6,1,1,120,0,,1
P04036,C02258,488.26,card,SBI,insufficient_funds,4,7,0,0,1,198.0,0
P04037,C02762,643.19,card,ICICI,insufficient_funds,2,3,0,0,0,,0
P04038,C02350,749.55,card,Axis,network_error,7,2,0,0,1,55.0,0
P04039,C01933,454.26,wallet,Axis,network_error,5,3,1,30,1,125.0,1
P04040,C01758,283.74,card,SBI,insufficient_funds,4,5,1,30,0,,1
P04041,C02051,284.02,upi,HDFC,insufficient_funds,4,1,1,10,0,,1
P04042,C00990,592.31,upi,Other,bank_declined,6,0,0,0,1,226.0,0
P04043,C01542,818.45,upi,Axis,timeout,5,2,1,10,1,5.0,1
P04044,C01117,547.58,upi,HDFC,limit_exceeded,3,3,0,0,0,,0
P04045,C02568,375.92,netbanking,HDFC,insufficient_funds,2,2,1,10,0,,1
P04046,C00493,330.69,netbanking,ICICI,timeout,4,2,0,0,0,,0
P04047,C00620,866.66,card,Other,insufficient_funds,5,1,0,0,1,109.0,0
P04048,C02379,208.67,card,SBI,insufficient_funds,9,2,0,0,1,46.0,0
P04049,C02381,353.25,wallet,Axis,bank_declined,1,3,0,0,0,,0
P04050,C02098,1350.17,netbanking,Other,network_error,5,1,1,60,1,229.0,1
P04051,C01547,1117.23,upi,HDFC,network_error,1,5,1,10,0,,1
P04052,C00863,566.87,netbanking,Other,insufficient_funds,1,2,1,120,1,203.0,1
P04053,C01692,350.64,upi,ICICI,limit_exceeded,5,2,0,0,0,,0
P04054,C01606,412.69,upi,ICICI,insufficient_funds,3,1,1,10,1,103.0,1
P04055,C02320,523.45,netbanking,HDFC,insufficient_funds,4,3,0,0,1,57.0,0
P04056,C00580,2154.74,upi,HDFC,bank_declined,2,2,0,0,0,,0
P04057,C01891,1009.29,netbanking,SBI,limit_exceeded,7,1,0,0,0,,0
P04058,C01276,920.02,upi,Axis,limit_exceeded,5,1,0,0,0,,0
P04059,C02608,442.01,netbanking,Axis,insufficient_funds,4,3,1,120,0,,1
P04060,C02744,348.13,upi,Other,insufficient_funds,5,1,0,0,1,13.0,0
P04061,C01856,429.34,netbanking,Axis,network_error,3,3,0,0,0,,0
P04062,C02494,989.2,upi,HDFC,network_error,3,3,1,120,0,,1
P04063,C01356,1537.98,upi,Other,network_error,2,3,0,0,1,179.0,0
P04064,C01163,271.18,netbanking,Axis,bank_declined,4,3,1,60,1,223.0,1
P04065,C00357,98.72,card,SBI,insufficient_funds,7,3,0,0,0,,0
P04066,C01625,413.43,wallet,HDFC,insufficient_funds,6,0,1,120,1,200.0,1
P04067,C02322,1035.57,upi,HDFC,timeout,2,5,1,10,1,154.0,1
P04068,C02007,330.49,upi,Axis,bank_declined,3,3,0,0,0,,0
P04069,C02359,676.46,upi,SBI,limit_exceeded,5,2,1,10,1,103.0,1
P04070,C00870,224.22,upi,SBI,bank_declined,4,1,0,0,0,,0
P04071,C00886,401.06,netbanking,ICICI,timeout,3,1,1,30,1,185.0,1
P04072,C02002,283.71,netbanking,HDFC,insufficient_funds,2,1,1,10,0,,1
P04073,C02202,442.77,netbanking,HDFC,timeout,2,1,0,0,1,127.0,0
P04074,C01414,568.0,upi,Axis,limit_exceeded,2,1,0,0,0,,0
P04075,C01284,799.24,upi,Axis,bank_declined,7,1,0,0,0,,0
P04076,C00620,367.38,netbanking,SBI,insufficient_funds,5,1,0,0,0,,0
P04077,C00883,222.4,netbanking,HDFC,insufficient_funds,3,2,1,10,0,,1
P04078,C00797,169.96,netbanking,Axis,limit_exceeded,6,0,0,0,1,179.0,0
P04079,C02173,1051.24,netbanking,SBI,bank_declined,4,0,1,10,0,,1
P04080,C01297,278.53,netbanking,HDFC,insufficient_funds,4,1,1,60,1,154.0,1
P04081,C00619,706.94,netbanking,ICICI,limit_exceeded,2,0,0,0,1,47.0,0
P04082,C01835,161.71,netbanking,HDFC,network_error,7,3,1,10,0,,1
P04083,C00245,1478.75,netbanking,ICICI,timeout,4,4,0,0,0,,0
P04084,C02896,3458.56,upi,HDFC,timeout,3,1,0,0,0,,0
P04085,C02498,620.56,netbanking,SBI,bank_declined,9,1,0,0,1,157.0,0
P04086,C00930,402.39,wallet,HDFC,limit_exceeded,2,1,0,0,0,,0
P04087,C01271,1349.04,card,Axis,network_error,8,1,0,0,0,,0
P04088,C00520,348.19,card,SBI,network_error,5,3,0,0,1,17.0,0
P04089,C02410,510.43,card,ICICI,bank_declined,1,5,1,30,0,,1
P04090,C00008,71.07,card,HDFC,limit_exceeded,7,0,1,10,0,,1
P04091,C02526,466.87,wallet,ICICI,limit_exceeded,4,0,0,0,1,176.0,0
P04092,C02020,1107.21,card,Axis,insufficient_funds,5,1,0,0,1,177.0,0
P04093,C00495,357.01,netbanking,SBI,insufficient_funds,3,4,0,0,1,150.0,0
P04094,C01630,361.09,netbanking,ICICI,timeout,1,0,0,0,1,106.0,0
P04095,C02881,363.04,netbanking,Other,insufficient_funds,1,1,1,30,1,233.0,1
P04096,C01063,1946.83,upi,HDFC,bank_declined,1,2,1,60,0,,1
P04097,C02641,577.76,upi,ICICI,network_error,7,1,1,60,1,187.0,1
P04098,C00187,506.33,card,Other,insufficient_funds,3,3,0,0,1,88.0,0
P04099,C02802,371.17,card,Other,limit_exceeded,3,2,0,0,1,172.0,0
P04100,C01878,1012.07,card,Axis,limit_exceeded,2,1,1,10,1,160.0,1
P04101,C02141,280.33,card,ICICI,limit_exceeded,5,3,1,30,0,,1
P04102,C00086,1188.48,upi,Axis,insufficient_funds,3,6,0,0,1,76.0,0
P04103,C00137,453.94,card,HDFC,insufficient_funds,3,0,1,30,0,,1
P04104,C02469,1118.77,upi,SBI,network_error,3,4,0,0,0,,0
P04105,C02122,380.59,netbanking,Other,timeout,4,0,0,0,1,151.0,0
P04106,C01637,873.75,upi,ICICI,bank_declined,8,2,0,0,1,153.0,0
P04107,C02219,718.95,upi,HDFC,insufficient_funds,5,0,0,0,0,,0
P04108,C01752,472.57,netbanking,ICICI,network_error,4,0,0,0,0,,0
P04109,C02218,1284.56,card,Other,bank_declined,1,2,1,120,0,,1
P04110,C01788,1220.65,netbanking,SBI,bank_declined,5,3,1,30,1,141.0,1
P04111,C00872,313.78,card,HDFC,bank_declined,3,2,1,30,1,146.0,1
P04112,C02370,298.31,card,Other,timeout,5,0,1,120,1,42.0,1
P04113,C02504,416.03,card,HDFC,network_error,2,0,1,120,0,,1
P04114,C00944,400.04,card,ICICI,bank_declined,5,3,1,10,0,,1
P04115,C01627,1020.06,card,Other,timeout,5,1,0,0,0,,0
P04116,C02838,633.35,wallet,Other,bank_declined,4,3,0,0,0,,0
P04117,C02661,262.53,upi,Other,limit_exceeded,3,3,1,30,0,,1
P04118,C02937,271.2,upi,SBI,bank_declined,4,4,0,0,0,,0
P04119,C00349,533.22,netbanking,Other,bank_declined,7,0,0,0,1,118.0,0
P04120,C01677,903.57,netbanking,HDFC,network_error,3,2,0,0,0,,0
P04121,C01197,1473.51,card,Other,bank_declined,6,2,0,0,1,37.0,0
P04122,C00010,555.69,netbanking,SBI,bank_declined,5,2,1,60,0,,1
P04123,C02788,451.7,wallet,SBI,insufficient_funds,5,2,0,0,0,,0
P04124,C01462,421.29,upi,ICICI,network_error,4,3,1,30,1,37.0,1
P04125,C00667,295.87,upi,HDFC,limit_exceeded,4,3,1,120,1,104.0,1
P04126,C02594,466.63,netbanking,Axis,network_error,9,3,0,0,0,,0
P04127,C01523,350.42,upi,HDFC,network_error,3,4,0,0,0,,0
P04128,C02177,370.15,wallet,Axis,timeout,7,6,1,120,0,,1
P04129,C00601,747.17,card,HDFC,limit_exceeded,8,4,0,0,1,186.0,0
P04130,C02653,179.87,netbanking,Other,bank_declined,2,1,1,30,0,,1
P04131,C00327,128.84,upi,Axis,bank_declined,3,2,0,0,1,198.0,0
P04132,C00980,253.18,upi,HDFC,bank_declined,3,0,0,0,1,169.0,0
P04133,C02452,857.59,netbanking,ICICI,insufficient_funds,1,3,0,0,0,,0
P04134,C00629,629.61,wallet,SBI,bank_declined,5,5,0,0,0,,0
P04135,C01630,951.95,card,HDFC,insufficient_funds,2,3,1,120,0,,1
P04136,C02766,155.22,wallet,HDFC,limit_exceeded,3,3,0,0,0,,0
P04137,C00274,705.29,card,SBI,timeout,3,0,0,0,0,,0
P04138,C00685,180.08,card,Axis,bank_declined,2,1,0,0,0,,0
P04139,C00116,231.16,card,Axis,bank_declined,3,1,0,0,1,162.0,0
P04140,C00861,198.75,wallet,Other,network_error,4,2,1,10,1,184.0,1
P04141,C02004,223.48,netbanking,Other,timeout,4,0,1,60,0,,1
P04142,C00693,3132.19,card,Other,timeout,3,1,0,0,0,,0
P04143,C01106,714.46,upi,ICICI,insufficient_funds,2,1,1,30,1,67.0,1
P04144,C02372,135.15,card,SBI,timeout,2,4,0,0,0,,0
P04145,C02162,163.95,netbanking,Axis,limit_exceeded,3,2,0,0,1,228.0,0
P04146,C01793,521.38,upi,ICICI,insufficient_funds,2,0,0,0,1,151.0,0
P04147,C00154,554.3,card,Other,timeout,4,4,0,0,1,156.0,0
P04148,C01901,315.7,netbanking,SBI,bank_declined,5,5,1,120,0,,1
P04149,C01428,1607.38,upi,Other,insufficient_funds,2,0,0,0,0,,0
P04150,C01290,264.27,netbanking,HDFC,network_error,6,2,0,0,1,8.0,0
P04151,C00315,944.28,upi,Other,network_error,4,4,0,0,1,130.0,0
P04152,C01065,870.47,upi,SBI,bank_declined,5,6,1,120,1,114.0,1
P04153,C00105,2649.88,upi,Axis,limit_exceeded,0,5,0,0,0,,0
P04154,C01925,2730.35,card,SBI,insufficient_funds,4,0,0,0,0,,0
P04155,C01914,800.97,card,Axis,network_error,4,1,1,10,0,,1
P04156,C01217,505.36,netbanking,SBI,bank_declined,3,3,1,60,1,183.0,1
P04157,C01425,632.77,netbanking,SBI,limit_exceeded,1,4,1,60,1,157.0,1
P04158,C02402,757.66,netbanking,Axis,insufficient_funds,4,3,0,0,0,,0
P04159,C01773,134.03,upi,HDFC,insufficient_funds,2,1,1,30,1,27.0,1
P04160,C01961,172.65,wallet,SBI,limit_exceeded,3,2,1,120,0,,1
P04161,C02781,974.91,upi,SBI,network_error,5,1,0,0,0,,0
P04162,C01604,1282.54,upi,ICICI,limit_exceeded,3,1,0,0,0,,0
P04163,C00709,1395.68,card,Other,bank_declined,7,2,0,0,1,49.0,0
P04164,C00651,424.51,netbanking,ICICI,network_error,3,6,0,0,0,,0
P04165,C02872,619.67,upi,SBI,network_error,2,3,0,0,0,,0
P04166,C00947,357.52,upi,SBI,limit_exceeded,2,2,1,120,1,84.0,1
P04167,C00661,1785.51,card,SBI,insufficient_funds,5,1,0,0,0,,0
P04168,C02147,375.44,card,HDFC,insufficient_funds,3,1,0,0,1,157.0,0
P04169,C02636,285.02,card,ICICI,network_error,5,3,1,120,0,,1
P04170,C02330,440.64,upi,Other,insufficient_funds,4,0,1,120,0,,1
P04171,C02451,374.69,card,HDFC,timeout,2,4,1,10,0,,1
P04172,C01133,468.59,netbanking,Axis,limit_exceeded,2,2,0,0,0,,0
P04173,C00700,926.62,netbanking,SBI,timeout,5,1,1,10,1,8.0,1
P04174,C02247,538.59,netbanking,HDFC,bank_declined,4,2,0,0,1,70.0,0
P04175,C02039,325.63,upi,Axis,timeout,7,4,1,120,0,,1
P04176,C02375,311.85,upi,SBI,network_error,4,3,0,0,0,,0
P04177,C02202,338.57,netbanking,HDFC,insufficient_funds,3,1,0,0,1,128.0,0
P04178,C00552,126.32,upi,SBI,network_error,4,5,1,60,1,175.0,1
P04179,C00405,927.77,card,ICICI,limit_exceeded,3,2,1,120,1,169.0,1
P04180,C00462,758.97,upi,SBI,bank_declined,5,2,0,0,1,172.0,0
P04181,C02180,1466.42,upi,Other,network_error,7,0,0,0,0,,0
P04182,C02839,643.23,upi,Other,insufficient_funds,8,5,0,0,1,179.0,0
P04183,C00874,171.65,card,SBI,timeout,3,2,0,0,0,,0
P04184,C00084,548.04,netbanking,HDFC,insufficient_funds,4,0,0,0,1,167.0,0
P04185,C01423,560.64,netbanking,Axis,network_error,4,2,0,0,1,25.0,0
P04186,C02802,828.19,card,Axis,network_error,5,3,1,120,0,,1
P04187,C02676,1734.58,upi,Other,network_error,3,1,1,30,1,199.0,1
P04188,C00221,207.58,netbanking,Other,bank_declined,6,3,1,30,0,,1
P04189,C02601,732.76,card,HDFC,network_error,3,1,1,120,1,71.0,1
P04190,C01392,437.98,card,ICICI,network_error,3,2,1,60,1,107.0,1
P04191,C00112,2975.14,upi,Other,bank_declined,4,3,1,60,0,,1
P04192,C00615,913.59,netbanking,Other,network_error,0,2,1,120,0,,1
P04193,C01582,409.93,netbanking,SBI,insufficient_funds,3,3,0,0,0,,0
P04194,C02972,1276.04,card,ICICI,network_error,11,4,0,0,1,107.0,0
P04195,C00475,414.89,upi,ICICI,timeout,3,1,0,0,0,,0
P04196,C02884,793.28,card,Other,bank_declined,5,0,1,30,1,151.0,1
P04197,C01914,376.06,upi,SBI,bank_declined,1,3,1,10,0,,1
P04198,C00271,519.18,upi,HDFC,insufficient_funds,4,6,1,30,0,,1
P04199,C02469,1201.64,upi,Axis,network_error,7,1,1,10,1,75.0,1
P04200,C01921,381.16,card,Other,insufficient_funds,7,2,1,120,1,140.0,1
P04201,C02755,58.86,card,Axis,network_error,3,1,0,0,0,,0
P04202,C01391,290.26,card,Axis,insufficient_funds,2,2,1,30,0,,1
P04203,C00040,1391.59,netbanking,Axis,insufficient_funds,3,0,1,120,0,,1
P04204,C01983,1494.62,card,Other,insufficient_funds,3,1,1,120,0,,1
P04205,C02237,298.46,card,HDFC,bank_declined,3,1,1,120,0,,1
P04206,C00994,161.49,wallet,ICICI,limit_exceeded,6,2,0,0,0,,0
P04207,C02013,355.23,card,SBI,network_error,4,1,1,10,0,,1
P04208,C02584,969.03,card,ICICI,timeout,4,4,0,0,0,,0
P04209,C00290,422.67,upi,SBI,insufficient_funds,5,4,0,0,1,70.0,0
P04210,C02481,122.38,card,ICICI,bank_declined,2,1,1,120,1,93.0,1
P04211,C02519,732.95,upi,Other,bank_declined,7,1,1,30,1,39.0,1
P04212,C02676,1014.87,card,Other,limit_exceeded,5,1,1,10,1,16.0,1
P04213,C00279,1492.24,card,Axis,network_error,3,1,1,30,1,226.0,1
P04214,C02925,116.38,wallet,SBI,bank_declined,3,1,1,60,0,,1
P04215,C00581,1098.23,card,HDFC,bank_declined,2,3,0,0,0,,0
P04216,C00863,561.39,upi,Other,timeout,3,2,0,0,0,,0
P04217,C00254,310.4,netbanking,SBI,limit_exceeded,6,0,1,30,1,38.0,1
P04218,C00181,155.5,wallet,Other,network_error,7,1,1,30,1,43.0,1
P04219,C00681,134.47,upi,HDFC,insufficient_funds,8,3,1,120,1,142.0,1
P04220,C00825,287.8,wallet,SBI,bank_declined,1,3,0,0,0,,0
P04221,C00700,278.48,netbanking,Axis,timeout,5,4,0,0,0,,0
P04222,C02614,457.42,upi,SBI,bank_declined,6,1,1,60,1,207.0,1
P04223,C01350,1389.22,upi,HDFC,network_error,5,4,0,0,0,,0
P04224,C01381,469.07,upi,Axis,network_error,4,1,0,0,1,198.0,0
P04225,C01674,167.42,upi,Other,limit_exceeded,4,0,0,0,0,,0
P04226,C02728,241.56,upi,Axis,bank_declined,3,2,0,0,1,140.0,0
P04227,C02439,623.02,card,Other,bank_declined,7,4,0,0,1,189.0,0
P04228,C01639,290.98,netbanking,HDFC,insufficient_funds,4,1,0,0,1,25.0,0
P04229,C01958,454.18,card,ICICI,timeout,9,2,1,60,1,5.0,1
P04230,C00212,1104.78,netbanking,ICICI,bank_declined,2,0,1,10,1,75.0,1
P04231,C01539,776.5,card,HDFC,timeout,0,1,1,120,0,,1
P04232,C00384,335.58,card,Other,insufficient_funds,3,4,0,0,1,82.0,0
P04233,C01715,247.86,netbanking,Axis,limit_exceeded,6,2,0,0,0,,0
P04234,C00342,1955.78,card,Other,limit_exceeded,3,3,1,60,1,92.0,1
P04235,C01839,301.78,netbanking,ICICI,bank_declined,4,1,0,0,0,,0
P04236,C01988,2627.9,netbanking,Axis,bank_declined,3,3,1,120,1,63.0,1
P04237,C00844,1530.72,card,SBI,network_error,4,1,1,10,1,128.0,1
P04238,C01535,462.78,card,ICICI,limit_exceeded,4,1,0,0,0,,0
P04239,C00420,209.79,card,HDFC,network_error,5,3,0,0,0,,0
P04240,C02799,506.2,netbanking,Axis,insufficient_funds,5,1,0,0,0,,0
P04241,C01989,1238.89,netbanking,Other,network_error,3,2,0,0,1,117.0,0
P04242,C01933,377.67,upi,SBI,bank_declined,7,1,0,0,1,17.0,0
P04243,C01850,195.94,card,ICICI,timeout,1,1,1,60,1,28.0,1
P04244,C00306,333.18,card,Axis,bank_declined,2,1,0,0,1,7.0,0
P04245,C02750,647.53,card,ICICI,limit_exceeded,6,1,0,0,1,43.0,0
P04246,C00869,685.28,wallet,HDFC,timeout,2,2,0,0,1,199.0,0
P04247,C02585,521.67,card,ICICI,bank_declined,5,9,1,30,0,,1
P04248,C01136,355.56,card,Other,bank_declined,4,4,0,0,1,41.0,0
P04249,C01435,452.33,netbanking,Other,network_error,7,0,1,60,1,67.0,1
P04250,C00206,357.04,upi,HDFC,insufficient_funds,4,4,1,120,1,19.0,1
P04251,C00496,541.68,upi,HDFC,network_error,2,2,1,30,0,,1
P04252,C01910,592.24,upi,SBI,network_error,6,2,1,10,1,152.0,1
P04253,C02552,415.44,netbanking,Axis,bank_declined,4,2,0,0,0,,0
P04254,C01046,273.23,upi,ICICI,network_error,5,0,1,10,1,113.0,1
P04255,C00213,1182.89,upi,HDFC,insufficient_funds,3,1,1,60,0,,1
P04256,C00310,607.05,card,Axis,limit_exceeded,5,2,1,60,1,79.0,1
P04257,C02709,813.66,netbanking,HDFC,insufficient_funds,4,3,1,60,1,230.0,1
P04258,C01992,293.11,card,HDFC,bank_declined,5,0,0,0,1,153.0,0
P04259,C02801,462.72,upi,SBI,limit_exceeded,6,2,1,120,0,,1
P04260,C00272,288.84,upi,Other,bank_declined,3,2,1,120,1,172.0,1
P04261,C01823,1326.18,upi,Axis,limit_exceeded,3,1,0,0,0,,0
P04262,C02986,230.95,upi,SBI,insufficient_funds,3,1,0,0,1,81.0,0
P04263,C02080,243.3,upi,Other,insufficient_funds,4,2,0,0,0,,0
P04264,C00443,516.75,netbanking,HDFC,insufficient_funds,3,1,1,120,0,,1
P04265,C02210,217.68,upi,SBI,limit_exceeded,6,3,1,10,0,,1
P04266,C02815,1324.4,upi,Other,insufficient_funds,3,2,1,60,0,,1
P04267,C00254,183.66,upi,Other,network_error,8,0,1,60,0,,1
P04268,C00521,417.23,upi,SBI,bank_declined,8,1,0,0,0,,0
P04269,C00977,367.97,wallet,ICICI,limit_exceeded,5,0,1,30,0,,1
P04270,C00010,608.2,upi,SBI,bank_declined,6,4,0,0,1,91.0,0
P04271,C02774,281.02,upi,HDFC,insufficient_funds,3,3,0,0,0,,0
P04272,C02553,590.1,netbanking,ICICI,timeout,5,3,0,0,0,,0
P04273,C02833,269.7,upi,SBI,network_error,5,1,1,10,1,214.0,1
P04274,C01584,243.1,upi,Other,bank_declined,3,4,1,10,0,,1
P04275,C02484,420.64,upi,Axis,bank_declined,4,1,0,0,1,156.0,0
P04276,C01135,457.99,card,SBI,limit_exceeded,3,4,0,0,0,,0
P04277,C00153,404.85,netbanking,Other,insufficient_funds,3,5,1,120,1,27.0,1
P04278,C01659,375.64,card,SBI,insufficient_funds,4,1,1,30,0,,1
P04279,C02965,1280.7,netbanking,HDFC,insufficient_funds,8,0,1,60,1,156.0,1
P04280,C02917,608.62,netbanking,HDFC,insufficient_funds,3,1,1,120,0,,1
P04281,C02801,584.6,upi,Other,limit_exceeded,6,1,0,0,0,,0
P04282,C01857,1044.99,card,Other,timeout,1,2,0,0,0,,0
P04283,C01215,190.16,upi,ICICI,insufficient_funds,5,2,0,0,1,140.0,0
P04284,C01753,2111.42,netbanking,HDFC,timeout,7,2,1,120,0,,1
P04285,C02611,152.11,card,Axis,network_error,5,2,1,10,1,219.0,1
P04286,C01105,1166.77,upi,HDFC,bank_declined,8,1,0,0,1,185.0,0
P04287,C02537,152.05,card,HDFC,insufficient_funds,2,1,1,60,1,57.0,1
P04288,C00895,471.0,netbanking,Axis,network_error,1,2,1,10,0,,1
P04289,C01112,319.66,upi,HDFC,timeout,6,3,1,60,0,,1
P04290,C00104,1435.26,upi,SBI,bank_declined,4,1,1,30,1,191.0,1
P04291,C01915,845.32,upi,SBI,bank_declined,4,5,1,30,0,,1
P04292,C01007,403.0,card,HDFC,timeout,7,1,0,0,1,132.0,0
P04293,C00407,714.91,card,HDFC,insufficient_funds,7,1,0,0,1,181.0,0
P04294,C01402,600.21,upi,Axis,insufficient_funds,0,4,0,0,0,,0
P04295,C00167,805.3,wallet,HDFC,network_error,1,5,0,0,0,,0
P04296,C00509,429.37,card,Other,network_error,2,2,1,120,0,,1
P04297,C01662,303.1,upi,SBI,limit_exceeded,1,0,1,10,1,190.0,1
P04298,C02361,107.78,card,HDFC,bank_declined,1,2,1,30,1,159.0,1
P04299,C00763,387.16,upi,Other,insufficient_funds,2,3,0,0,0,,0
P04300,C00681,541.36,upi,HDFC,bank_declined,4,2,1,120,1,146.0,1
P04301,C02525,244.57,upi,ICICI,bank_declined,7,1,0,0,1,223.0,0
P04302,C02121,467.35,upi,Other,limit_exceeded,4,0,0,0,1,41.0,0
P04303,C01165,1074.76,netbanking,SBI,limit_exceeded,1,4,0,0,0,,0
P04304,C00582,524.5,card,SBI,bank_declined,3,2,1,120,1,132.0,1
P04305,C00262,293.83,netbanking,ICICI,bank_declined,5,1,1,60,1,118.0,1
P04306,C01364,940.33,upi,Other,bank_declined,1,3,0,0,1,212.0,0
P04307,C01332,574.48,card,Other,timeout,7,3,1,10,0,,1
P04308,C02293,563.02,card,Axis,network_error,0,5,1,10,1,123.0,1
P04309,C01539,364.99,netbanking,HDFC,bank_declined,4,3,1,120,0,,1
P04310,C00561,203.96,upi,Other,timeout,4,3,1,60,1,51.0,1
P04311,C01100,584.26,netbanking,Axis,limit_exceeded,5,6,0,0,1,201.0,0
P04312,C01904,637.36,card,ICICI,timeout,6,0,0,0,0,,0
P04313,C00175,298.3,upi,ICICI,insufficient_funds,5,1,0,0,0,,0
P04314,C02157,549.57,wallet,ICICI,timeout,4,0,0,0,0,,0
P04315,C02231,947.99,wallet,Axis,limit_exceeded,6,6,0,0,1,89.0,0
P04316,C00192,241.92,netbanking,SBI,network_error,6,1,0,0,0,,0
P04317,C00065,662.2,netbanking,ICICI,insufficient_funds,3,4,1,120,1,116.0,1
P04318,C01498,459.42,upi,Axis,insufficient_funds,3,3,1,60,1,182.0,1
P04319,C01568,964.79,upi,Axis,bank_declined,3,4,1,30,0,,1
P04320,C02912,1047.38,upi,HDFC,bank_declined,4,3,0,0,0,,0
P04321,C01152,514.48,wallet,ICICI,limit_exceeded,6,0,1,120,0,,1
P04322,C01938,491.87,netbanking,SBI,network_error,3,2,0,0,1,183.0,0
P04323,C00369,421.32,upi,Axis,bank_declined,5,1,0,0,0,,0
P04324,C00851,234.9,card,SBI,network_error,4,0,0,0,1,234.0,0
P04325,C00043,649.15,wallet,SBI,insufficient_funds,1,1,0,0,0,,0
P04326,C01908,514.29,upi,ICICI,insufficient_funds,5,2,1,30,1,154.0,1
P04327,C02536,290.38,wallet,ICICI,timeout,2,2,1,120,1,190.0,1
P04328,C00078,124.4,netbanking,HDFC,bank_declined,5,0,0,0,0,,0
P04329,C02874,724.46,card,SBI,insufficient_funds,6,1,1,30,0,,1
P04330,C01825,384.04,upi,SBI,bank_declined,5,1,1,120,0,,1
P04331,C01294,795.5,netbanking,Axis,network_error,4,3,0,0,1,210.0,0
P04332,C00674,189.71,card,Axis,timeout,3,2,1,30,1,209.0,1
P04333,C00701,518.12,netbanking,Axis,bank_declined,3,2,1,10,0,,1
P04334,C00759,481.92,upi,SBI,bank_declined,8,3,1,30,1,7.0,1
P04335,C01924,425.45,card,HDFC,network_error,2,2,0,0,0,,0
P04336,C02776,1489.68,upi,Other,insufficient_funds,3,1,0,0,1,238.0,0
P04337,C02973,551.5,card,Axis,insufficient_funds,1,1,0,0,1,61.0,0
P04338,C00902,146.7,card,Other,bank_declined,5,2,0,0,1,211.0,0
P04339,C02937,372.22,netbanking,HDFC,bank_declined,6,2,0,0,0,,0
P04340,C00993,159.27,netbanking,SBI,bank_declined,3,1,0,0,0,,0
P04341,C01192,1327.09,card,Other,network_error,8,0,0,0,0,,0
P04342,C02387,585.46,card,ICICI,network_error,3,1,0,0,1,29.0,0
P04343,C02241,440.54,card,SBI,timeout,5,4,0,0,0,,0
P04344,C01477,183.56,wallet,ICICI,network_error,4,4,0,0,0,,0
P04345,C02331,556.11,upi,HDFC,bank_declined,2,3,0,0,0,,0
P04346,C00390,1026.88,card,Other,insufficient_funds,3,2,0,0,0,,0
P04347,C01000,745.51,upi,Other,network_error,4,0,1,30,0,,1
P04348,C00525,725.26,wallet,HDFC,insufficient_funds,3,3,0,0,0,,0
P04349,C01856,1344.73,netbanking,HDFC,bank_declined,4,3,0,0,0,,0
P04350,C01507,1436.38,upi,SBI,timeout,1,2,1,120,0,,1
P04351,C00659,531.5,netbanking,HDFC,insufficient_funds,2,2,1,120,0,,1
P04352,C02764,743.95,netbanking,Axis,network_error,5,2,0,0,0,,0
P04353,C00891,1635.25,card,ICICI,insufficient_funds,4,4,0,0,0,,0
P04354,C01482,243.96,wallet,HDFC,bank_declined,4,1,0,0,0,,0
P04355,C00452,688.56,netbanking,Axis,limit_exceeded,2,1,1,10,0,,1
P04356,C02476,240.94,upi,Other,limit_exceeded,3,2,1,10,1,65.0,1
P04357,C01538,379.33,upi,HDFC,limit_exceeded,4,0,1,30,1,125.0,1
P04358,C00883,1257.22,card,ICICI,network_error,4,4,1,30,0,,1
P04359,C00313,272.96,netbanking,ICICI,bank_declined,2,2,0,0,0,,0
P04360,C00840,1057.13,upi,SBI,bank_declined,10,3,0,0,0,,0
P04361,C02567,322.11,upi,Other,insufficient_funds,3,1,0,0,0,,0
P04362,C00375,1063.75,card,Other,insufficient_funds,2,2,0,0,0,,0
P04363,C00451,1372.43,card,ICICI,insufficient_funds,2,3,0,0,1,214.0,0
P04364,C00595,261.25,wallet,Axis,bank_declined,3,3,0,0,0,,0
P04365,C01234,770.13,upi,ICICI,insufficient_funds,8,0,1,30,0,,1
P04366,C00500,1071.34,netbanking,HDFC,limit_exceeded,3,3,0,0,1,225.0,0
P04367,C00464,364.0,netbanking,SBI,network_error,7,2,1,60,1,76.0,1
P04368,C00113,733.69,wallet,HDFC,insufficient_funds,3,2,0,0,0,,0
P04369,C01036,213.41,wallet,Other,bank_declined,2,1,0,0,1,232.0,0
P04370,C02379,2284.79,upi,HDFC,bank_declined,5,2,1,120,0,,1
P04371,C01925,292.52,wallet,Other,timeout,10,3,0,0,1,203.0,0
P04372,C00140,402.64,upi,SBI,insufficient_funds,1,0,1,120,1,90.0,1
P04373,C01425,448.93,upi,Other,bank_declined,2,3,1,10,0,,1
P04374,C02950,521.75,netbanking,SBI,timeout,0,0,1,120,1,129.0,1
P04375,C00517,674.21,wallet,Axis,bank_declined,4,2,1,120,1,83.0,1
P04376,C02617,666.55,upi,Axis,bank_declined,2,3,1,60,0,,1
P04377,C01948,226.56,upi,SBI,bank_declined,7,2,0,0,0,,0
P04378,C02894,205.58,netbanking,ICICI,timeout,4,3,0,0,0,,0
P04379,C02166,1617.81,upi,SBI,insufficient_funds,1,0,1,10,1,123.0,1
P04380,C00888,1108.16,upi,Other,limit_exceeded,6,5,1,60,0,,1
P04381,C01342,198.02,netbanking,Axis,insufficient_funds,3,3,1,120,1,156.0,1
P04382,C00050,650.18,netbanking,Axis,bank_declined,4,0,1,60,1,124.0,1
P04383,C00019,870.28,card,SBI,bank_declined,3,1,0,0,1,6.0,0
P04384,C00726,2088.85,upi,ICICI,bank_declined,5,1,1,10,1,177.0,1
P04385,C02245,353.4,card,SBI,insufficient_funds,4,2,1,60,0,,1
P04386,C01474,1007.38,netbanking,Other,network_error,4,1,1,120,1,106.0,1
P04387,C02607,819.49,card,Other,bank_declined,4,0,0,0,0,,0
P04388,C00452,304.33,netbanking,HDFC,network_error,4,1,0,0,0,,0
P04389,C02337,387.16,upi,ICICI,network_error,7,4,0,0,1,31.0,0
P04390,C01165,291.22,card,Axis,insufficient_funds,4,4,1,60,0,,1
P04391,C01108,634.25,netbanking,Other,limit_exceeded,3,1,0,0,1,135.0,0
P04392,C02439,167.04,card,Other,timeout,6,4,1,30,0,,1
P04393,C00215,423.02,upi,ICICI,timeout,4,1,0,0,1,180.0,0
P04394,C01550,383.66,upi,SBI,network_error,3,3,0,0,0,,0
P04395,C02263,117.86,upi,HDFC,timeout,4,2,1,60,1,108.0,1
P04396,C00128,611.52,card,Other,network_error,3,3,1,10,0,,1
P04397,C01846,791.7,upi,HDFC,bank_declined,5,1,1,10,0,,1
P04398,C00760,178.66,card,Axis,timeout,4,0,0,0,0,,0
P04399,C02452,493.67,netbanking,HDFC,network_error,5,0,0,0,0,,0
P04400,C01816,188.06,card,Other,insufficient_funds,5,1,1,60,1,18.0,1
P04401,C02386,536.74,upi,SBI,limit_exceeded,9,1,1,120,1,79.0,1
P04402,C02879,1117.04,upi,Other,bank_declined,8,0,1,120,0,,1
P04403,C02762,345.36,wallet,Axis,network_error,6,1,1,120,1,224.0,1
P04404,C00361,401.11,card,HDFC,bank_declined,7,1,0,0,1,21.0,0
P04405,C00569,2163.75,wallet,SBI,insufficient_funds,1,3,1,30,1,34.0,1
P04406,C01416,292.52,card,SBI,timeout,4,0,0,0,1,18.0,0
P04407,C02266,255.98,netbanking,HDFC,network_error,3,2,1,60,0,,1
P04408,C01598,490.94,card,HDFC,timeout,5,1,0,0,1,13.0,0
P04409,C01693,2674.65,wallet,HDFC,bank_declined,3,3,0,0,1,238.0,0
P04410,C00202,588.38,netbanking,Axis,timeout,4,1,1,120,0,,1
P04411,C02065,310.9,card,SBI,timeout,4,2,0,0,0,,0
P04412,C02370,747.76,card,Other,bank_declined,6,1,1,10,0,,1
P04413,C00518,830.08,upi,Axis,insufficient_funds,2,1,1,30,1,145.0,1
P04414,C01349,753.48,upi,HDFC,limit_exceeded,4,0,0,0,1,7.0,0
P04415,C01436,852.26,upi,HDFC,insufficient_funds,7,1,0,0,0,,0
P04416,C01342,948.8,upi,Other,limit_exceeded,1,0,0,0,0,,0
P04417,C00681,450.34,netbanking,Other,network_error,5,3,0,0,1,211.0,0
P04418,C01989,450.34,card,Other,network_error,2,3,1,60,1,104.0,1
P04419,C01492,887.78,card,ICICI,insufficient_funds,3,0,1,30,1,121.0,1
P04420,C00425,89.03,card,Axis,bank_declined,2,2,1,10,1,224.0,1
P04421,C01969,80.26,card,ICICI,bank_declined,6,5,1,120,0,,1
P04422,C01713,324.3,upi,Other,insufficient_funds,5,1,0,0,0,,0
P04423,C02435,387.53,upi,SBI,timeout,2,2,1,120,1,111.0,1
P04424,C00778,801.11,netbanking,Axis,insufficient_funds,10,0,1,120,1,173.0,1
P04425,C02146,352.07,card,ICICI,network_error,3,1,0,0,0,,0
P04426,C01827,1119.26,upi,HDFC,network_error,5,1,0,0,0,,0
P04427,C00208,545.05,card,Axis,limit_exceeded,0,1,1,120,0,,1
P04428,C01538,285.41,wallet,SBI,limit_exceeded,6,2,0,0,0,,0
P04429,C01660,1193.16,upi,SBI,bank_declined,5,2,1,10,0,,1
P04430,C02634,598.33,upi,Other,timeout,3,1,1,30,1,13.0,1
P04431,C02214,198.56,upi,Other,timeout,5,3,0,0,0,,0
P04432,C00022,841.63,card,HDFC,insufficient_funds,4,1,1,60,0,,1
P04433,C00154,841.06,card,SBI,limit_exceeded,2,1,1,60,0,,1
P04434,C01963,201.56,upi,Other,network_error,7,0,0,0,1,89.0,0
P04435,C00219,531.16,wallet,ICICI,network_error,1,3,1,30,0,,1
P04436,C00669,752.45,card,Other,timeout,7,2,0,0,0,,0
P04437,C01519,153.62,upi,HDFC,insufficient_funds,1,1,0,0,1,121.0,0
P04438,C02278,1031.59,upi,HDFC,insufficient_funds,5,2,1,120,0,,1
P04439,C02068,304.32,upi,ICICI,insufficient_funds,2,2,0,0,0,,0
P04440,C02601,268.91,upi,Axis,timeout,3,1,0,0,0,,0
P04441,C00950,403.89,card,SBI,network_error,7,4,0,0,0,,0
P04442,C02196,803.89,upi,HDFC,bank_declined,4,1,0,0,1,88.0,0
P04443,C00403,990.29,card,SBI,insufficient_funds,3,3,0,0,1,95.0,0
P04444,C00596,1580.63,upi,ICICI,timeout,5,3,1,60,0,,1
P04445,C02415,263.67,card,ICICI,bank_declined,6,5,0,0,0,,0
P04446,C01438,637.03,card,Axis,network_error,5,0,1,60,1,180.0,1
P04447,C02850,794.22,card,HDFC,insufficient_funds,5,1,0,0,0,,0
P04448,C02966,691.82,netbanking,ICICI,bank_declined,6,2,0,0,1,177.0,0
P04449,C01158,248.22,card,Other,insufficient_funds,3,3,1,10,0,,1
P04450,C01743,589.72,card,SBI,timeout,6,1,1,60,1,76.0,1
P04451,C01307,617.11,card,SBI,insufficient_funds,5,2,1,30,1,230.0,1
P04452,C00073,317.44,card,Other,insufficient_funds,5,1,1,60,0,,1
P04453,C00481,691.15,upi,SBI,limit_exceeded,3,0,1,30,1,207.0,1
P04454,C00560,570.23,netbanking,Other,insufficient_funds,3,0,0,0,0,,0
P04455,C00745,191.17,wallet,SBI,insufficient_funds,4,2,0,0,1,92.0,0
P04456,C01467,767.68,wallet,ICICI,insufficient_funds,1,2,0,0,1,38.0,0
P04457,C00100,533.84,card,Axis,timeout,6,0,1,30,1,55.0,1
P04458,C01083,131.14,card,HDFC,timeout,7,0,1,60,1,153.0,1
P04459,C02556,399.45,upi,HDFC,limit_exceeded,3,1,1,10,0,,1
P04460,C02306,537.3,netbanking,HDFC,network_error,3,1,1,60,0,,1
P04461,C00413,297.84,upi,HDFC,insufficient_funds,1,2,0,0,1,119.0,0
P04462,C01089,613.21,upi,HDFC,insufficient_funds,1,1,0,0,1,149.0,0
P04463,C02643,402.88,upi,Other,timeout,4,2,0,0,0,,0
P04464,C01178,1010.08,card,ICICI,limit_exceeded,4,3,0,0,0,,0
P04465,C02009,595.72,upi,Axis,limit_exceeded,5,1,0,0,1,96.0,0
P04466,C02314,1868.1,card,HDFC,timeout,5,3,1,120,0,,1
P04467,C00821,179.59,upi,SBI,timeout,4,3,0,0,0,,0
P04468,C00662,616.4,upi,SBI,network_error,2,1,1,10,1,7.0,1
P04469,C02995,498.55,upi,Axis,timeout,11,5,1,10,1,163.0,1
P04470,C00560,661.44,card,HDFC,insufficient_funds,4,4,1,60,0,,1
P04471,C02965,1231.53,netbanking,HDFC,bank_declined,3,3,0,0,1,132.0,0
P04472,C02939,180.74,netbanking,ICICI,bank_declined,1,2,1,30,0,,1
P04473,C01272,754.12,netbanking,SBI,network_error,2,4,1,30,1,91.0,1
P04474,C01814,623.83,upi,SBI,bank_declined,7,1,1,30,0,,1
P04475,C02916,260.65,card,Other,bank_declined,7,2,1,120,0,,1
P04476,C00610,1132.43,card,SBI,network_error,4,0,0,0,1,96.0,0
P04477,C02462,514.12,upi,HDFC,bank_declined,3,1,0,0,0,,0
P04478,C00025,292.96,card,HDFC,insufficient_funds,4,3,1,10,0,,1
P04479,C02029,665.18,card,SBI,limit_exceeded,5,2,1,30,1,143.0,1
P04480,C00284,962.07,upi,Other,limit_exceeded,4,4,0,0,0,,0
P04481,C01473,615.41,upi,Axis,insufficient_funds,8,2,0,0,0,,0
P04482,C02929,365.37,card,SBI,network_error,5,1,0,0,1,161.0,0
P04483,C00301,282.61,wallet,Axis,timeout,1,0,1,60,0,,1
P04484,C01092,278.78,netbanking,SBI,network_error,6,2,0,0,1,204.0,0
P04485,C01031,859.55,card,Axis,bank_declined,6,2,0,0,0,,0
P04486,C00817,953.6,card,HDFC,timeout,3,1,0,0,0,,0
P04487,C00083,413.19,card,HDFC,network_error,4,3,0,0,1,10.0,0
P04488,C01921,2526.14,card,Axis,insufficient_funds,3,2,1,120,1,207.0,1
P04489,C02094,417.05,card,ICICI,network_error,5,3,1,60,1,179.0,1
P04490,C00618,467.58,netbanking,HDFC,bank_declined,6,1,0,0,1,155.0,0
P04491,C02976,373.56,netbanking,Other,network_error,3,3,0,0,0,,0
P04492,C02310,453.91,card,Other,timeout,7,3,1,10,0,,1
P04493,C00176,479.61,upi,Axis,bank_declined,5,2,1,30,0,,1
P04494,C01190,739.79,wallet,ICICI,bank_declined,3,0,1,30,0,,1
P04495,C02705,430.03,upi,Other,timeout,2,3,0,0,0,,0
P04496,C00842,753.35,wallet,HDFC,network_error,8,2,0,0,0,,0
P04497,C00370,161.12,upi,SBI,insufficient_funds,6,1,1,30,1,142.0,1
P04498,C01819,318.36,upi,SBI,network_error,1,1,1,10,0,,1
P04499,C02102,393.77,upi,HDFC,network_error,4,1,1,60,1,154.0,1
P04500,C00690,412.21,wallet,ICICI,bank_declined,8,3,1,30,0,,1
P04501,C01780,136.54,upi,Axis,network_error,5,4,0,0,0,,0
P04502,C01365,921.95,wallet,HDFC,bank_declined,4,0,1,60,0,,1
P04503,C01433,176.23,upi,SBI,limit_exceeded,5,0,1,30,1,184.0,1
P04504,C00367,316.66,card,Axis,insufficient_funds,3,2,0,0,0,,0
P04505,C00644,483.17,card,ICICI,bank_declined,3,3,1,10,0,,1
P04506,C02427,2057.93,card,Other,timeout,6,2,0,0,0,,0
P04507,C00073,474.81,card,SBI,insufficient_funds,5,2,1,10,1,121.0,1
P04508,C02963,674.44,upi,ICICI,limit_exceeded,1,2,1,10,1,130.0,1
P04509,C01272,174.37,upi,HDFC,network_error,4,1,0,0,1,97.0,0
P04510,C00860,274.65,netbanking,ICICI,timeout,4,1,1,60,1,238.0,1
P04511,C00043,302.77,netbanking,ICICI,network_error,3,0,0,0,0,,0
P04512,C02425,339.15,wallet,Axis,timeout,5,0,0,0,1,56.0,0
P04513,C01065,1004.07,card,SBI,bank_declined,5,2,0,0,0,,0
P04514,C02218,335.61,card,SBI,network_error,5,3,0,0,1,219.0,0
P04515,C02260,754.41,upi,ICICI,network_error,1,1,0,0,1,8.0,0
P04516,C01517,287.31,card,HDFC,limit_exceeded,4,1,0,0,0,,0
P04517,C02087,405.18,card,ICICI,insufficient_funds,6,7,0,0,0,,0
P04518,C00369,91.9,upi,HDFC,insufficient_funds,5,1,0,0,0,,0
P04519,C02805,468.89,netbanking,Axis,network_error,5,2,0,0,1,55.0,0
P04520,C00151,488.01,netbanking,SBI,bank_declined,5,1,0,0,1,133.0,0
P04521,C01135,430.17,wallet,SBI,network_error,4,2,1,120,1,184.0,1
P04522,C01504,1950.39,upi,SBI,insufficient_funds,4,1,1,120,0,,1
P04523,C01460,470.76,wallet,SBI,network_error,2,2,1,120,0,,1
P04524,C01071,73.28,card,Axis,bank_declined,2,5,0,0,0,,0
P04525,C01024,209.84,netbanking,ICICI,insufficient_funds,3,2,1,120,0,,1
P04526,C01599,478.11,card,SBI,limit_exceeded,2,3,0,0,1,112.0,0
P04527,C02785,466.06,wallet,Other,timeout,3,0,1,10,0,,1
P04528,C02041,278.93,card,HDFC,timeout,8,2,1,60,0,,1
P04529,C01390,241.08,netbanking,HDFC,network_error,3,2,0,0,0,,0
P04530,C00069,1299.81,upi,SBI,insufficient_funds,5,7,1,120,0,,1
P04531,C02347,985.2,upi,HDFC,network_error,3,0,1,10,0,,1
P04532,C00944,1083.14,card,HDFC,timeout,6,5,1,30,0,,1
P04533,C00802,317.43,netbanking,Axis,insufficient_funds,2,1,0,0,1,210.0,0
P04534,C02344,804.43,card,HDFC,network_error,9,3,1,120,0,,1
P04535,C02251,81.69,upi,Axis,limit_exceeded,2,2,1,120,1,122.0,1
P04536,C00061,368.39,card,HDFC,timeout,4,4,0,0,0,,0
P04537,C00946,334.96,upi,Axis,network_error,3,1,0,0,0,,0
P04538,C01338,413.26,card,HDFC,bank_declined,5,2,0,0,1,49.0,0
P04539,C01185,534.19,upi,Other,network_error,9,0,1,10,1,142.0,1
P04540,C00331,437.1,wallet,ICICI,timeout,2,1,1,60,1,61.0,1
P04541,C01552,223.79,wallet,Axis,network_error,8,3,0,0,0,,0
P04542,C00338,292.64,card,Other,timeout,5,6,0,0,0,,0
P04543,C01630,708.22,card,ICICI,bank_declined,5,5,1,10,0,,1
P04544,C01328,631.57,card,ICICI,network_error,2,1,1,120,0,,1
P04545,C01527,1502.61,netbanking,Other,network_error,4,4,1,10,0,,1
P04546,C01674,613.19,card,SBI,insufficient_funds,2,4,1,60,0,,1
P04547,C01362,1396.33,card,SBI,insufficient_funds,3,1,1,120,0,,1
P04548,C01574,178.87,card,Axis,bank_declined,5,3,1,10,1,196.0,1
P04549,C02687,745.08,netbanking,SBI,insufficient_funds,8,5,1,10,0,,1
P04550,C00275,837.38,wallet,Axis,insufficient_funds,3,1,0,0,0,,0
P04551,C01188,691.88,netbanking,Other,network_error,3,0,1,120,0,,1
P04552,C02367,212.63,netbanking,SBI,network_error,5,3,1,30,1,208.0,1
P04553,C02637,615.36,upi,SBI,insufficient_funds,3,2,0,0,0,,0
P04554,C02552,382.7,upi,HDFC,limit_exceeded,4,1,1,120,1,61.0,1
P04555,C02435,738.72,netbanking,HDFC,bank_declined,3,2,1,120,1,49.0,1
P04556,C01994,463.67,card,ICICI,network_error,7,2,1,60,1,72.0,1
P04557,C00870,330.87,card,HDFC,insufficient_funds,3,1,1,120,0,,1
P04558,C02881,2433.63,upi,Other,bank_declined,6,1,0,0,1,160.0,0
P04559,C01015,292.85,card,Axis,network_error,11,2,0,0,1,217.0,0
P04560,C01912,599.19,upi,Axis,bank_declined,3,2,0,0,0,,0
P04561,C00603,725.09,netbanking,HDFC,insufficient_funds,4,1,1,60,1,110.0,1
P04562,C01800,401.29,upi,HDFC,insufficient_funds,4,4,0,0,1,216.0,0
P04563,C00691,1093.81,netbanking,Axis,bank_declined,1,1,1,60,1,195.0,1
P04564,C00494,901.68,upi,ICICI,insufficient_funds,1,1,0,0,0,,0
P04565,C00490,151.3,card,SBI,insufficient_funds,0,0,0,0,0,,0
P04566,C02769,759.95,card,ICICI,timeout,6,1,0,0,1,169.0,0
P04567,C02557,1704.49,card,Other,insufficient_funds,8,3,1,10,1,139.0,1
P04568,C00390,289.04,card,Other,insufficient_funds,4,3,0,0,0,,0
P04569,C00295,187.88,card,SBI,insufficient_funds,4,1,0,0,0,,0
P04570,C01393,398.81,card,SBI,limit_exceeded,2,1,1,10,0,,1
P04571,C02844,481.78,card,ICICI,insufficient_funds,5,1,1,10,0,,1
P04572,C02913,503.72,upi,Axis,bank_declined,3,2,1,30,1,28.0,1
P04573,C01718,1025.62,upi,SBI,network_error,2,4,1,120,0,,1
P04574,C02597,303.14,netbanking,ICICI,limit_exceeded,4,4,0,0,1,184.0,0
P04575,C00649,714.58,card,ICICI,limit_exceeded,0,2,1,120,1,237.0,1
P04576,C01874,845.11,netbanking,Axis,insufficient_funds,2,0,1,120,0,,1
P04577,C00568,529.38,card,ICICI,insufficient_funds,9,6,0,0,0,,0
P04578,C02901,318.36,wallet,Other,bank_declined,5,3,1,30,0,,1
P04579,C02818,219.27,card,Axis,insufficient_funds,4,1,1,10,0,,1
P04580,C00445,168.14,netbanking,HDFC,limit_exceeded,3,2,0,0,0,,0
P04581,C00363,176.1,card,ICICI,timeout,3,3,1,30,0,,1
P04582,C02171,159.7,wallet,SBI,limit_exceeded,3,2,1,30,1,217.0,1
P04583,C01212,1432.59,netbanking,SBI,network_error,5,2,0,0,0,,0
P04584,C00742,434.05,upi,Axis,bank_declined,5,1,1,120,0,,1
P04585,C02042,2058.76,upi,SBI,network_error,3,0,1,30,0,,1
P04586,C00680,637.74,card,SBI,insufficient_funds,5,1,1,10,1,174.0,1
P04587,C02468,168.09,card,HDFC,bank_declined,6,0,1,10,1,97.0,1
P04588,C01643,428.94,card,SBI,limit_exceeded,3,2,1,10,0,,1
P04589,C01573,763.69,upi,Axis,network_error,4,1,0,0,1,202.0,0
P04590,C01359,612.58,card,Axis,insufficient_funds,3,1,1,10,0,,1
P04591,C02140,363.0,upi,Other,timeout,3,3,0,0,0,,0
P04592,C00063,917.79,upi,ICICI,insufficient_funds,4,2,0,0,0,,0
P04593,C02560,235.78,upi,ICICI,bank_declined,1,2,0,0,1,103.0,0
P04594,C01163,555.58,card,ICICI,timeout,2,3,0,0,0,,0
P04595,C01229,855.89,upi,Axis,insufficient_funds,1,1,0,0,0,,0
P04596,C02820,378.79,card,SBI,bank_declined,4,2,1,60,0,,1
P04597,C00256,695.79,card,ICICI,insufficient_funds,4,1,1,30,1,44.0,1
P04598,C00135,449.76,upi,SBI,limit_exceeded,4,4,1,120,0,,1
P04599,C00875,565.13,card,SBI,insufficient_funds,3,6,1,10,1,173.0,1
P04600,C00822,658.26,card,Other,network_error,2,5,1,10,1,212.0,1
P04601,C02136,399.8,netbanking,ICICI,bank_declined,5,1,0,0,0,,0
P04602,C00823,1299.8,wallet,Axis,network_error,1,1,0,0,0,,0
P04603,C00974,588.66,netbanking,Axis,insufficient_funds,3,3,0,0,0,,0
P04604,C02982,724.36,card,Other,timeout,8,2,0,0,0,,0
P04605,C01778,1089.02,card,ICICI,network_error,4,5,0,0,0,,0
P04606,C00121,743.92,netbanking,SBI,insufficient_funds,2,2,0,0,0,,0
P04607,C01638,252.96,wallet,ICICI,limit_exceeded,2,0,1,10,0,,1
P04608,C01365,816.19,card,Axis,limit_exceeded,3,1,1,10,0,,1
P04609,C01008,588.07,netbanking,Axis,bank_declined,1,1,1,10,1,66.0,1
P04610,C00925,301.18,netbanking,Axis,bank_declined,3,2,0,0,0,,0
P04611,C00645,1094.78,wallet,SBI,bank_declined,3,1,1,60,1,235.0,1
P04612,C02033,239.67,card,Axis,network_error,2,2,1,30,0,,1
P04613,C02762,334.71,upi,ICICI,bank_declined,8,1,1,30,1,150.0,1
P04614,C02908,367.14,upi,SBI,timeout,0,1,1,120,1,164.0,1
P04615,C02069,201.75,upi,ICICI,insufficient_funds,4,2,1,10,0,,1
P04616,C00242,486.53,upi,HDFC,bank_declined,4,1,1,10,1,69.0,1
P04617,C02503,309.67,wallet,HDFC,network_error,3,1,1,10,0,,1
P04618,C02669,577.36,netbanking,SBI,timeout,3,2,0,0,1,186.0,0
P04619,C02351,1650.1,card,Axis,limit_exceeded,3,2,1,10,0,,1
P04620,C01620,479.39,upi,Axis,insufficient_funds,2,1,0,0,0,,0
P04621,C00803,690.48,upi,SBI,insufficient_funds,5,2,1,10,0,,1
P04622,C00964,486.11,wallet,ICICI,bank_declined,4,2,1,30,0,,1
P04623,C00069,395.08,upi,HDFC,bank_declined,2,2,0,0,0,,0
P04624,C01153,821.69,upi,Axis,timeout,4,3,0,0,0,,0
P04625,C00196,255.39,card,Axis,insufficient_funds,3,3,0,0,1,210.0,0
P04626,C02188,990.11,upi,HDFC,network_error,5,1,1,10,1,45.0,1
P04627,C02331,286.66,card,SBI,insufficient_funds,8,2,1,30,1,171.0,1
P04628,C02360,1266.23,upi,SBI,limit_exceeded,1,2,0,0,0,,0
P04629,C00746,381.01,netbanking,SBI,bank_declined,6,3,0,0,1,57.0,0
P04630,C01689,276.61,card,Axis,network_error,4,1,0,0,0,,0
P04631,C00277,529.15,upi,ICICI,bank_declined,4,1,0,0,1,83.0,0
P04632,C00061,163.87,wallet,Other,bank_declined,9,4,0,0,0,,0
P04633,C01914,232.35,card,SBI,network_error,4,3,1,60,0,,1
P04634,C02100,686.67,card,Other,timeout,3,0,0,0,0,,0
P04635,C02201,1123.29,upi,ICICI,insufficient_funds,5,1,0,0,1,154.0,0
P04636,C01773,326.56,netbanking,Axis,bank_declined,0,1,1,10,1,15.0,1
P04637,C01335,1203.02,upi,Other,network_error,1,1,1,10,0,,1
P04638,C01838,369.04,upi,SBI,network_error,1,1,0,0,0,,0
P04639,C02592,559.76,card,Other,timeout,7,5,1,120,1,84.0,1
P04640,C00567,563.1,wallet,HDFC,limit_exceeded,4,1,1,10,1,220.0,1
P04641,C01572,1438.74,card,ICICI,insufficient_funds,2,1,0,0,1,37.0,0
P04642,C00622,915.1,card,HDFC,timeout,0,3,1,120,0,,1
P04643,C02026,427.39,upi,ICICI,bank_declined,5,2,1,10,0,,1
P04644,C01201,2710.07,upi,ICICI,bank_declined,4,1,0,0,1,79.0,0
P04645,C00314,473.59,upi,Axis,network_error,5,2,1,60,1,91.0,1
P04646,C02855,498.06,upi,ICICI,insufficient_funds,4,3,0,0,1,113.0,0
P04647,C02896,621.86,netbanking,ICICI,bank_declined,12,3,0,0,1,99.0,0
P04648,C02145,367.05,card,SBI,limit_exceeded,4,3,1,60,1,234.0,1
P04649,C02929,1298.4,upi,HDFC,insufficient_funds,6,3,0,0,0,,0
P04650,C01237,460.85,upi,Other,insufficient_funds,4,3,0,0,1,140.0,0
P04651,C02877,775.28,card,Axis,timeout,3,1,0,0,1,146.0,0
P04652,C00137,72.26,netbanking,ICICI,bank_declined,5,3,1,60,0,,1
P04653,C01030,540.24,card,SBI,network_error,2,2,1,10,1,46.0,1
P04654,C02157,389.41,card,ICICI,bank_declined,7,0,1,120,0,,1
P04655,C02595,518.0,card,Axis,insufficient_funds,4,1,0,0,0,,0
P04656,C00662,219.08,card,HDFC,insufficient_funds,3,1,0,0,1,206.0,0
P04657,C02473,433.58,card,Other,insufficient_funds,5,3,1,60,1,93.0,1
P04658,C02678,560.34,card,SBI,insufficient_funds,1,2,1,120,1,232.0,1
P04659,C02309,383.88,upi,Axis,insufficient_funds,9,0,0,0,1,149.0,0
P04660,C00087,748.39,card,Axis,timeout,5,4,1,10,1,69.0,1
P04661,C02513,515.42,netbanking,ICICI,network_error,0,4,0,0,1,153.0,0
P04662,C02124,769.54,card,SBI,bank_declined,3,1,1,60,0,,1
P04663,C02519,976.19,upi,Other,bank_declined,4,2,0,0,0,,0
P04664,C02462,1032.33,card,Axis,limit_exceeded,4,1,0,0,0,,0
P04665,C02873,377.1,upi,Other,insufficient_funds,5,4,0,0,0,,0
P04666,C02943,373.18,card,HDFC,limit_exceeded,4,2,1,60,0,,1
P04667,C02774,1514.94,card,ICICI,timeout,3,3,0,0,1,75.0,0
P04668,C02505,259.16,upi,Other,network_error,7,0,0,0,1,201.0,0
P04669,C01309,367.21,upi,Axis,network_error,2,4,1,60,1,51.0,1
P04670,C01701,440.19,card,Axis,bank_declined,2,3,1,30,1,175.0,1
P04671,C02701,270.47,netbanking,Axis,bank_declined,2,2,1,30,1,83.0,1
P04672,C02720,533.23,card,Axis,timeout,3,3,1,30,1,60.0,1
P04673,C00495,1153.52,card,SBI,timeout,3,0,0,0,0,,0
P04674,C01648,129.18,card,ICICI,network_error,5,4,0,0,1,63.0,0
P04675,C01943,343.29,upi,SBI,timeout,1,0,0,0,0,,0
P04676,C01069,535.71,wallet,SBI,timeout,7,2,1,60,1,87.0,1
P04677,C01425,1473.27,upi,ICICI,bank_declined,3,0,1,30,1,44.0,1
P04678,C00597,173.19,upi,Axis,network_error,2,3,0,0,1,221.0,0
P04679,C00450,905.33,card,HDFC,bank_declined,6,2,1,30,0,,1
P04680,C00485,439.52,netbanking,SBI,insufficient_funds,2,3,0,0,0,,0
P04681,C00646,552.08,card,Other,network_error,2,1,0,0,0,,0
P04682,C02668,1163.74,netbanking,SBI,network_error,2,1,0,0,0,,0
P04683,C01630,449.36,wallet,ICICI,insufficient_funds,7,1,0,0,0,,0
P04684,C00662,481.62,netbanking,SBI,insufficient_funds,2,0,1,30,0,,1
P04685,C00758,541.58,upi,Other,insufficient_funds,4,3,0,0,1,202.0,0
P04686,C00289,567.33,upi,SBI,timeout,5,4,1,30,1,136.0,1
P04687,C00721,229.96,upi,HDFC,insufficient_funds,5,2,0,0,1,5.0,0
P04688,C00638,551.89,card,SBI,bank_declined,2,1,0,0,0,,0
P04689,C02283,667.72,netbanking,Other,insufficient_funds,6,1,1,60,0,,1
P04690,C02464,159.25,upi,Axis,bank_declined,7,4,1,30,1,136.0,1
P04691,C02986,902.41,upi,HDFC,timeout,3,1,1,60,0,,1
P04692,C00499,935.06,upi,Axis,limit_exceeded,1,1,0,0,0,,0
P04693,C00634,588.21,card,SBI,network_error,4,2,1,60,1,31.0,1
P04694,C01674,192.26,netbanking,Other,limit_exceeded,6,2,1,120,1,185.0,1
P04695,C02031,312.88,card,ICICI,limit_exceeded,5,4,0,0,0,,0
P04696,C00115,96.74,netbanking,HDFC,insufficient_funds,1,2,1,60,0,,1
P04697,C02980,383.61,wallet,Other,network_error,4,1,0,0,1,180.0,0
P04698,C00674,259.97,netbanking,ICICI,timeout,3,1,1,120,1,81.0,1
P04699,C01737,469.86,card,HDFC,network_error,5,2,0,0,1,199.0,0
P04700,C01258,993.31,netbanking,HDFC,timeout,3,0,1,30,0,,1
P04701,C02254,346.67,upi,SBI,network_error,2,1,1,120,0,,1
P04702,C02295,657.06,card,ICICI,bank_declined,2,4,1,10,0,,1
P04703,C02806,463.45,card,HDFC,network_error,4,2,0,0,1,142.0,0
P04704,C00147,261.72,card,HDFC,network_error,2,4,1,120,0,,1
P04705,C02166,1321.36,card,SBI,network_error,4,2,0,0,0,,0
P04706,C00412,879.38,card,SBI,insufficient_funds,3,3,0,0,0,,0
P04707,C01688,226.79,wallet,Axis,insufficient_funds,4,2,0,0,0,,0
P04708,C02411,674.47,netbanking,Axis,timeout,7,2,0,0,1,129.0,0
P04709,C01533,426.12,netbanking,Axis,bank_declined,6,4,0,0,1,65.0,0
P04710,C00137,705.42,card,Axis,insufficient_funds,9,3,0,0,0,,0
P04711,C00019,192.72,card,ICICI,insufficient_funds,4,4,0,0,0,,0
P04712,C02243,386.12,upi,ICICI,bank_declined,3,3,0,0,0,,0
P04713,C02378,631.19,netbanking,Other,bank_declined,5,4,1,120,1,161.0,1
P04714,C01960,230.12,wallet,Other,limit_exceeded,5,2,1,60,0,,1
P04715,C02223,590.68,netbanking,Axis,timeout,5,3,1,30,1,165.0,1
P04716,C01002,389.78,netbanking,Axis,insufficient_funds,8,3,1,10,0,,1
P04717,C00449,508.13,card,ICICI,timeout,1,1,0,0,0,,0
P04718,C01949,1005.94,card,Axis,network_error,5,2,1,30,1,198.0,1
P04719,C00946,3276.56,card,Axis,insufficient_funds,7,1,0,0,0,,0
P04720,C01378,520.39,card,ICICI,timeout,4,0,0,0,1,186.0,0
P04721,C01523,431.93,netbanking,HDFC,insufficient_funds,3,3,0,0,0,,0
P04722,C00141,1904.23,wallet,ICICI,timeout,2,0,0,0,0,,0
P04723,C02806,1089.51,card,Axis,limit_exceeded,2,2,1,60,0,,1
P04724,C01921,1708.63,netbanking,ICICI,limit_exceeded,3,1,0,0,1,175.0,0
P04725,C02978,582.18,card,Other,timeout,4,4,1,10,0,,1
P04726,C00093,872.61,upi,HDFC,limit_exceeded,6,4,1,120,0,,1
P04727,C00239,509.71,upi,HDFC,timeout,8,0,0,0,1,10.0,0
P04728,C00205,512.62,card,HDFC,network_error,7,0,0,0,0,,0
P04729,C02608,532.38,netbanking,ICICI,insufficient_funds,7,4,1,60,1,72.0,1
P04730,C01457,659.5,card,Other,insufficient_funds,7,2,1,30,0,,1
P04731,C00245,519.1,upi,SBI,timeout,6,4,1,30,1,157.0,1
P04732,C00832,1302.48,netbanking,Other,limit_exceeded,3,3,1,120,1,37.0,1
P04733,C02973,737.22,card,Other,timeout,2,1,1,120,0,,1
P04734,C00295,567.37,netbanking,Axis,network_error,6,1,0,0,0,,0
P04735,C02688,551.65,netbanking,Other,insufficient_funds,2,0,0,0,0,,0
P04736,C00856,365.91,card,ICICI,limit_exceeded,4,1,1,30,0,,1
P04737,C02065,230.61,upi,HDFC,network_error,3,2,0,0,1,141.0,0
P04738,C00071,992.87,upi,Other,bank_declined,2,3,1,30,0,,1
P04739,C01293,989.46,upi,Other,limit_exceeded,3,2,0,0,0,,0
P04740,C01349,227.03,upi,SBI,limit_exceeded,3,0,1,30,1,238.0,1
P04741,C00305,230.5,card,SBI,bank_declined,3,0,1,10,0,,1
P04742,C01031,804.32,netbanking,Axis,network_error,0,3,1,30,0,,1
P04743,C01338,393.8,card,SBI,insufficient_funds,5,2,1,30,0,,1
P04744,C00817,246.41,card,Axis,limit_exceeded,2,2,0,0,1,196.0,0
P04745,C01127,160.27,upi,ICICI,insufficient_funds,5,2,0,0,1,32.0,0
P04746,C00821,356.53,upi,HDFC,limit_exceeded,4,1,0,0,0,,0
P04747,C00193,539.92,wallet,SBI,insufficient_funds,3,1,0,0,0,,0
P04748,C01777,404.31,netbanking,ICICI,limit_exceeded,2,1,1,120,1,36.0,1
P04749,C00529,194.72,card,HDFC,bank_declined,5,5,0,0,1,91.0,0
P04750,C02219,326.41,wallet,ICICI,network_error,1,0,1,10,1,174.0,1
P04751,C00251,726.73,upi,ICICI,insufficient_funds,5,1,1,120,0,,1
P04752,C01789,1492.37,netbanking,ICICI,bank_declined,1,1,0,0,0,,0
P04753,C02589,509.07,card,ICICI,bank_declined,1,1,1,60,0,,1
P04754,C02027,1015.33,card,SBI,insufficient_funds,2,3,1,10,1,182.0,1
P04755,C02464,816.23,netbanking,Other,network_error,2,2,1,60,1,72.0,1
P04756,C02842,328.14,upi,ICICI,timeout,3,6,0,0,0,,0
P04757,C01404,949.88,card,HDFC,insufficient_funds,6,1,0,0,0,,0
P04758,C01168,1082.49,netbanking,SBI,bank_declined,6,6,1,60,0,,1
P04759,C02073,351.1,card,SBI,insufficient_funds,2,2,0,0,1,215.0,0
P04760,C02716,498.9,card,ICICI,limit_exceeded,1,5,0,0,0,,0
P04761,C01097,331.74,upi,ICICI,insufficient_funds,3,4,1,10,1,232.0,1
P04762,C02680,204.4,netbanking,HDFC,insufficient_funds,3,1,1,10,1,233.0,1
P04763,C01848,1008.47,card,Other,limit_exceeded,2,3,1,10,0,,1
P04764,C00505,1513.14,upi,SBI,bank_declined,3,2,1,30,1,236.0,1
P04765,C01622,472.0,card,ICICI,insufficient_funds,2,2,1,10,0,,1
P04766,C02384,338.96,card,Axis,network_error,3,2,1,10,1,169.0,1
P04767,C02473,1040.63,upi,Axis,timeout,5,3,0,0,0,,0
P04768,C02547,1122.46,upi,ICICI,network_error,4,3,1,10,1,53.0,1
P04769,C01388,268.73,card,Axis,bank_declined,6,1,0,0,1,89.0,0
P04770,C02995,543.55,upi,HDFC,bank_declined,4,3,1,60,1,147.0,1
P04771,C02678,1969.63,upi,Other,limit_exceeded,6,1,0,0,0,,0
P04772,C01223,1763.29,netbanking,Axis,network_error,3,3,1,30,0,,1
P04773,C00718,258.04,netbanking,HDFC,bank_declined,7,1,0,0,0,,0
P04774,C00339,186.04,card,Axis,timeout,5,1,0,0,1,101.0,0
P04775,C00659,629.99,upi,HDFC,insufficient_funds,3,5,0,0,0,,0
P04776,C00962,811.67,upi,HDFC,bank_declined,5,2,0,0,1,67.0,0
P04777,C00429,815.28,netbanking,ICICI,insufficient_funds,6,0,0,0,0,,0
P04778,C00899,721.72,card,SBI,network_error,8,3,1,10,1,217.0,1
P04779,C00139,600.96,upi,HDFC,network_error,4,2,0,0,0,,0
P04780,C02990,366.09,netbanking,Axis,timeout,0,3,1,30,1,147.0,1
P04781,C00542,316.32,card,ICICI,bank_declined,2,1,0,0,1,59.0,0
P04782,C02105,865.11,card,SBI,insufficient_funds,8,0,0,0,0,,0
P04783,C01256,300.75,upi,Other,insufficient_funds,3,2,1,60,0,,1
P04784,C02706,153.37,wallet,HDFC,limit_exceeded,2,2,1,120,1,65.0,1
P04785,C02483,544.97,upi,HDFC,insufficient_funds,10,2,1,60,0,,1
P04786,C00384,601.8,upi,SBI,network_error,7,1,1,10,1,239.0,1
P04787,C02608,1894.26,card,ICICI,insufficient_funds,2,0,0,0,0,,0
P04788,C00194,504.44,upi,Other,insufficient_funds,9,1,0,0,0,,0
P04789,C02582,194.71,card,SBI,insufficient_funds,2,0,0,0,0,,0
P04790,C02566,1156.96,card,Other,limit_exceeded,8,2,0,0,0,,0
P04791,C02764,476.03,upi,SBI,insufficient_funds,2,1,0,0,1,31.0,0
P04792,C02799,440.59,card,ICICI,insufficient_funds,4,4,1,30,1,152.0,1
P04793,C02233,218.26,card,Axis,bank_declined,0,5,0,0,0,,0
P04794,C01896,703.95,netbanking,SBI,bank_declined,3,3,1,10,0,,1
P04795,C02340,549.71,netbanking,Axis,limit_exceeded,0,3,1,10,0,,1
P04796,C00732,520.95,upi,SBI,insufficient_funds,2,6,1,10,0,,1
P04797,C02164,949.93,netbanking,HDFC,timeout,3,3,1,60,0,,1
P04798,C02873,1033.96,card,ICICI,network_error,3,7,1,60,0,,1
P04799,C00685,616.74,card,HDFC,network_error,3,2,0,0,0,,0
P04800,C00082,718.36,upi,Other,bank_declined,7,1,0,0,1,159.0,0
P04801,C02882,628.21,card,Axis,insufficient_funds,3,2,1,30,0,,1
P04802,C02381,1588.23,netbanking,Other,insufficient_funds,7,1,0,0,1,85.0,0
P04803,C02605,261.21,upi,Axis,bank_declined,1,1,0,0,0,,0
P04804,C02383,230.44,card,Axis,insufficient_funds,4,2,1,30,0,,1
P04805,C00532,214.45,upi,ICICI,limit_exceeded,1,2,0,0,0,,0
P04806,C01984,707.77,card,Other,bank_declined,5,3,0,0,1,43.0,0
P04807,C00221,455.15,card,HDFC,network_error,7,2,1,30,1,118.0,1
P04808,C00635,227.15,upi,HDFC,network_error,5,1,1,30,1,219.0,1
P04809,C01770,430.34,upi,Axis,insufficient_funds,6,0,1,30,1,136.0,1
P04810,C02371,2230.92,upi,Axis,bank_declined,4,0,0,0,1,195.0,0
P04811,C01875,664.63,upi,Axis,insufficient_funds,4,1,1,60,0,,1
P04812,C00003,1383.63,netbanking,Other,limit_exceeded,1,2,1,120,0,,1
P04813,C01718,197.89,card,Other,bank_declined,3,3,1,30,0,,1
P04814,C00206,604.51,netbanking,SBI,insufficient_funds,6,0,1,30,0,,1
P04815,C01856,705.5,card,HDFC,network_error,4,3,1,10,0,,1
P04816,C00040,799.83,card,Axis,insufficient_funds,4,1,1,30,0,,1
P04817,C02107,412.75,upi,Other,timeout,6,3,1,10,0,,1
P04818,C02999,983.03,wallet,SBI,limit_exceeded,8,1,1,10,1,148.0,1
P04819,C02622,695.26,card,Axis,limit_exceeded,6,1,0,0,0,,0
P04820,C00644,524.1,upi,HDFC,bank_declined,2,4,1,30,0,,1
P04821,C01531,365.08,upi,Other,timeout,6,1,1,30,1,216.0,1
P04822,C01908,174.21,upi,Axis,insufficient_funds,3,2,1,10,1,122.0,1
P04823,C02891,128.81,card,ICICI,insufficient_funds,5,5,1,60,1,149.0,1
P04824,C02667,307.6,upi,ICICI,timeout,7,2,1,10,1,119.0,1
P04825,C02144,442.29,card,HDFC,network_error,4,5,1,60,1,140.0,1
P04826,C00898,307.02,card,SBI,limit_exceeded,5,2,1,10,1,205.0,1
P04827,C01086,627.1,upi,SBI,limit_exceeded,5,3,0,0,0,,0
P04828,C01280,876.62,netbanking,ICICI,bank_declined,3,4,1,60,1,174.0,1
P04829,C02609,205.32,netbanking,HDFC,bank_declined,3,1,1,30,1,201.0,1
P04830,C02953,723.73,card,ICICI,bank_declined,4,1,0,0,0,,0
P04831,C02396,483.62,upi,Axis,network_error,2,2,1,10,1,84.0,1
P04832,C00671,147.47,card,Other,insufficient_funds,4,4,0,0,0,,0
P04833,C01506,930.69,upi,SBI,network_error,2,3,1,10,1,11.0,1
P04834,C02365,255.98,upi,Other,insufficient_funds,6,2,1,60,0,,1
P04835,C00719,2978.44,upi,HDFC,bank_declined,7,0,0,0,1,193.0,0
P04836,C01072,1115.84,upi,HDFC,insufficient_funds,5,1,0,0,0,,0
P04837,C01956,445.98,netbanking,ICICI,network_error,4,1,0,0,1,20.0,0
P04838,C01160,492.18,upi,HDFC,bank_declined,4,2,0,0,1,141.0,0
P04839,C00250,186.06,upi,Other,bank_declined,2,3,1,120,1,189.0,1
P04840,C02362,1685.43,netbanking,SBI,limit_exceeded,5,3,1,120,1,7.0,1
P04841,C01893,271.93,card,ICICI,bank_declined,1,2,0,0,1,40.0,0
P04842,C01854,507.45,card,HDFC,timeout,6,1,1,30,1,212.0,1
P04843,C02855,314.35,upi,Axis,network_error,3,2,1,30,0,,1
P04844,C01504,680.46,netbanking,HDFC,limit_exceeded,3,2,1,60,0,,1
P04845,C02533,485.59,upi,SBI,bank_declined,6,3,1,30,0,,1
P04846,C01235,317.87,card,ICICI,insufficient_funds,4,2,1,60,1,155.0,1
P04847,C00044,682.0,wallet,SBI,limit_exceeded,5,1,1,120,1,37.0,1
P04848,C02619,1411.97,netbanking,Other,bank_declined,4,0,1,30,0,,1
P04849,C00583,509.89,netbanking,Other,insufficient_funds,3,1,0,0,0,,0
P04850,C01289,106.32,upi,HDFC,limit_exceeded,2,1,1,60,1,150.0,1
P04851,C02943,640.94,upi,Axis,insufficient_funds,3,4,1,30,1,230.0,1
P04852,C00220,175.28,wallet,Axis,network_error,4,1,1,30,1,63.0,1
P04853,C01926,188.93,upi,ICICI,timeout,3,2,1,60,1,133.0,1
P04854,C02973,175.68,card,HDFC,timeout,6,4,0,0,0,,0
P04855,C02449,807.84,wallet,SBI,insufficient_funds,6,1,1,60,1,45.0,1
P04856,C02775,178.28,upi,HDFC,insufficient_funds,6,3,1,120,0,,1
P04857,C00991,983.47,card,Axis,limit_exceeded,3,2,1,30,1,222.0,1
P04858,C02947,869.26,upi,SBI,network_error,4,3,0,0,0,,0
P04859,C01813,269.33,card,SBI,network_error,3,2,1,10,0,,1
P04860,C00858,689.1,upi,Axis,bank_declined,1,1,1,10,1,181.0,1
P04861,C00804,1124.04,netbanking,ICICI,timeout,0,2,0,0,0,,0
P04862,C00490,327.78,upi,HDFC,bank_declined,4,0,1,30,1,12.0,1
P04863,C01781,1167.33,upi,Axis,insufficient_funds,5,2,0,0,0,,0
P04864,C01494,554.56,netbanking,HDFC,limit_exceeded,3,0,0,0,0,,0
P04865,C02986,304.15,wallet,HDFC,insufficient_funds,3,2,1,60,0,,1
P04866,C02892,878.42,card,ICICI,limit_exceeded,2,1,0,0,0,,0
P04867,C01706,296.36,upi,SBI,limit_exceeded,5,2,1,120,1,83.0,1
P04868,C02315,1300.07,wallet,Axis,timeout,4,1,0,0,0,,0
P04869,C00054,219.96,card,SBI,network_error,7,2,1,30,1,90.0,1
P04870,C02576,1232.21,card,Other,insufficient_funds,5,3,0,0,1,22.0,0
P04871,C00616,574.0,upi,Axis,network_error,5,3,0,0,1,124.0,0
P04872,C01083,811.29,card,HDFC,timeout,5,4,0,0,0,,0
P04873,C01849,374.11,card,Axis,timeout,4,1,1,60,0,,1
P04874,C00955,648.23,upi,SBI,insufficient_funds,4,1,1,10,0,,1
P04875,C02434,83.86,card,Other,network_error,3,3,0,0,1,237.0,0
P04876,C01630,574.19,upi,ICICI,network_error,2,1,0,0,0,,0
P04877,C02782,196.5,card,Axis,network_error,4,4,1,120,0,,1
P04878,C02764,831.84,card,ICICI,timeout,4,3,1,60,1,65.0,1
P04879,C00650,338.87,netbanking,Other,network_error,2,3,1,120,0,,1
P04880,C02348,336.65,upi,SBI,insufficient_funds,2,2,1,120,1,213.0,1
P04881,C00395,218.15,netbanking,Other,insufficient_funds,7,2,0,0,1,23.0,0
P04882,C01360,560.5,upi,Axis,insufficient_funds,8,1,1,120,1,26.0,1
P04883,C02641,272.34,card,HDFC,insufficient_funds,4,1,0,0,0,,0
P04884,C02562,474.88,card,SBI,bank_declined,3,3,0,0,0,,0
P04885,C02444,391.97,netbanking,Axis,bank_declined,2,3,1,120,1,88.0,1
P04886,C00371,240.52,upi,SBI,insufficient_funds,5,0,1,120,0,,1
P04887,C00858,375.4,wallet,SBI,insufficient_funds,5,1,0,0,0,,0
P04888,C00791,325.91,netbanking,Axis,bank_declined,1,1,0,0,1,212.0,0
P04889,C00658,971.88,card,HDFC,limit_exceeded,2,1,1,10,0,,1
P04890,C02784,1091.99,netbanking,HDFC,limit_exceeded,3,1,1,10,0,,1
P04891,C01393,195.69,card,Axis,insufficient_funds,3,0,1,120,0,,1
P04892,C00384,564.23,upi,SBI,timeout,6,4,0,0,1,115.0,0
P04893,C02110,405.01,upi,SBI,bank_declined,2,3,0,0,1,222.0,0
P04894,C02553,266.29,card,Axis,network_error,0,3,0,0,0,,0
P04895,C00239,545.68,card,Axis,network_error,1,1,1,120,0,,1
P04896,C00195,684.26,upi,Other,limit_exceeded,4,0,0,0,0,,0
P04897,C02726,76.45,upi,HDFC,bank_declined,2,3,0,0,0,,0
P04898,C02109,995.57,card,SBI,insufficient_funds,5,3,1,10,0,,1
P04899,C01153,810.49,upi,SBI,timeout,7,1,0,0,0,,0
P04900,C02733,483.76,upi,SBI,network_error,4,2,1,60,0,,1
P04901,C02016,266.54,upi,SBI,insufficient_funds,7,3,0,0,0,,0
P04902,C00156,694.09,upi,Axis,bank_declined,4,1,0,0,1,198.0,0
P04903,C00923,311.55,netbanking,HDFC,network_error,6,4,0,0,0,,0
P04904,C02916,1198.66,wallet,Other,bank_declined,2,3,1,10,1,47.0,1
P04905,C02951,923.82,wallet,Axis,limit_exceeded,1,4,1,60,0,,1
P04906,C01610,499.54,card,SBI,timeout,4,2,1,60,1,239.0,1
P04907,C00975,280.43,upi,HDFC,network_error,5,3,1,10,1,128.0,1
P04908,C01231,697.4,upi,HDFC,insufficient_funds,3,2,1,60,1,32.0,1
P04909,C02436,857.93,netbanking,ICICI,network_error,5,2,0,0,1,224.0,0
P04910,C01815,389.96,upi,Axis,bank_declined,3,1,1,30,1,172.0,1
P04911,C02935,657.19,upi,HDFC,timeout,6,2,1,60,1,59.0,1
P04912,C00838,352.12,upi,Axis,bank_declined,3,2,0,0,0,,0
P04913,C02008,145.56,card,HDFC,network_error,2,3,0,0,1,65.0,0
P04914,C01364,153.84,upi,HDFC,network_error,2,3,0,0,0,,0
P04915,C02388,549.63,card,Other,network_error,4,3,0,0,1,166.0,0
P04916,C00204,1431.18,card,ICICI,insufficient_funds,3,3,1,120,1,80.0,1
P04917,C00161,250.38,card,Axis,bank_declined,8,3,0,0,1,94.0,0
P04918,C00392,280.52,card,SBI,network_error,5,0,1,60,0,,1
P04919,C00769,608.05,card,Other,limit_exceeded,4,3,1,10,1,234.0,1
P04920,C02623,505.64,upi,SBI,bank_declined,4,0,0,0,0,,0
P04921,C02582,601.81,wallet,Other,network_error,2,1,0,0,1,34.0,0
P04922,C01094,708.05,upi,HDFC,network_error,7,2,0,0,0,,0
P04923,C02941,486.5,card,ICICI,insufficient_funds,6,1,0,0,0,,0
P04924,C00405,542.28,card,Axis,insufficient_funds,8,1,1,60,1,205.0,1
P04925,C00608,223.91,upi,HDFC,timeout,6,1,1,60,1,209.0,1
P04926,C01615,367.69,netbanking,SBI,network_error,7,3,1,10,0,,1
P04927,C01541,1192.09,card,ICICI,limit_exceeded,3,2,0,0,0,,0
P04928,C02876,685.37,upi,SBI,limit_exceeded,3,0,1,30,0,,1
P04929,C01838,599.04,upi,Axis,bank_declined,4,2,1,30,0,,1
P04930,C00690,267.55,wallet,SBI,insufficient_funds,5,3,1,30,0,,1
P04931,C02950,280.62,upi,ICICI,bank_declined,7,2,1,30,0,,1
P04932,C01241,232.28,netbanking,Axis,insufficient_funds,7,1,0,0,1,220.0,0
P04933,C02104,136.37,card,HDFC,timeout,5,4,0,0,0,,0
P04934,C00366,408.14,card,HDFC,insufficient_funds,5,3,1,30,1,185.0,1
P04935,C01723,375.15,upi,ICICI,limit_exceeded,5,6,1,120,1,226.0,1
P04936,C00455,560.8,upi,ICICI,bank_declined,4,1,0,0,1,218.0,0
P04937,C00104,1017.44,netbanking,ICICI,bank_declined,3,1,0,0,1,134.0,0
P04938,C00077,317.82,upi,SBI,network_error,4,2,0,0,0,,0
P04939,C00230,1181.3,card,HDFC,network_error,2,1,1,60,0,,1
P04940,C01938,706.4,upi,HDFC,timeout,3,0,0,0,0,,0
P04941,C02379,1333.25,netbanking,HDFC,bank_declined,1,1,1,120,1,214.0,1
P04942,C01206,221.96,netbanking,Axis,limit_exceeded,6,1,0,0,0,,0
P04943,C00893,1119.94,wallet,Other,bank_declined,3,5,1,10,0,,1
P04944,C01574,307.27,card,ICICI,timeout,4,3,1,10,0,,1
P04945,C02736,282.37,upi,Axis,insufficient_funds,5,2,0,0,0,,0
P04946,C02075,472.8,card,Other,timeout,2,1,0,0,0,,0
P04947,C01676,272.06,card,ICICI,network_error,2,1,1,60,0,,1
P04948,C00299,665.45,card,Other,network_error,7,1,1,30,1,127.0,1
P04949,C00957,887.81,netbanking,HDFC,bank_declined,3,1,1,10,0,,1
P04950,C02847,696.26,wallet,Other,network_error,2,4,0,0,1,123.0,0
P04951,C01115,473.7,card,ICICI,limit_exceeded,3,0,0,0,1,227.0,0
P04952,C02528,1125.13,netbanking,Axis,bank_declined,3,0,0,0,1,38.0,0
P04953,C02621,665.05,card,ICICI,insufficient_funds,7,4,1,60,1,12.0,1
P04954,C02506,445.13,upi,Other,timeout,2,2,0,0,0,,0
P04955,C01475,450.64,netbanking,Other,network_error,7,1,1,60,1,92.0,1
P04956,C00365,265.35,upi,ICICI,bank_declined,6,2,1,10,1,217.0,1
P04957,C02907,250.92,card,HDFC,timeout,7,2,0,0,0,,0
P04958,C01699,358.36,wallet,ICICI,network_error,2,4,0,0,1,170.0,0
P04959,C00351,235.82,upi,ICICI,network_error,5,0,0,0,1,36.0,0
P04960,C02301,220.28,wallet,Other,limit_exceeded,2,0,0,0,0,,0
P04961,C02829,259.33,netbanking,SBI,insufficient_funds,5,0,0,0,0,,0
P04962,C01905,1045.58,netbanking,Other,bank_declined,2,1,1,60,0,,1
P04963,C02851,279.78,upi,Other,limit_exceeded,4,4,0,0,0,,0
P04964,C01012,877.78,wallet,Other,timeout,4,2,0,0,0,,0
P04965,C02507,314.75,netbanking,Other,insufficient_funds,9,3,0,0,1,96.0,0
P04966,C02965,562.6,card,HDFC,insufficient_funds,10,3,1,30,1,5.0,1
P04967,C00499,278.74,netbanking,Axis,timeout,4,2,0,0,0,,0
P04968,C00950,565.27,netbanking,ICICI,network_error,7,2,1,10,1,213.0,1
P04969,C01995,2426.76,netbanking,ICICI,limit_exceeded,2,2,0,0,0,,0
P04970,C02047,302.33,card,SBI,limit_exceeded,5,3,1,30,1,198.0,1
P04971,C00508,401.19,card,HDFC,insufficient_funds,5,1,1,120,1,48.0,1
P04972,C01328,214.59,upi,SBI,limit_exceeded,3,1,1,120,0,,1
P04973,C02549,1063.84,card,ICICI,timeout,8,3,1,10,1,177.0,1
P04974,C02851,1189.56,card,SBI,timeout,8,3,0,0,1,126.0,0
P04975,C02646,256.61,card,Other,network_error,1,1,0,0,1,192.0,0
P04976,C00166,441.42,netbanking,Other,bank_declined,4,2,0,0,0,,0
P04977,C02510,661.5,upi,ICICI,network_error,4,2,0,0,1,92.0,0
P04978,C00920,516.47,upi,SBI,network_error,2,5,0,0,1,74.0,0
P04979,C00114,257.86,netbanking,Other,limit_exceeded,1,1,0,0,0,,0
P04980,C00992,250.48,card,HDFC,network_error,4,2,1,60,1,239.0,1
P04981,C01952,208.05,card,HDFC,insufficient_funds,4,1,0,0,1,72.0,0
P04982,C02255,1009.4,card,ICICI,network_error,8,3,1,30,1,161.0,1
P04983,C01259,784.02,wallet,Axis,insufficient_funds,6,1,1,10,1,149.0,1
P04984,C00515,1584.24,upi,Axis,limit_exceeded,4,3,1,120,0,,1
P04985,C01232,243.32,upi,SBI,bank_declined,5,2,1,120,1,188.0,1
P04986,C00709,607.72,netbanking,ICICI,limit_exceeded,10,4,1,30,0,,1
P04987,C02186,542.01,card,ICICI,insufficient_funds,4,5,1,120,0,,1
P04988,C00339,639.03,netbanking,Other,network_error,3,2,1,30,1,22.0,1
P04989,C02585,755.01,card,Other,insufficient_funds,4,1,1,120,1,140.0,1
P04990,C00068,4619.46,upi,HDFC,network_error,4,3,0,0,1,221.0,0
P04991,C01597,4495.19,card,HDFC,bank_declined,5,3,0,0,1,62.0,0
P04992,C01565,633.61,card,ICICI,network_error,5,1,0,0,0,,0
P04993,C00383,1526.0,upi,Other,bank_declined,4,0,0,0,1,19.0,0
P04994,C00019,269.58,card,Other,insufficient_funds,5,2,0,0,0,,0
P04995,C02731,459.64,netbanking,ICICI,insufficient_funds,4,1,0,0,0,,0
P04996,C02122,281.98,card,HDFC,limit_exceeded,4,5,0,0,0,,0
P04997,C00573,587.85,upi,Other,timeout,4,1,0,0,0,,0
P04998,C02987,711.98,card,Axis,timeout,6,3,0,0,0,,0
P04999,C01300,2463.95,card,SBI,insufficient_funds,6,0,1,60,1,109.0,1
P05000,C02259,256.74,netbanking,HDFC,insufficient_funds,1,0,0,0,1,12.0,0
P05001,C02903,1246.76,upi,Axis,insufficient_funds,2,5,1,10,0,,1
P05002,C01944,368.93,card,ICICI,network_error,4,1,1,30,1,151.0,1
P05003,C00651,333.39,upi,ICICI,network_error,7,3,1,60,1,146.0,1
P05004,C01646,417.86,card,SBI,insufficient_funds,7,1,0,0,1,167.0,0
P05005,C00994,1971.36,card,Other,bank_declined,4,1,0,0,0,,0
P05006,C02743,124.87,netbanking,Axis,network_error,3,3,1,60,0,,1
P05007,C02588,676.25,upi,Other,network_error,3,0,0,0,0,,0
P05008,C01339,1083.83,card,Axis,timeout,3,3,0,0,0,,0
P05009,C00901,250.38,upi,ICICI,network_error,6,5,1,120,1,211.0,1
P05010,C01685,715.68,upi,ICICI,insufficient_funds,3,2,1,120,1,176.0,1
P05011,C02828,296.97,upi,Other,network_error,3,2,1,120,1,201.0,1
P05012,C01586,1946.88,card,Other,insufficient_funds,3,3,1,10,1,94.0,1
P05013,C01924,199.89,netbanking,Axis,network_error,5,4,1,10,0,,1
P05014,C01782,739.11,card,SBI,bank_declined,6,2,1,10,0,,1
P05015,C01137,364.09,upi,ICICI,bank_declined,1,2,0,0,0,,0
P05016,C02218,446.87,netbanking,Axis,bank_declined,0,2,1,60,0,,1
P05017,C01945,402.52,card,HDFC,bank_declined,6,3,1,60,1,36.0,1
P05018,C01038,1071.78,wallet,Other,timeout,5,2,1,10,1,179.0,1
P05019,C01739,564.79,netbanking,ICICI,insufficient_funds,4,2,0,0,0,,0
P05020,C00288,184.17,upi,SBI,insufficient_funds,3,2,0,0,1,180.0,0
P05021,C02237,643.56,card,SBI,timeout,5,0,0,0,1,214.0,0
P05022,C02962,600.19,card,HDFC,insufficient_funds,5,2,1,10,1,56.0,1
P05023,C01591,1029.1,netbanking,Other,insufficient_funds,1,1,0,0,0,,0
P05024,C02742,628.86,card,Other,bank_declined,5,0,1,30,0,,1
P05025,C01746,171.46,card,Axis,timeout,3,1,1,30,1,236.0,1
P05026,C02936,1132.59,card,HDFC,bank_declined,4,2,1,30,0,,1
P05027,C02519,1105.62,card,SBI,bank_declined,7,2,0,0,1,24.0,0
P05028,C01099,717.16,card,SBI,insufficient_funds,2,0,0,0,0,,0
P05029,C02325,609.38,netbanking,HDFC,timeout,4,0,0,0,0,,0
P05030,C00940,646.33,netbanking,HDFC,bank_declined,2,1,1,60,1,130.0,1
P05031,C01449,1116.87,netbanking,SBI,timeout,1,0,0,0,0,,0
P05032,C00571,1290.33,netbanking,HDFC,bank_declined,4,6,1,10,1,100.0,1
P05033,C02905,722.72,card,HDFC,network_error,4,2,1,30,0,,1
P05034,C01001,776.35,wallet,Other,network_error,2,1,1,10,0,,1
P05035,C01206,572.29,card,HDFC,insufficient_funds,2,0,0,0,0,,0
P05036,C02506,2679.32,card,SBI,bank_declined,5,1,1,60,0,,1
P05037,C00918,119.4,card,ICICI,network_error,3,1,1,60,0,,1
P05038,C01875,313.4,upi,SBI,timeout,5,0,1,60,1,75.0,1
P05039,C00833,285.21,card,Other,limit_exceeded,7,3,0,0,0,,0
P05040,C02887,2170.22,netbanking,HDFC,network_error,9,0,1,120,0,,1
P05041,C02241,427.51,upi,SBI,insufficient_funds,2,3,1,120,0,,1
P05042,C01679,122.88,upi,Axis,limit_exceeded,6,3,0,0,1,9.0,0
P05043,C00616,282.57,netbanking,ICICI,bank_declined,9,3,0,0,0,,0
P05044,C00406,736.91,wallet,SBI,insufficient_funds,8,4,0,0,1,194.0,0
P05045,C01750,510.4,netbanking,HDFC,limit_exceeded,6,2,1,120,1,169.0,1
P05046,C02991,464.83,upi,Other,bank_declined,2,2,0,0,0,,0
P05047,C02769,576.35,wallet,ICICI,network_error,2,1,0,0,1,49.0,0
P05048,C00093,1110.74,upi,Axis,insufficient_funds,1,0,0,0,0,,0
P05049,C02478,953.23,upi,Axis,timeout,2,2,1,10,1,40.0,1
P05050,C00654,282.28,card,HDFC,limit_exceeded,5,2,0,0,1,147.0,0
P05051,C00434,614.53,card,Axis,limit_exceeded,2,2,1,60,0,,1
P05052,C01136,1479.2,card,ICICI,insufficient_funds,2,1,0,0,1,190.0,0
P05053,C00375,581.05,upi,Axis,timeout,3,1,1,60,0,,1
P05054,C01067,330.26,upi,HDFC,network_error,2,0,0,0,1,188.0,0
P05055,C00207,223.93,upi,Axis,timeout,7,1,1,10,0,,1
P05056,C00780,588.99,card,Other,bank_declined,2,1,0,0,0,,0
P05057,C01320,429.85,upi,ICICI,bank_declined,2,1,0,0,1,161.0,0
P05058,C01142,424.51,upi,HDFC,bank_declined,8,1,1,30,1,129.0,1
P05059,C00532,579.15,upi,HDFC,timeout,2,1,1,30,0,,1
P05060,C02214,307.27,upi,Other,timeout,4,1,1,10,1,186.0,1
P05061,C02691,1217.57,upi,HDFC,insufficient_funds,5,3,0,0,0,,0
P05062,C00090,468.94,card,SBI,network_error,2,0,1,10,0,,1
P05063,C01118,1978.72,card,HDFC,insufficient_funds,7,3,0,0,0,,0
P05064,C00013,1015.68,card,Axis,insufficient_funds,5,2,1,60,0,,1
P05065,C01858,467.24,card,HDFC,network_error,6,2,0,0,1,217.0,0
P05066,C00805,201.29,card,ICICI,timeout,5,3,0,0,0,,0
P05067,C00945,783.72,card,HDFC,limit_exceeded,3,2,1,120,0,,1
P05068,C02790,686.12,card,ICICI,network_error,2,1,0,0,1,116.0,0
P05069,C01858,301.8,upi,Other,timeout,1,1,1,120,0,,1
P05070,C01611,220.85,card,SBI,bank_declined,0,5,1,60,1,135.0,1
P05071,C02924,488.21,upi,Axis,limit_exceeded,4,2,1,60,0,,1
P05072,C01960,580.48,upi,SBI,timeout,5,0,0,0,0,,0
P05073,C02708,551.19,upi,SBI,bank_declined,7,1,1,60,1,187.0,1
P05074,C01053,493.87,upi,Other,network_error,3,1,0,0,0,,0
P05075,C00296,1137.52,upi,HDFC,insufficient_funds,4,2,0,0,0,,0
P05076,C00926,315.8,card,SBI,insufficient_funds,6,3,1,60,0,,1
P05077,C00640,1857.25,card,Axis,limit_exceeded,6,3,1,10,0,,1
P05078,C02388,153.44,upi,ICICI,insufficient_funds,6,2,1,30,1,11.0,1
P05079,C00628,295.9,upi,Other,insufficient_funds,3,1,1,120,0,,1
P05080,C02487,213.7,upi,Other,insufficient_funds,2,2,1,120,1,136.0,1
P05081,C01168,575.1,netbanking,SBI,network_error,3,0,0,0,1,230.0,0
P05082,C00942,651.51,upi,HDFC,insufficient_funds,2,0,0,0,0,,0
P05083,C00830,1681.41,card,SBI,insufficient_funds,2,5,1,60,1,33.0,1
P05084,C01771,572.38,netbanking,ICICI,limit_exceeded,2,2,0,0,0,,0
P05085,C02567,891.38,wallet,SBI,limit_exceeded,5,2,1,120,1,227.0,1
P05086,C00976,230.01,netbanking,HDFC,bank_declined,4,2,1,60,1,55.0,1
P05087,C00955,187.37,wallet,Other,insufficient_funds,6,2,1,10,1,193.0,1
P05088,C01263,1231.3,card,Axis,network_error,2,1,1,10,1,218.0,1
P05089,C00952,952.46,card,Other,limit_exceeded,2,4,1,30,0,,1
P05090,C00944,582.5,card,HDFC,limit_exceeded,4,0,1,120,1,187.0,1
P05091,C02203,266.86,netbanking,Other,insufficient_funds,2,3,0,0,0,,0
P05092,C01205,2701.43,upi,SBI,network_error,4,1,1,120,1,182.0,1
P05093,C02136,880.21,upi,SBI,bank_declined,1,1,1,30,1,188.0,1
P05094,C01535,303.71,card,SBI,insufficient_funds,2,2,1,30,0,,1
P05095,C01097,511.3,netbanking,SBI,timeout,5,1,0,0,0,,0
P05096,C02979,177.5,netbanking,HDFC,timeout,3,3,0,0,1,105.0,0
P05097,C00179,536.6,card,ICICI,limit_exceeded,3,2,0,0,1,190.0,0
P05098,C02260,355.97,card,SBI,insufficient_funds,0,0,0,0,0,,0
P05099,C01829,2620.56,card,Other,insufficient_funds,7,4,0,0,0,,0
P05100,C01258,839.95,card,HDFC,timeout,6,1,1,120,0,,1
P05101,C00465,83.91,upi,HDFC,bank_declined,3,3,0,0,0,,0
P05102,C01775,1787.27,netbanking,Axis,bank_declined,4,6,1,60,0,,1
P05103,C02679,653.67,netbanking,SBI,network_error,4,3,0,0,0,,0
P05104,C02873,1448.13,card,Other,bank_declined,6,5,0,0,1,21.0,0
P05105,C01231,598.5,card,ICICI,insufficient_funds,3,2,0,0,1,147.0,0
P05106,C02655,548.07,upi,ICICI,network_error,3,3,0,0,0,,0
P05107,C00885,274.72,card,Other,insufficient_funds,7,3,1,30,1,133.0,1
P05108,C02414,778.5,card,HDFC,limit_exceeded,2,2,1,60,1,107.0,1
P05109,C02324,1056.09,card,Other,network_error,6,3,0,0,0,,0
P05110,C02428,144.43,upi,Axis,timeout,4,2,1,30,0,,1
P05111,C01333,277.58,upi,HDFC,limit_exceeded,3,2,0,0,0,,0
P05112,C01655,208.08,netbanking,Axis,insufficient_funds,5,2,1,10,1,79.0,1
P05113,C00945,1718.92,card,ICICI,insufficient_funds,6,2,1,10,0,,1
P05114,C02858,1079.81,netbanking,SBI,timeout,2,3,0,0,0,,0
P05115,C00925,383.13,card,Axis,limit_exceeded,4,1,0,0,1,55.0,0
P05116,C01939,1046.19,upi,Other,insufficient_funds,2,3,0,0,0,,0
P05117,C00494,189.1,upi,SBI,limit_exceeded,3,5,1,10,1,141.0,1
P05118,C01547,609.86,card,ICICI,bank_declined,2,1,1,60,0,,1
P05119,C01970,947.56,upi,Other,bank_declined,5,2,1,60,1,19.0,1
P05120,C01095,337.49,netbanking,Axis,limit_exceeded,4,2,1,30,0,,1
P05121,C02412,489.86,card,Other,bank_declined,7,4,0,0,0,,0
P05122,C02618,700.74,upi,SBI,network_error,4,3,1,60,0,,1
P05123,C01826,1105.1,card,Other,bank_declined,4,1,0,0,1,84.0,0
P05124,C00763,169.37,card,Axis,insufficient_funds,2,2,0,0,0,,0
P05125,C02324,437.23,card,HDFC,bank_declined,3,3,1,60,0,,1
P05126,C00050,258.9,upi,ICICI,insufficient_funds,5,4,0,0,1,219.0,0
P05127,C02776,722.8,card,ICICI,network_error,3,2,0,0,0,,0
P05128,C00906,397.37,card,SBI,network_error,3,5,0,0,0,,0
P05129,C02976,871.54,card,Other,bank_declined,1,1,0,0,0,,0
P05130,C00564,192.46,card,Other,insufficient_funds,5,2,0,0,0,,0
P05131,C00783,353.63,card,Axis,insufficient_funds,6,2,1,10,1,216.0,1
P05132,C02533,2003.27,upi,ICICI,insufficient_funds,5,4,0,0,0,,0
P05133,C02041,427.3,wallet,ICICI,insufficient_funds,5,2,0,0,0,,0
P05134,C01832,1050.82,upi,SBI,bank_declined,2,3,1,10,0,,1
P05135,C00584,235.1,upi,ICICI,insufficient_funds,1,3,0,0,0,,0
P05136,C01320,173.99,netbanking,Axis,insufficient_funds,4,3,0,0,1,22.0,0
P05137,C00236,1317.72,upi,Axis,bank_declined,4,1,1,30,1,41.0,1
P05138,C02104,866.2,card,ICICI,insufficient_funds,2,4,1,60,0,,1
P05139,C01943,367.88,wallet,SBI,bank_declined,7,2,1,30,1,174.0,1
P05140,C00360,1546.72,wallet,Axis,bank_declined,7,3,1,30,0,,1
P05141,C01931,319.0,card,SBI,insufficient_funds,3,5,0,0,0,,0
P05142,C00110,270.56,netbanking,Other,insufficient_funds,5,3,1,30,0,,1
P05143,C00192,498.11,upi,ICICI,timeout,3,0,0,0,0,,0
P05144,C00904,407.75,upi,Other,bank_declined,2,1,1,10,0,,1
P05145,C01117,218.79,netbanking,Other,insufficient_funds,7,1,1,10,0,,1
P05146,C00862,453.88,upi,ICICI,insufficient_funds,2,2,1,120,1,158.0,1
P05147,C02616,587.91,upi,Other,limit_exceeded,7,0,1,60,1,112.0,1
P05148,C01084,880.91,netbanking,ICICI,insufficient_funds,3,1,1,30,1,177.0,1
P05149,C00650,3167.96,card,SBI,limit_exceeded,5,0,0,0,0,,0
P05150,C00039,1161.15,upi,Other,insufficient_funds,3,2,0,0,0,,0
P05151,C00637,234.73,netbanking,Other,limit_exceeded,1,2,1,60,0,,1
P05152,C01037,3314.16,netbanking,Axis,network_error,8,4,0,0,1,210.0,0
P05153,C00036,510.61,wallet,Other,network_error,1,1,0,0,0,,0
P05154,C02149,621.61,upi,HDFC,insufficient_funds,2,5,1,120,1,50.0,1
P05155,C01362,306.28,upi,Other,limit_exceeded,3,1,1,120,1,163.0,1
P05156,C01984,489.71,upi,Other,network_error,2,2,1,60,1,99.0,1
P05157,C00166,484.21,upi,Axis,network_error,4,2,0,0,0,,0
P05158,C02431,793.51,netbanking,HDFC,network_error,0,3,0,0,0,,0
P05159,C01880,930.35,card,SBI,insufficient_funds,7,4,1,10,0,,1
P05160,C02838,377.83,upi,ICICI,timeout,1,3,0,0,0,,0
P05161,C00031,1135.23,upi,Other,insufficient_funds,2,2,1,120,1,87.0,1
P05162,C00011,336.36,card,SBI,bank_declined,5,2,1,30,1,129.0,1
P05163,C02012,1076.58,upi,SBI,network_error,4,1,0,0,1,5.0,0
P05164,C02144,310.99,netbanking,ICICI,insufficient_funds,3,1,0,0,0,,0
P05165,C02501,222.87,wallet,ICICI,limit_exceeded,7,1,0,0,0,,0
P05166,C02240,400.08,upi,SBI,insufficient_funds,2,2,0,0,0,,0
P05167,C00486,414.62,netbanking,HDFC,network_error,5,3,0,0,0,,0
P05168,C01290,247.32,netbanking,Axis,network_error,2,1,1,10,1,196.0,1
P05169,C01448,377.85,card,SBI,network_error,5,3,0,0,1,92.0,0
P05170,C02286,337.17,card,ICICI,bank_declined,1,2,0,0,0,,0
P05171,C01944,493.69,netbanking,Axis,bank_declined,6,4,0,0,1,142.0,0
P05172,C01964,722.86,card,ICICI,limit_exceeded,2,3,0,0,1,73.0,0
P05173,C01852,465.23,upi,SBI,timeout,7,0,0,0,1,18.0,0
P05174,C01470,256.21,upi,Axis,bank_declined,5,8,0,0,0,,0
P05175,C01367,381.93,netbanking,ICICI,insufficient_funds,2,1,0,0,0,,0
P05176,C02783,986.19,upi,ICICI,limit_exceeded,5,1,0,0,1,49.0,0
P05177,C00991,309.81,netbanking,HDFC,network_error,5,2,0,0,0,,0
P05178,C00825,251.41,netbanking,ICICI,insufficient_funds,2,7,1,30,1,104.0,1
P05179,C01463,167.96,wallet,Other,insufficient_funds,8,3,0,0,1,239.0,0
P05180,C02154,305.22,netbanking,SBI,network_error,2,4,0,0,0,,0
P05181,C02229,878.03,card,Other,network_error,4,6,1,60,0,,1
P05182,C02232,295.44,wallet,SBI,bank_declined,4,1,1,10,0,,1
P05183,C00226,480.38,card,HDFC,bank_declined,3,0,1,10,1,120.0,1
P05184,C00777,349.69,upi,SBI,insufficient_funds,3,1,1,60,1,64.0,1
P05185,C02838,335.39,wallet,HDFC,bank_declined,4,0,1,60,1,38.0,1
P05186,C01113,1235.72,card,Axis,bank_declined,5,4,0,0,1,100.0,0
P05187,C00688,443.94,netbanking,Other,insufficient_funds,9,3,1,120,1,24.0,1
P05188,C00530,204.75,wallet,Other,bank_declined,4,5,1,120,0,,1
P05189,C00972,169.17,netbanking,HDFC,insufficient_funds,2,3,1,10,0,,1
P05190,C00936,234.97,netbanking,Other,insufficient_funds,8,1,0,0,1,65.0,0
P05191,C01423,216.82,card,Other,insufficient_funds,3,1,0,0,1,86.0,0
P05192,C02154,900.45,upi,HDFC,insufficient_funds,5,2,1,10,1,216.0,1
P05193,C01295,425.96,netbanking,HDFC,insufficient_funds,6,2,1,60,1,73.0,1
P05194,C01999,515.93,card,ICICI,bank_declined,8,2,1,60,0,,1
P05195,C02879,413.42,netbanking,Other,insufficient_funds,4,4,0,0,0,,0
P05196,C01527,427.85,card,Other,limit_exceeded,3,3,1,30,0,,1
P05197,C00679,952.76,upi,Axis,bank_declined,3,0,1,10,1,150.0,1
P05198,C02897,1003.47,card,Other,network_error,9,0,0,0,0,,0
P05199,C02441,1723.68,card,HDFC,insufficient_funds,3,2,1,10,1,179.0,1
P05200,C00040,266.47,upi,SBI,limit_exceeded,4,0,1,120,0,,1
P05201,C02708,374.81,upi,ICICI,timeout,1,1,0,0,0,,0
P05202,C01106,564.8,card,HDFC,insufficient_funds,4,2,0,0,1,65.0,0
P05203,C00845,1482.19,card,SBI,timeout,2,2,1,120,0,,1
P05204,C01744,303.02,upi,Other,insufficient_funds,5,1,1,120,0,,1
P05205,C02249,955.22,netbanking,HDFC,network_error,8,0,1,30,1,167.0,1
P05206,C00447,321.56,card,Other,limit_exceeded,2,0,0,0,1,183.0,0
P05207,C01235,974.14,upi,Axis,limit_exceeded,2,1,0,0,0,,0
P05208,C02492,525.93,upi,Axis,insufficient_funds,0,2,0,0,0,,0
P05209,C01351,237.48,wallet,ICICI,limit_exceeded,3,2,0,0,0,,0
P05210,C02809,453.67,card,SBI,insufficient_funds,4,3,0,0,1,70.0,0
P05211,C00227,757.32,card,HDFC,limit_exceeded,4,1,0,0,1,201.0,0
P05212,C00048,65.61,card,ICICI,timeout,6,1,1,30,0,,1
P05213,C02960,931.67,netbanking,Other,limit_exceeded,5,1,1,30,1,207.0,1
P05214,C01463,176.64,wallet,HDFC,bank_declined,3,3,1,60,1,139.0,1
P05215,C01831,422.9,netbanking,HDFC,limit_exceeded,3,2,0,0,0,,0
P05216,C00187,456.53,netbanking,Other,timeout,3,3,0,0,1,223.0,0
P05217,C02393,73.0,card,ICICI,bank_declined,1,1,0,0,1,150.0,0
P05218,C02272,320.47,card,ICICI,bank_declined,3,3,1,60,0,,1
P05219,C02878,660.15,wallet,Axis,bank_declined,3,0,0,0,1,47.0,0
P05220,C02536,1815.37,upi,HDFC,network_error,3,1,0,0,0,,0
P05221,C01933,876.36,upi,ICICI,insufficient_funds,3,3,1,30,0,,1
P05222,C02925,928.68,upi,HDFC,bank_declined,2,2,0,0,0,,0
P05223,C00849,108.76,card,Axis,insufficient_funds,4,1,1,30,0,,1
P05224,C02033,399.04,netbanking,SBI,bank_declined,7,1,1,10,1,169.0,1
P05225,C01253,1761.16,upi,SBI,network_error,1,2,0,0,0,,0
P05226,C01414,991.11,upi,Axis,network_error,5,1,1,120,0,,1
P05227,C00979,344.24,upi,HDFC,bank_declined,6,2,0,0,1,95.0,0
P05228,C01613,533.8,netbanking,ICICI,bank_declined,2,3,1,10,1,27.0,1
P05229,C01017,978.32,card,ICICI,bank_declined,3,3,1,10,1,225.0,1
P05230,C02236,961.06,card,Other,insufficient_funds,8,2,0,0,0,,0
P05231,C01882,451.02,card,ICICI,bank_declined,4,1,1,10,0,,1
P05232,C00270,415.16,card,HDFC,timeout,2,3,0,0,1,20.0,0
P05233,C01631,671.33,upi,HDFC,insufficient_funds,6,3,1,10,1,55.0,1
P05234,C00310,975.05,upi,Axis,insufficient_funds,4,3,0,0,1,94.0,0
P05235,C02044,374.41,wallet,Other,timeout,3,2,0,0,0,,0
P05236,C01575,134.96,netbanking,ICICI,insufficient_funds,3,1,0,0,1,49.0,0
P05237,C01096,465.89,upi,HDFC,bank_declined,4,3,0,0,0,,0
P05238,C02893,203.53,netbanking,HDFC,bank_declined,5,2,0,0,1,90.0,0
P05239,C01696,1907.17,netbanking,SBI,bank_declined,6,3,1,120,1,236.0,1
P05240,C02534,252.83,netbanking,HDFC,insufficient_funds,4,0,1,30,0,,1
P05241,C01446,453.74,card,Other,network_error,5,1,0,0,0,,0
P05242,C02168,299.71,card,ICICI,network_error,6,3,1,60,1,129.0,1
P05243,C00220,342.88,card,SBI,bank_declined,2,2,0,0,0,,0
P05244,C00053,883.49,wallet,HDFC,limit_exceeded,3,1,0,0,1,79.0,0
P05245,C01758,1029.75,upi,Other,limit_exceeded,11,1,1,60,1,215.0,1
P05246,C01475,779.84,netbanking,Axis,network_error,3,2,0,0,0,,0
P05247,C01667,970.29,netbanking,ICICI,limit_exceeded,3,2,1,10,1,170.0,1
P05248,C01261,340.92,upi,Axis,network_error,7,3,1,10,0,,1
P05249,C02806,228.79,card,Other,network_error,3,3,1,30,1,131.0,1
P05250,C02786,291.66,card,Axis,limit_exceeded,8,6,1,60,1,148.0,1
P05251,C00720,666.3,netbanking,ICICI,limit_exceeded,2,2,0,0,0,,0
P05252,C00406,1155.02,netbanking,Other,limit_exceeded,3,0,0,0,1,192.0,0
P05253,C02656,207.63,upi,HDFC,timeout,2,3,0,0,0,,0
P05254,C02470,384.24,card,Axis,bank_declined,5,0,0,0,1,149.0,0
P05255,C02760,407.03,card,SBI,bank_declined,5,0,0,0,0,,0
P05256,C02295,286.82,card,Axis,network_error,3,3,1,60,0,,1
P05257,C00072,748.3,upi,Other,timeout,4,4,1,120,1,41.0,1
P05258,C01854,991.29,upi,SBI,insufficient_funds,4,4,0,0,0,,0
P05259,C02233,2743.7,wallet,Other,bank_declined,8,3,0,0,0,,0
P05260,C02054,1963.43,wallet,Other,bank_declined,6,2,0,0,1,182.0,0
P05261,C01230,856.66,upi,SBI,timeout,4,3,1,120,0,,1
P05262,C01568,357.16,netbanking,Other,network_error,1,3,1,10,0,,1
P05263,C02954,808.25,netbanking,SBI,bank_declined,3,5,0,0,1,80.0,0
P05264,C00387,125.41,netbanking,HDFC,limit_exceeded,2,4,0,0,0,,0
P05265,C01792,782.81,upi,Other,network_error,2,1,0,0,0,,0
P05266,C00699,636.48,upi,HDFC,timeout,4,5,1,120,0,,1
P05267,C01201,520.01,card,ICICI,network_error,5,1,0,0,0,,0
P05268,C00827,285.11,wallet,Axis,limit_exceeded,4,1,1,120,0,,1
P05269,C01823,858.96,netbanking,HDFC,timeout,3,1,1,10,1,189.0,1
P05270,C00349,246.47,card,Axis,limit_exceeded,2,3,1,120,0,,1
P05271,C01279,1031.38,card,SBI,bank_declined,4,1,1,60,1,62.0,1
P05272,C00308,750.44,upi,ICICI,insufficient_funds,5,0,1,120,1,149.0,1
P05273,C01151,665.55,upi,SBI,timeout,7,1,1,30,1,200.0,1
P05274,C01961,247.45,card,Other,limit_exceeded,5,6,0,0,0,,0
P05275,C02335,312.13,netbanking,Axis,insufficient_funds,1,0,1,10,0,,1
P05276,C00766,174.0,card,SBI,bank_declined,9,2,1,60,1,186.0,1
P05277,C00725,887.27,card,Axis,timeout,0,2,1,10,1,216.0,1
P05278,C02810,505.43,wallet,Other,network_error,2,3,1,120,0,,1
P05279,C01620,338.25,netbanking,Other,timeout,2,4,0,0,1,48.0,0
P05280,C00383,447.9,upi,Axis,network_error,5,1,1,10,0,,1
P05281,C02436,1027.46,wallet,ICICI,bank_declined,2,2,0,0,0,,0
P05282,C00525,221.94,wallet,Axis,timeout,2,1,1,10,0,,1
P05283,C02687,362.53,card,Axis,network_error,2,1,1,60,1,12.0,1
P05284,C02986,163.07,card,SBI,network_error,3,5,0,0,1,187.0,0
P05285,C00276,235.92,upi,Axis,timeout,2,4,1,10,0,,1
P05286,C02548,413.4,wallet,ICICI,insufficient_funds,5,3,1,10,0,,1
P05287,C02765,1052.55,netbanking,ICICI,network_error,3,4,0,0,0,,0
P05288,C00337,772.21,card,Axis,bank_declined,2,0,0,0,0,,0
P05289,C01974,985.04,upi,HDFC,insufficient_funds,3,4,1,60,1,68.0,1
P05290,C02980,783.9,netbanking,Axis,timeout,8,3,1,30,1,226.0,1
P05291,C00481,251.5,card,SBI,bank_declined,8,3,0,0,1,84.0,0
P05292,C00911,1613.76,netbanking,HDFC,limit_exceeded,4,1,0,0,1,5.0,0
P05293,C01997,828.3,upi,Other,network_error,5,3,1,30,1,201.0,1
P05294,C01352,1733.17,card,Other,insufficient_funds,2,0,1,30,1,127.0,1
P05295,C02034,1590.32,upi,HDFC,bank_declined,5,2,1,60,0,,1
P05296,C01755,462.22,wallet,Axis,insufficient_funds,6,3,0,0,1,109.0,0
P05297,C00109,349.91,wallet,Other,limit_exceeded,3,3,0,0,1,127.0,0
P05298,C00328,103.1,wallet,SBI,bank_declined,6,3,0,0,0,,0
P05299,C01800,553.56,wallet,Other,network_error,5,2,1,30,1,97.0,1
P05300,C00315,479.38,card,SBI,bank_declined,2,4,1,30,0,,1
P05301,C01135,315.02,netbanking,HDFC,network_error,3,2,1,60,1,203.0,1
P05302,C02747,347.49,card,SBI,insufficient_funds,4,1,1,30,1,198.0,1
P05303,C00781,708.68,netbanking,ICICI,bank_declined,3,3,1,60,0,,1
P05304,C01521,131.78,upi,ICICI,network_error,5,2,1,120,1,87.0,1
P05305,C00156,1207.79,card,ICICI,bank_declined,2,2,0,0,0,,0
P05306,C01497,909.04,upi,ICICI,bank_declined,6,1,1,30,0,,1
P05307,C01725,383.9,upi,HDFC,timeout,1,3,1,30,0,,1
P05308,C00887,467.22,netbanking,SBI,network_error,6,1,1,60,0,,1
P05309,C02806,615.4,upi,Axis,network_error,5,2,1,120,1,48.0,1
P05310,C00722,871.7,netbanking,ICICI,bank_declined,3,0,1,120,0,,1
P05311,C00913,2038.86,upi,ICICI,bank_declined,6,1,0,0,0,,0
P05312,C00871,340.94,netbanking,Other,insufficient_funds,7,3,0,0,0,,0
P05313,C00013,1280.19,netbanking,ICICI,bank_declined,2,1,1,30,0,,1
P05314,C02656,421.95,card,Axis,timeout,4,2,0,0,1,66.0,0
P05315,C00498,372.94,upi,Axis,insufficient_funds,3,0,0,0,1,46.0,0
P05316,C01757,411.33,netbanking,Other,timeout,2,2,1,10,0,,1
P05317,C02286,1051.59,netbanking,HDFC,bank_declined,7,3,0,0,1,215.0,0
P05318,C01118,330.15,upi,HDFC,insufficient_funds,7,2,1,120,0,,1
P05319,C02829,530.97,card,SBI,limit_exceeded,3,0,0,0,0,,0
P05320,C01195,344.08,card,Axis,insufficient_funds,4,1,1,30,0,,1
P05321,C02005,365.06,card,Axis,bank_declined,1,3,0,0,0,,0
P05322,C02654,1268.39,card,ICICI,bank_declined,2,4,0,0,0,,0
P05323,C02709,489.09,upi,ICICI,limit_exceeded,4,3,1,60,0,,1
P05324,C01648,309.12,card,ICICI,network_error,5,0,0,0,1,193.0,0
P05325,C01591,363.64,card,SBI,limit_exceeded,4,2,1,10,1,87.0,1
P05326,C02897,599.17,netbanking,Axis,network_error,4,4,0,0,0,,0
P05327,C02984,475.05,card,ICICI,insufficient_funds,4,0,0,0,1,90.0,0
P05328,C01491,493.59,upi,ICICI,network_error,3,3,1,120,0,,1
P05329,C02676,399.73,card,Axis,insufficient_funds,8,2,0,0,0,,0
P05330,C00143,1023.35,upi,ICICI,insufficient_funds,3,0,0,0,1,226.0,0
P05331,C01225,737.72,card,Other,insufficient_funds,2,1,0,0,0,,0
P05332,C02762,421.05,card,Other,insufficient_funds,4,0,0,0,0,,0
P05333,C02527,539.67,wallet,HDFC,insufficient_funds,2,0,0,0,1,104.0,0
P05334,C00565,278.58,upi,Axis,bank_declined,6,1,0,0,1,129.0,0
P05335,C02519,467.96,upi,Other,insufficient_funds,6,1,0,0,1,10.0,0
P05336,C02432,303.93,card,Axis,insufficient_funds,1,2,1,120,0,,1
P05337,C01716,565.06,upi,SBI,insufficient_funds,0,7,0,0,0,,0
P05338,C02974,458.32,upi,Axis,limit_exceeded,5,3,1,30,0,,1
P05339,C00417,416.29,card,HDFC,network_error,5,1,1,30,1,74.0,1
P05340,C01849,544.58,upi,HDFC,bank_declined,2,1,0,0,0,,0
P05341,C02356,607.29,card,SBI,bank_declined,6,1,0,0,1,61.0,0
P05342,C02697,1057.08,upi,Axis,network_error,2,0,1,120,1,141.0,1
P05343,C01718,849.8,netbanking,Axis,insufficient_funds,1,1,1,120,0,,1
P05344,C01391,958.87,card,Other,network_error,3,0,0,0,1,19.0,0
P05345,C01068,385.13,upi,Other,timeout,1,2,0,0,1,235.0,0
P05346,C02787,602.69,upi,HDFC,network_error,4,3,0,0,1,52.0,0
P05347,C01867,1659.75,card,Axis,limit_exceeded,6,1,0,0,1,147.0,0
P05348,C01122,460.45,wallet,ICICI,insufficient_funds,6,2,0,0,0,,0
P05349,C01289,539.44,card,Other,timeout,2,0,1,30,0,,1
P05350,C01807,544.52,upi,Axis,network_error,6,2,0,0,0,,0
P05351,C02188,458.16,upi,SBI,network_error,2,1,0,0,0,,0
P05352,C01505,1214.04,card,Other,network_error,1,2,0,0,0,,0
P05353,C01017,361.59,upi,HDFC,insufficient_funds,3,4,0,0,0,,0
P05354,C00953,1049.39,upi,HDFC,network_error,4,0,0,0,1,69.0,0
P05355,C02952,844.42,netbanking,HDFC,bank_declined,2,1,0,0,0,,0
P05356,C00072,472.23,upi,HDFC,insufficient_funds,1,1,0,0,0,,0
P05357,C01691,369.54,upi,Axis,insufficient_funds,3,5,1,60,0,,1
P05358,C01292,481.6,netbanking,Axis,bank_declined,9,0,0,0,1,98.0,0
P05359,C01345,1109.26,upi,Other,limit_exceeded,3,2,1,10,1,96.0,1
P05360,C02155,1047.14,wallet,ICICI,bank_declined,4,3,0,0,0,,0
P05361,C00883,862.62,upi,HDFC,insufficient_funds,3,5,0,0,0,,0
P05362,C00139,463.82,card,ICICI,limit_exceeded,4,0,1,120,0,,1
P05363,C02663,508.01,upi,HDFC,insufficient_funds,0,0,1,120,1,202.0,1
P05364,C02911,763.89,upi,Other,insufficient_funds,3,1,1,60,0,,1
P05365,C02321,417.47,card,SBI,bank_declined,4,1,0,0,1,141.0,0
P05366,C01505,885.64,card,HDFC,insufficient_funds,4,1,1,120,0,,1
P05367,C02464,547.96,upi,SBI,network_error,9,2,1,10,0,,1
P05368,C02554,1002.02,netbanking,HDFC,insufficient_funds,3,1,1,10,0,,1
P05369,C00733,183.08,card,ICICI,network_error,5,2,1,10,1,58.0,1
P05370,C01749,322.14,upi,HDFC,insufficient_funds,6,3,1,30,0,,1
P05371,C00424,390.3,netbanking,ICICI,timeout,6,1,0,0,1,15.0,0
P05372,C01592,657.71,card,SBI,timeout,4,2,1,10,0,,1
P05373,C00390,378.76,netbanking,Axis,limit_exceeded,4,1,0,0,1,178.0,0
P05374,C00342,2266.81,netbanking,SBI,insufficient_funds,2,2,1,120,0,,1
P05375,C00946,209.96,upi,Axis,network_error,2,1,0,0,1,181.0,0
P05376,C00614,1006.03,card,Other,timeout,9,2,1,30,0,,1
P05377,C00493,1165.76,card,Other,limit_exceeded,3,1,1,120,0,,1
P05378,C00192,698.4,card,Other,bank_declined,4,0,0,0,1,238.0,0
P05379,C00499,395.09,netbanking,Other,limit_exceeded,3,3,0,0,1,142.0,0
P05380,C00822,486.18,wallet,HDFC,insufficient_funds,3,3,1,30,0,,1
P05381,C01736,873.01,netbanking,SBI,bank_declined,4,1,0,0,0,,0
P05382,C01257,160.94,upi,ICICI,bank_declined,3,0,1,60,0,,1
P05383,C01969,316.08,wallet,HDFC,insufficient_funds,4,4,1,10,1,24.0,1
P05384,C00227,338.22,netbanking,HDFC,bank_declined,3,1,0,0,0,,0
P05385,C01395,721.43,upi,Other,network_error,6,1,0,0,0,,0
P05386,C02187,1056.05,card,HDFC,bank_declined,4,4,0,0,0,,0
P05387,C02904,1971.77,card,ICICI,insufficient_funds,5,2,0,0,1,197.0,0
P05388,C00817,133.62,card,SBI,insufficient_funds,1,2,0,0,0,,0
P05389,C01474,239.98,card,Other,limit_exceeded,8,3,1,30,1,139.0,1
P05390,C01087,387.81,upi,Other,bank_declined,5,1,0,0,0,,0
P05391,C00104,727.26,wallet,ICICI,insufficient_funds,3,2,1,60,0,,1
P05392,C01875,841.42,netbanking,HDFC,insufficient_funds,4,2,0,0,0,,0
P05393,C00871,215.91,upi,ICICI,bank_declined,0,1,1,120,0,,1
P05394,C00668,641.28,upi,Axis,insufficient_funds,4,2,1,10,0,,1
P05395,C02043,82.11,card,SBI,bank_declined,2,4,1,30,1,43.0,1
P05396,C00273,604.47,card,SBI,insufficient_funds,3,0,0,0,0,,0
P05397,C01030,483.82,upi,ICICI,bank_declined,3,3,1,30,0,,1
P05398,C02232,459.55,card,SBI,timeout,4,2,0,0,0,,0
P05399,C01052,374.55,upi,SBI,insufficient_funds,2,2,0,0,1,18.0,0
P05400,C01574,462.77,card,HDFC,insufficient_funds,5,2,0,0,1,64.0,0
P05401,C00293,617.16,card,Other,timeout,4,1,1,30,1,39.0,1
P05402,C02225,1575.75,card,Other,insufficient_funds,3,1,0,0,0,,0
P05403,C02106,200.4,card,Other,timeout,2,3,0,0,1,83.0,0
P05404,C01293,407.07,netbanking,ICICI,network_error,3,2,1,10,1,91.0,1
P05405,C00308,719.53,upi,ICICI,limit_exceeded,3,2,1,10,1,178.0,1
P05406,C00977,472.38,upi,Other,insufficient_funds,5,2,0,0,1,69.0,0
P05407,C01252,537.49,upi,Axis,timeout,3,2,1,30,0,,1
P05408,C01271,326.81,netbanking,Axis,network_error,2,1,1,10,1,142.0,1
P05409,C02748,878.1,netbanking,HDFC,bank_declined,3,3,0,0,1,52.0,0
P05410,C01518,107.7,wallet,ICICI,insufficient_funds,2,3,0,0,0,,0
P05411,C02131,245.95,card,Other,insufficient_funds,4,0,1,60,0,,1
P05412,C01210,1936.86,netbanking,Axis,timeout,6,2,1,30,0,,1
P05413,C02300,208.47,wallet,Other,insufficient_funds,4,3,0,0,1,45.0,0
P05414,C01379,267.62,card,SBI,network_error,3,1,1,10,0,,1
P05415,C01774,283.9,upi,Axis,insufficient_funds,2,2,0,0,0,,0
P05416,C01720,337.38,upi,Other,bank_declined,3,2,0,0,0,,0
P05417,C02043,486.14,netbanking,ICICI,bank_declined,6,2,1,60,0,,1
P05418,C00796,1048.69,card,ICICI,bank_declined,5,1,0,0,1,24.0,0
P05419,C00897,688.28,upi,SBI,timeout,3,4,1,60,0,,1
P05420,C01962,417.69,netbanking,SBI,insufficient_funds,7,3,1,60,1,69.0,1
P05421,C00210,1676.37,card,HDFC,limit_exceeded,2,2,1,10,1,235.0,1
P05422,C02864,367.95,card,Other,bank_declined,3,1,1,30,0,,1
P05423,C02657,513.02,wallet,Axis,network_error,4,4,0,0,1,22.0,0
P05424,C02495,535.65,netbanking,Axis,insufficient_funds,4,3,1,120,0,,1
P05425,C02508,891.5,upi,Axis,bank_declined,6,6,0,0,0,,0
P05426,C00968,220.13,upi,HDFC,bank_declined,1,1,0,0,0,,0
P05427,C00472,240.65,netbanking,Other,network_error,2,3,1,30,1,93.0,1
P05428,C02418,953.26,wallet,SBI,limit_exceeded,2,3,1,120,0,,1
P05429,C02948,1718.75,netbanking,HDFC,limit_exceeded,4,0,0,0,1,98.0,0
P05430,C00923,381.89,upi,SBI,bank_declined,5,3,1,30,1,184.0,1
P05431,C00137,203.73,upi,HDFC,insufficient_funds,7,2,0,0,1,20.0,0
P05432,C00367,214.21,card,HDFC,limit_exceeded,5,0,1,30,0,,1
P05433,C02960,1017.75,card,Axis,insufficient_funds,7,0,1,30,0,,1
P05434,C00184,151.32,netbanking,HDFC,limit_exceeded,3,3,0,0,1,193.0,0
P05435,C02520,515.26,card,Axis,insufficient_funds,3,3,1,60,1,236.0,1
P05436,C01399,435.56,card,Axis,limit_exceeded,3,3,0,0,0,,0
P05437,C02702,307.11,upi,Axis,insufficient_funds,5,2,0,0,0,,0
P05438,C02797,270.2,card,ICICI,insufficient_funds,6,1,0,0,1,180.0,0
P05439,C00537,802.16,card,Axis,network_error,2,3,0,0,0,,0
P05440,C02850,849.11,upi,Other,network_error,6,1,0,0,0,,0
P05441,C01603,1115.58,upi,Other,bank_declined,6,2,0,0,1,225.0,0
P05442,C01274,691.62,card,HDFC,network_error,2,2,0,0,1,186.0,0
P05443,C02968,495.37,upi,SBI,timeout,3,0,0,0,1,210.0,0
P05444,C02558,552.41,upi,Other,timeout,3,2,0,0,0,,0
P05445,C02678,985.92,card,SBI,limit_exceeded,2,1,1,30,0,,1
P05446,C01097,149.12,netbanking,Axis,insufficient_funds,5,3,0,0,0,,0
P05447,C01306,672.35,card,SBI,insufficient_funds,5,1,0,0,1,134.0,0
P05448,C00916,328.72,upi,Axis,network_error,7,1,1,120,1,172.0,1
P05449,C00152,641.18,upi,ICICI,timeout,1,3,1,120,1,220.0,1
P05450,C01029,239.51,card,HDFC,insufficient_funds,5,1,0,0,0,,0
P05451,C01219,893.41,card,SBI,insufficient_funds,4,2,1,120,0,,1
P05452,C01978,743.45,netbanking,SBI,limit_exceeded,4,2,1,60,0,,1
P05453,C02512,300.73,upi,SBI,insufficient_funds,3,0,0,0,1,46.0,0
P05454,C00271,355.33,upi,HDFC,bank_declined,2,2,0,0,1,207.0,0
P05455,C01187,333.19,netbanking,ICICI,insufficient_funds,8,3,0,0,0,,0
P05456,C00460,512.89,card,HDFC,timeout,3,3,0,0,0,,0
P05457,C00105,2040.27,netbanking,Other,limit_exceeded,1,0,0,0,1,65.0,0
P05458,C01711,138.05,upi,HDFC,insufficient_funds,2,1,1,60,1,87.0,1
P05459,C02210,618.92,upi,Other,network_error,1,4,0,0,0,,0
P05460,C02399,666.17,netbanking,SBI,timeout,8,0,1,60,0,,1
P05461,C00434,339.79,upi,ICICI,network_error,6,1,0,0,0,,0
P05462,C02900,152.7,card,Axis,network_error,3,3,1,60,0,,1
P05463,C00140,428.07,netbanking,ICICI,bank_declined,5,6,1,10,0,,1
P05464,C01495,210.13,netbanking,Other,network_error,6,1,0,0,1,172.0,0
P05465,C00087,727.43,upi,ICICI,limit_exceeded,5,0,0,0,0,,0
P05466,C01712,187.28,upi,SBI,bank_declined,4,1,0,0,1,107.0,0
P05467,C02231,475.78,card,HDFC,insufficient_funds,6,1,0,0,1,154.0,0
P05468,C02416,287.27,upi,Other,limit_exceeded,6,2,0,0,0,,0
P05469,C00129,1076.94,netbanking,Other,insufficient_funds,4,5,1,120,0,,1
P05470,C01270,1478.63,upi,Other,timeout,1,2,0,0,0,,0
P05471,C01602,383.23,netbanking,SBI,limit_exceeded,4,1,0,0,1,200.0,0
P05472,C00670,236.1,netbanking,ICICI,insufficient_funds,5,4,0,0,1,136.0,0
P05473,C00149,1588.86,card,Other,bank_declined,5,0,0,0,1,42.0,0
P05474,C00985,447.89,upi,Axis,insufficient_funds,2,2,0,0,0,,0
P05475,C00852,613.95,upi,Other,bank_declined,5,2,0,0,0,,0
P05476,C01457,452.64,upi,ICICI,bank_declined,4,1,0,0,0,,0
P05477,C00628,426.7,card,ICICI,network_error,3,0,1,10,1,19.0,1
P05478,C01493,348.98,upi,Axis,insufficient_funds,3,5,0,0,1,234.0,0
P05479,C02494,131.33,card,HDFC,bank_declined,4,4,0,0,0,,0
P05480,C02045,1698.07,netbanking,Other,network_error,4,4,0,0,1,22.0,0
P05481,C00884,565.99,wallet,ICICI,network_error,5,0,0,0,1,42.0,0
P05482,C02342,465.42,card,Axis,timeout,0,1,0,0,1,99.0,0
P05483,C01789,943.59,upi,Axis,limit_exceeded,4,2,1,60,0,,1
P05484,C00250,333.07,netbanking,SBI,timeout,11,2,1,10,0,,1
P05485,C02926,638.28,card,ICICI,insufficient_funds,3,1,0,0,0,,0
P05486,C00948,287.52,card,ICICI,insufficient_funds,7,2,0,0,0,,0
P05487,C00975,387.03,netbanking,ICICI,insufficient_funds,6,0,1,10,1,52.0,1
P05488,C01326,741.81,upi,SBI,bank_declined,3,4,0,0,1,54.0,0
P05489,C02837,597.3,upi,Axis,timeout,5,4,1,60,0,,1
P05490,C00984,392.2,wallet,Axis,insufficient_funds,4,1,1,60,1,178.0,1
P05491,C00889,821.92,wallet,HDFC,bank_declined,1,3,1,10,0,,1
P05492,C02938,285.98,netbanking,Axis,insufficient_funds,6,4,1,30,1,128.0,1
P05493,C02118,259.83,card,ICICI,bank_declined,2,2,0,0,0,,0
P05494,C02673,358.94,card,SBI,limit_exceeded,4,2,0,0,0,,0
P05495,C00875,419.35,netbanking,HDFC,bank_declined,3,2,0,0,1,125.0,0
P05496,C01327,390.45,upi,Axis,network_error,4,3,1,120,1,52.0,1
P05497,C00471,365.46,upi,SBI,bank_declined,6,1,0,0,0,,0
P05498,C01988,927.56,upi,Other,timeout,5,2,0,0,1,31.0,0
P05499,C00091,1411.71,netbanking,Axis,timeout,5,1,0,0,1,92.0,0
P05500,C00530,449.72,card,SBI,insufficient_funds,4,4,1,30,0,,1
P05501,C00661,745.68,wallet,ICICI,network_error,2,4,1,30,0,,1
P05502,C00739,294.54,upi,Other,bank_declined,4,4,1,30,1,104.0,1
P05503,C02774,461.15,netbanking,HDFC,limit_exceeded,4,0,1,60,1,143.0,1
P05504,C00872,681.58,upi,HDFC,insufficient_funds,2,3,1,10,1,120.0,1
P05505,C01687,273.48,upi,ICICI,limit_exceeded,6,1,0,0,1,80.0,0
P05506,C00192,832.93,netbanking,SBI,network_error,5,1,0,0,0,,0
P05507,C01987,296.2,upi,Other,bank_declined,0,0,0,0,1,27.0,0
P05508,C02186,1007.2,upi,Axis,bank_declined,4,1,0,0,1,158.0,0
P05509,C00345,893.1,upi,ICICI,insufficient_funds,2,3,1,60,1,147.0,1
P05510,C01009,1075.9,card,ICICI,limit_exceeded,6,1,0,0,0,,0
P05511,C02551,1008.97,netbanking,ICICI,insufficient_funds,2,3,0,0,0,,0
P05512,C00203,1906.17,netbanking,ICICI,limit_exceeded,4,0,0,0,0,,0
P05513,C00573,702.9,card,Axis,limit_exceeded,1,4,1,120,1,157.0,1
P05514,C00192,178.99,netbanking,ICICI,bank_declined,3,1,1,120,1,103.0,1
P05515,C02053,539.26,netbanking,HDFC,insufficient_funds,7,3,1,30,1,44.0,1
P05516,C01914,357.68,upi,HDFC,bank_declined,2,4,0,0,1,94.0,0
P05517,C01717,189.55,card,ICICI,limit_exceeded,5,2,0,0,0,,0
P05518,C00311,1206.09,upi,SBI,limit_exceeded,3,2,0,0,0,,0
P05519,C02597,397.68,upi,HDFC,bank_declined,6,1,0,0,1,47.0,0
P05520,C02104,173.56,upi,Other,network_error,4,2,1,10,0,,1
P05521,C00443,313.77,upi,SBI,bank_declined,2,5,0,0,1,55.0,0
P05522,C01261,2405.55,card,ICICI,limit_exceeded,9,1,0,0,0,,0
P05523,C00870,1283.27,netbanking,Axis,limit_exceeded,7,4,0,0,0,,0
P05524,C00585,821.1,upi,SBI,bank_declined,2,1,1,60,1,233.0,1
P05525,C01595,766.27,wallet,Other,limit_exceeded,9,2,0,0,0,,0
P05526,C02800,261.81,card,SBI,limit_exceeded,5,3,0,0,0,,0
P05527,C01538,248.36,card,HDFC,bank_declined,4,3,0,0,0,,0
P05528,C00360,728.23,upi,HDFC,bank_declined,6,3,0,0,0,,0
P05529,C01724,1498.05,card,Axis,limit_exceeded,3,1,1,10,0,,1
P05530,C02867,241.89,upi,SBI,limit_exceeded,6,4,1,60,0,,1
P05531,C02078,460.55,card,Axis,bank_declined,2,3,1,30,0,,1
P05532,C01803,580.55,upi,SBI,bank_declined,6,0,1,30,1,198.0,1
P05533,C02012,351.77,upi,ICICI,bank_declined,5,8,0,0,1,95.0,0
P05534,C02156,435.67,upi,SBI,insufficient_funds,6,0,1,30,0,,1
P05535,C00844,239.85,card,SBI,limit_exceeded,5,2,1,10,0,,1
P05536,C01626,611.63,netbanking,ICICI,insufficient_funds,5,1,1,30,1,34.0,1
P05537,C02765,555.9,netbanking,Other,timeout,4,1,0,0,0,,0
P05538,C00891,758.54,card,HDFC,bank_declined,3,1,1,10,1,187.0,1
P05539,C01992,427.14,netbanking,SBI,insufficient_funds,5,2,1,10,0,,1
P05540,C01983,811.56,upi,Axis,bank_declined,6,3,0,0,1,69.0,0
P05541,C00960,624.6,upi,ICICI,insufficient_funds,1,1,1,120,0,,1
P05542,C01469,1169.97,card,Other,limit_exceeded,4,1,0,0,0,,0
P05543,C02941,409.33,upi,HDFC,bank_declined,1,0,1,10,0,,1
P05544,C01462,953.32,card,HDFC,timeout,3,4,1,60,1,232.0,1
P05545,C00732,421.18,upi,Axis,bank_declined,0,2,1,10,1,130.0,1
P05546,C00606,772.08,wallet,Other,network_error,2,3,0,0,0,,0
P05547,C02505,1248.91,netbanking,Axis,bank_declined,6,1,1,10,1,41.0,1
P05548,C00615,1121.5,netbanking,HDFC,insufficient_funds,2,1,1,30,0,,1
P05549,C02746,427.22,upi,SBI,timeout,5,4,1,120,1,216.0,1
P05550,C02005,341.06,card,ICICI,timeout,3,3,0,0,1,34.0,0
P05551,C01720,972.43,card,ICICI,insufficient_funds,3,2,1,10,0,,1
P05552,C00674,358.72,card,Axis,timeout,3,3,0,0,1,204.0,0
P05553,C01271,985.26,upi,SBI,network_error,6,1,1,30,1,238.0,1
P05554,C02591,213.46,upi,HDFC,insufficient_funds,7,3,1,60,0,,1
P05555,C01588,686.51,upi,ICICI,timeout,4,0,1,120,1,51.0,1
P05556,C02905,380.79,upi,ICICI,network_error,6,1,0,0,0,,0
P05557,C01612,153.52,card,Axis,network_error,4,1,1,10,1,85.0,1
P05558,C00897,286.61,card,Other,insufficient_funds,7,2,1,60,0,,1
P05559,C01463,375.82,upi,ICICI,network_error,4,0,1,60,1,199.0,1
P05560,C00278,1895.56,upi,Axis,insufficient_funds,3,1,1,120,1,66.0,1
P05561,C00552,60.52,wallet,HDFC,insufficient_funds,3,1,0,0,1,217.0,0
P05562,C01637,390.31,card,ICICI,insufficient_funds,5,0,1,120,1,132.0,1
P05563,C02159,385.97,upi,Axis,network_error,5,2,1,30,1,126.0,1
P05564,C02433,249.87,netbanking,Other,network_error,3,1,0,0,1,103.0,0
P05565,C00761,375.52,card,SBI,insufficient_funds,6,0,1,30,1,51.0,1
P05566,C02742,444.28,wallet,ICICI,network_error,5,3,0,0,1,205.0,0
P05567,C01450,308.29,card,Axis,insufficient_funds,3,5,0,0,0,,0
P05568,C00405,632.8,wallet,SBI,limit_exceeded,8,1,1,60,0,,1
P05569,C01359,1491.03,card,Other,timeout,3,0,0,0,1,199.0,0
P05570,C01233,475.95,upi,ICICI,timeout,2,1,1,60,1,179.0,1
P05571,C00022,304.72,netbanking,Axis,insufficient_funds,2,0,0,0,1,204.0,0
P05572,C00678,456.26,card,SBI,limit_exceeded,5,0,0,0,1,226.0,0
P05573,C02659,386.24,card,HDFC,limit_exceeded,1,0,1,60,1,185.0,1
P05574,C02029,1061.82,card,HDFC,bank_declined,3,3,0,0,1,197.0,0
P05575,C01232,356.04,card,Axis,insufficient_funds,1,1,0,0,0,,0
P05576,C02056,693.12,upi,SBI,network_error,7,6,0,0,1,164.0,0
P05577,C02750,603.2,netbanking,HDFC,insufficient_funds,6,0,0,0,0,,0
P05578,C01809,530.97,card,ICICI,network_error,3,3,0,0,0,,0
P05579,C00529,222.45,card,Axis,limit_exceeded,3,2,0,0,0,,0
P05580,C02038,320.53,card,Other,timeout,2,3,0,0,0,,0
P05581,C02650,431.29,card,ICICI,bank_declined,5,3,0,0,0,,0
P05582,C01677,214.12,wallet,Axis,bank_declined,5,1,0,0,0,,0
P05583,C00657,248.19,card,HDFC,limit_exceeded,1,3,0,0,0,,0
P05584,C00166,352.18,upi,Other,insufficient_funds,3,3,1,10,0,,1
P05585,C00849,625.95,card,ICICI,limit_exceeded,2,0,0,0,0,,0
P05586,C00496,1320.47,card,SBI,insufficient_funds,4,1,0,0,1,83.0,0
P05587,C00590,594.11,card,Other,bank_declined,3,4,0,0,0,,0
P05588,C00429,538.53,card,HDFC,timeout,4,2,0,0,1,110.0,0
P05589,C02822,517.4,card,Other,bank_declined,3,2,1,10,1,80.0,1
P05590,C00163,388.11,netbanking,HDFC,network_error,6,1,0,0,0,,0
P05591,C02414,460.95,upi,Axis,bank_declined,3,2,0,0,1,42.0,0
P05592,C01263,730.94,upi,ICICI,network_error,5,2,1,10,1,197.0,1
P05593,C00072,955.6,upi,Axis,insufficient_funds,7,2,0,0,0,,0
P05594,C00655,89.28,card,Other,network_error,3,2,1,60,1,163.0,1
P05595,C00269,816.54,card,Axis,limit_exceeded,3,0,1,10,0,,1
P05596,C01777,400.93,card,ICICI,insufficient_funds,4,2,0,0,1,78.0,0
P05597,C02463,696.58,card,Other,insufficient_funds,1,0,1,120,0,,1
P05598,C01269,634.16,netbanking,Axis,bank_declined,5,5,0,0,0,,0
P05599,C01016,449.34,card,Axis,bank_declined,2,1,0,0,0,,0
P05600,C02723,711.91,upi,Axis,insufficient_funds,4,4,0,0,1,90.0,0
P05601,C01084,601.63,upi,SBI,network_error,3,1,0,0,1,90.0,0
P05602,C00006,479.93,upi,Other,bank_declined,6,1,0,0,1,9.0,0
P05603,C00982,456.44,upi,ICICI,timeout,2,1,1,10,1,73.0,1
P05604,C02618,246.88,card,Other,bank_declined,2,1,0,0,0,,0
P05605,C00407,497.72,upi,Other,limit_exceeded,5,1,0,0,0,,0
P05606,C01954,122.29,netbanking,Axis,timeout,7,4,1,30,1,64.0,1
P05607,C02074,602.77,upi,HDFC,bank_declined,8,2,1,60,0,,1
P05608,C00986,832.44,wallet,Axis,network_error,3,3,1,30,1,125.0,1
P05609,C00390,178.73,upi,HDFC,limit_exceeded,2,5,1,30,1,148.0,1
P05610,C00710,405.94,upi,SBI,timeout,4,2,1,10,0,,1
P05611,C02619,1330.91,upi,SBI,network_error,7,1,1,10,0,,1
P05612,C01472,2271.0,netbanking,HDFC,bank_declined,3,1,0,0,0,,0
P05613,C00754,460.53,upi,Axis,bank_declined,4,2,1,30,1,171.0,1
P05614,C02194,514.77,wallet,Axis,timeout,2,1,1,60,0,,1
P05615,C01412,468.75,card,Other,network_error,8,3,1,120,1,69.0,1
P05616,C02833,547.5,netbanking,Other,limit_exceeded,6,0,1,30,0,,1
P05617,C01273,1170.19,upi,SBI,limit_exceeded,3,1,0,0,1,58.0,0
P05618,C00526,493.91,netbanking,Other,bank_declined,1,1,1,120,0,,1
P05619,C01486,188.67,card,Other,bank_declined,1,1,1,10,1,160.0,1
P05620,C02061,589.93,card,Other,insufficient_funds,4,1,0,0,0,,0
P05621,C02951,376.38,netbanking,SBI,bank_declined,3,1,1,30,1,74.0,1
P05622,C02432,224.99,card,Other,insufficient_funds,3,0,1,120,0,,1
P05623,C00556,225.04,netbanking,HDFC,insufficient_funds,5,3,0,0,1,112.0,0
P05624,C02935,456.22,wallet,ICICI,insufficient_funds,3,1,1,120,1,148.0,1
P05625,C00019,764.14,card,ICICI,bank_declined,4,3,1,30,1,80.0,1
P05626,C00575,734.93,upi,Other,limit_exceeded,3,1,0,0,1,77.0,0
P05627,C02799,1145.97,card,Other,bank_declined,1,4,0,0,0,,0
P05628,C01004,290.09,card,Other,bank_declined,3,1,1,60,1,175.0,1
P05629,C02467,380.36,upi,HDFC,bank_declined,4,1,0,0,0,,0
P05630,C02467,768.8,card,SBI,bank_declined,5,4,1,120,0,,1
P05631,C01939,816.1,upi,ICICI,timeout,6,2,0,0,1,70.0,0
P05632,C01940,342.18,wallet,Axis,network_error,2,2,0,0,1,163.0,0
P05633,C01636,304.63,card,Other,bank_declined,4,3,1,60,0,,1
P05634,C01699,685.28,netbanking,Axis,limit_exceeded,3,0,1,60,0,,1
P05635,C02170,911.87,upi,HDFC,bank_declined,1,0,0,0,0,,0
P05636,C00432,417.27,card,SBI,timeout,7,0,0,0,1,156.0,0
P05637,C02092,679.67,card,Axis,network_error,6,0,0,0,1,92.0,0
P05638,C01896,493.73,card,Other,bank_declined,2,1,1,60,1,170.0,1
P05639,C01944,312.28,upi,Other,insufficient_funds,2,2,0,0,0,,0
P05640,C01341,824.4,upi,HDFC,limit_exceeded,7,4,1,120,0,,1
P05641,C02429,420.25,upi,Other,bank_declined,1,2,1,10,0,,1
P05642,C00145,170.56,card,Axis,network_error,4,4,0,0,0,,0
P05643,C02411,310.87,upi,SBI,limit_exceeded,1,2,0,0,0,,0
P05644,C01074,102.07,card,Other,network_error,6,2,0,0,0,,0
P05645,C01089,3270.79,upi,Other,network_error,4,0,0,0,1,39.0,0
P05646,C02403,1223.42,card,Axis,bank_declined,8,5,0,0,1,211.0,0
P05647,C00800,195.65,upi,SBI,timeout,5,1,0,0,1,8.0,0
P05648,C02874,326.08,upi,Axis,network_error,1,4,1,60,0,,1
P05649,C01152,576.81,netbanking,HDFC,bank_declined,3,0,0,0,1,131.0,0
P05650,C02446,1509.72,netbanking,Other,network_error,4,3,0,0,0,,0
P05651,C01957,818.08,upi,ICICI,bank_declined,3,1,1,60,0,,1
P05652,C02928,575.11,netbanking,HDFC,network_error,5,2,1,60,0,,1
P05653,C00463,326.39,upi,ICICI,network_error,6,4,0,0,1,151.0,0
P05654,C01775,688.69,upi,Axis,bank_declined,3,7,1,30,0,,1
P05655,C02046,669.53,netbanking,ICICI,insufficient_funds,3,1,0,0,1,45.0,0
P05656,C00808,504.73,netbanking,SBI,timeout,5,3,0,0,1,82.0,0
P05657,C00187,466.02,upi,Other,timeout,4,3,0,0,1,186.0,0
P05658,C01744,360.34,wallet,SBI,insufficient_funds,3,1,0,0,1,39.0,0
P05659,C00732,1212.94,card,SBI,bank_declined,7,2,1,30,0,,1
P05660,C01936,150.79,wallet,Axis,insufficient_funds,2,1,1,10,0,,1
P05661,C01214,611.53,card,SBI,bank_declined,8,1,0,0,1,62.0,0
P05662,C01412,498.58,upi,ICICI,bank_declined,3,3,0,0,1,45.0,0
P05663,C00429,124.22,netbanking,HDFC,insufficient_funds,7,1,0,0,0,,0
P05664,C02906,378.13,netbanking,HDFC,bank_declined,5,0,0,0,1,81.0,0
P05665,C01308,241.44,card,HDFC,timeout,4,1,1,30,0,,1
P05666,C02285,239.18,wallet,ICICI,bank_declined,4,2,0,0,0,,0
P05667,C01218,284.77,card,Other,insufficient_funds,3,2,1,60,0,,1
P05668,C01311,1177.98,card,ICICI,bank_declined,1,3,1,120,1,21.0,1
P05669,C00771,472.74,netbanking,HDFC,network_error,3,6,0,0,0,,0
P05670,C00758,830.11,netbanking,Other,limit_exceeded,1,0,1,10,0,,1
P05671,C00136,212.39,netbanking,Axis,bank_declined,4,1,1,120,1,74.0,1
P05672,C00792,319.41,netbanking,ICICI,limit_exceeded,5,2,0,0,1,138.0,0
P05673,C00171,365.87,card,SBI,limit_exceeded,4,1,0,0,1,187.0,0
P05674,C02207,551.07,card,SBI,network_error,4,2,1,60,0,,1
P05675,C02249,714.96,wallet,SBI,insufficient_funds,5,3,0,0,0,,0
P05676,C01581,595.64,upi,ICICI,limit_exceeded,2,1,0,0,0,,0
P05677,C00962,279.98,wallet,Axis,limit_exceeded,2,1,1,60,1,72.0,1
P05678,C02631,827.26,wallet,Other,limit_exceeded,3,2,0,0,0,,0
P05679,C00876,321.67,upi,ICICI,limit_exceeded,3,3,0,0,0,,0
P05680,C02419,593.71,upi,ICICI,bank_declined,5,2,1,10,1,157.0,1
P05681,C00103,188.33,upi,ICICI,bank_declined,4,1,0,0,1,144.0,0
P05682,C01002,411.91,card,Other,network_error,4,2,0,0,1,33.0,0
P05683,C01149,707.82,upi,Axis,network_error,1,4,1,10,0,,1
P05684,C02846,529.5,netbanking,ICICI,limit_exceeded,1,2,0,0,0,,0
P05685,C01482,277.97,upi,HDFC,bank_declined,3,4,0,0,1,167.0,0
P05686,C00658,720.12,card,Other,network_error,1,2,0,0,1,118.0,0
P05687,C02930,285.87,card,Axis,limit_exceeded,2,2,0,0,1,50.0,0
P05688,C01221,145.01,card,HDFC,insufficient_funds,6,0,1,30,0,,1
P05689,C02781,1015.52,upi,ICICI,bank_declined,2,1,0,0,0,,0
P05690,C00423,244.09,upi,HDFC,bank_declined,5,2,0,0,1,14.0,0
P05691,C02620,856.19,upi,SBI,insufficient_funds,4,2,1,60,1,158.0,1
P05692,C00171,417.43,upi,Axis,insufficient_funds,4,1,1,30,1,56.0,1
P05693,C02221,774.22,card,Axis,bank_declined,4,2,0,0,0,,0
P05694,C02711,284.42,netbanking,SBI,insufficient_funds,4,2,0,0,1,125.0,0
P05695,C00453,896.46,card,HDFC,bank_declined,3,2,0,0,0,,0
P05696,C02398,336.43,upi,Axis,insufficient_funds,5,3,0,0,0,,0
P05697,C01976,406.8,upi,ICICI,limit_exceeded,4,3,0,0,0,,0
P05698,C01658,108.98,card,SBI,network_error,3,4,0,0,0,,0
P05699,C02542,158.5,card,Axis,limit_exceeded,2,0,0,0,1,151.0,0
P05700,C02668,837.7,wallet,Axis,insufficient_funds,4,3,1,120,0,,1
P05701,C02967,309.02,card,Other,insufficient_funds,3,2,0,0,0,,0
P05702,C02054,124.82,card,HDFC,bank_declined,4,1,1,10,1,170.0,1
P05703,C00288,318.35,card,SBI,insufficient_funds,4,2,1,30,0,,1
P05704,C01642,718.22,netbanking,Axis,limit_exceeded,2,2,1,30,0,,1
P05705,C01448,213.26,card,SBI,insufficient_funds,4,2,1,10,0,,1
P05706,C01914,1017.73,upi,ICICI,insufficient_funds,5,2,1,30,1,59.0,1
P05707,C00608,335.11,card,Other,timeout,1,5,1,10,0,,1
P05708,C00457,376.33,wallet,HDFC,timeout,1,5,0,0,1,145.0,0
P05709,C01765,286.43,wallet,HDFC,insufficient_funds,2,1,1,60,1,117.0,1
P05710,C01226,132.16,upi,ICICI,network_error,4,1,0,0,0,,0
P05711,C01236,396.45,netbanking,Axis,bank_declined,2,1,0,0,1,118.0,0
P05712,C01030,460.27,card,Other,bank_declined,2,1,1,10,1,135.0,1
P05713,C02672,633.17,upi,HDFC,insufficient_funds,5,3,1,30,1,153.0,1
P05714,C02424,284.48,upi,SBI,timeout,5,2,0,0,0,,0
P05715,C00447,154.73,card,ICICI,insufficient_funds,6,3,1,120,0,,1
P05716,C00835,1611.92,card,HDFC,bank_declined,4,5,1,10,0,,1
P05717,C00811,551.16,wallet,Axis,limit_exceeded,7,1,1,30,1,123.0,1
P05718,C01425,459.64,card,Other,bank_declined,7,1,1,120,1,46.0,1
P05719,C01412,1012.23,card,HDFC,insufficient_funds,7,1,0,0,0,,0
P05720,C00959,244.91,netbanking,Axis,limit_exceeded,9,1,0,0,0,,0
P05721,C01476,218.41,card,Axis,bank_declined,2,0,1,120,1,127.0,1
P05722,C02897,753.83,upi,ICICI,bank_declined,6,3,0,0,0,,0
P05723,C00809,1701.85,card,Axis,network_error,3,7,0,0,0,,0
P05724,C00979,179.9,card,ICICI,insufficient_funds,1,0,0,0,0,,0
P05725,C02464,470.7,upi,SBI,timeout,2,1,0,0,0,,0
P05726,C00726,609.3,card,ICICI,insufficient_funds,3,4,0,0,0,,0
P05727,C02502,654.37,upi,HDFC,bank_declined,9,2,0,0,0,,0
P05728,C01217,383.68,wallet,ICICI,network_error,5,2,1,120,1,23.0,1
P05729,C02198,250.14,upi,Other,timeout,4,1,0,0,0,,0
P05730,C01904,111.51,upi,SBI,timeout,7,1,0,0,1,163.0,0
P05731,C02807,1941.07,card,ICICI,insufficient_funds,3,1,1,30,0,,1
P05732,C00779,1453.94,netbanking,SBI,timeout,5,3,1,30,0,,1
P05733,C00973,297.27,netbanking,ICICI,network_error,2,5,0,0,1,234.0,0
P05734,C02811,478.1,upi,Axis,network_error,3,0,0,0,1,36.0,0
P05735,C01539,307.84,card,Axis,limit_exceeded,2,1,0,0,0,,0
P05736,C01417,382.28,upi,HDFC,bank_declined,7,3,0,0,1,152.0,0
P05737,C02124,426.1,card,Axis,network_error,5,1,1,120,1,227.0,1
P05738,C00599,201.2,wallet,Other,network_error,6,2,0,0,0,,0
P05739,C00225,447.78,upi,Axis,bank_declined,4,1,0,0,1,237.0,0
P05740,C01554,510.08,upi,Other,timeout,5,2,0,0,0,,0
P05741,C02161,149.53,card,ICICI,bank_declined,2,0,0,0,0,,0
P05742,C02299,284.56,card,ICICI,network_error,4,4,1,10,1,214.0,1
P05743,C00841,176.1,netbanking,Other,network_error,3,3,0,0,0,,0
P05744,C01815,226.28,upi,HDFC,network_error,4,2,0,0,0,,0
P05745,C00714,399.05,upi,Axis,bank_declined,8,0,1,10,1,49.0,1
P05746,C01107,423.0,card,Other,insufficient_funds,4,2,1,60,0,,1
P05747,C00125,425.26,card,Axis,insufficient_funds,3,2,1,30,1,159.0,1
P05748,C01093,2041.5,card,SBI,insufficient_funds,5,2,1,120,1,170.0,1
P05749,C02932,588.04,wallet,HDFC,timeout,5,2,1,10,1,39.0,1
P05750,C01280,619.69,netbanking,ICICI,timeout,2,1,1,10,1,37.0,1
P05751,C01751,514.67,wallet,Other,network_error,4,2,0,0,0,,0
P05752,C00030,172.81,upi,SBI,limit_exceeded,5,2,1,10,0,,1
P05753,C02329,435.24,netbanking,Other,bank_declined,6,2,1,120,0,,1
P05754,C02972,476.3,card,Other,timeout,7,0,1,60,0,,1
P05755,C02018,795.94,upi,Other,insufficient_funds,7,1,0,0,0,,0
P05756,C02416,218.63,card,Other,insufficient_funds,3,1,1,60,0,,1
P05757,C00495,319.44,netbanking,ICICI,insufficient_funds,8,0,0,0,0,,0
P05758,C01610,222.12,upi,ICICI,network_error,6,1,1,60,1,142.0,1
P05759,C00718,297.77,upi,ICICI,timeout,4,2,0,0,0,,0
P05760,C01017,386.38,netbanking,HDFC,timeout,4,4,0,0,1,50.0,0
P05761,C01338,205.7,netbanking,ICICI,bank_declined,0,1,0,0,0,,0
P05762,C00606,848.26,wallet,Axis,insufficient_funds,4,0,0,0,1,109.0,0
P05763,C00375,238.43,upi,ICICI,insufficient_funds,8,4,1,60,0,,1
P05764,C02687,770.85,upi,Other,limit_exceeded,4,3,1,10,1,45.0,1
P05765,C01961,348.21,upi,Other,insufficient_funds,1,1,0,0,1,203.0,0
P05766,C01049,342.6,upi,Axis,timeout,2,3,0,0,0,,0
P05767,C01358,867.81,upi,SBI,insufficient_funds,4,0,0,0,0,,0
P05768,C00116,745.75,card,Other,insufficient_funds,7,0,1,30,0,,1
P05769,C02096,661.06,netbanking,Other,insufficient_funds,4,1,0,0,1,164.0,0
P05770,C01802,143.32,upi,ICICI,bank_declined,4,2,1,60,1,70.0,1
P05771,C02147,1133.1,upi,ICICI,bank_declined,2,4,1,60,0,,1
P05772,C01483,1345.83,card,Other,insufficient_funds,3,0,0,0,0,,0
P05773,C01547,400.52,card,Axis,limit_exceeded,4,3,1,120,0,,1
P05774,C01621,245.24,card,Other,insufficient_funds,3,3,0,0,0,,0
P05775,C02453,206.19,upi,ICICI,timeout,6,2,0,0,0,,0
P05776,C00685,389.66,card,ICICI,network_error,3,1,1,120,1,156.0,1
P05777,C02951,223.91,netbanking,ICICI,insufficient_funds,1,2,1,30,1,151.0,1
P05778,C02551,411.81,wallet,Axis,insufficient_funds,2,2,1,30,0,,1
P05779,C01472,325.51,upi,Other,network_error,5,3,0,0,1,232.0,0
P05780,C02942,188.58,card,ICICI,bank_declined,5,2,0,0,0,,0
P05781,C01600,299.77,upi,SBI,bank_declined,4,3,1,120,1,79.0,1
P05782,C02306,510.84,netbanking,ICICI,network_error,4,2,1,10,1,47.0,1
P05783,C02892,253.86,card,HDFC,network_error,5,3,1,60,1,118.0,1
P05784,C02169,375.81,upi,SBI,network_error,4,2,0,0,1,110.0,0
P05785,C00810,899.45,wallet,ICICI,insufficient_funds,5,3,1,120,0,,1
P05786,C00978,284.2,upi,HDFC,timeout,1,1,0,0,1,151.0,0
P05787,C02102,251.18,upi,Axis,bank_declined,3,3,1,60,1,175.0,1
P05788,C01355,523.59,wallet,HDFC,insufficient_funds,2,3,1,30,0,,1
P05789,C00784,1085.77,card,Other,insufficient_funds,4,0,1,30,0,,1
P05790,C00241,651.66,netbanking,Other,insufficient_funds,2,4,0,0,1,109.0,0
P05791,C01779,300.89,netbanking,Axis,network_error,1,2,0,0,1,189.0,0
P05792,C01554,300.17,wallet,Axis,bank_declined,6,0,0,0,1,67.0,0
P05793,C00483,342.12,netbanking,Axis,insufficient_funds,3,3,0,0,1,111.0,0
P05794,C01013,382.42,netbanking,HDFC,insufficient_funds,1,2,0,0,0,,0
P05795,C00187,2764.04,upi,HDFC,insufficient_funds,3,1,0,0,0,,0
P05796,C01882,525.65,card,Axis,bank_declined,3,3,1,10,0,,1
P05797,C02704,1722.58,upi,HDFC,timeout,5,2,0,0,1,72.0,0
P05798,C02310,874.54,card,Other,network_error,8,3,1,60,1,18.0,1
P05799,C00953,83.74,upi,ICICI,timeout,2,2,1,30,1,134.0,1
P05800,C01388,344.05,netbanking,SBI,bank_declined,3,0,1,10,1,119.0,1
P05801,C00491,468.32,upi,Axis,insufficient_funds,3,0,0,0,0,,0
P05802,C00431,552.17,upi,Other,timeout,5,2,1,10,1,187.0,1
P05803,C00239,515.18,card,HDFC,timeout,3,2,0,0,0,,0
P05804,C02352,147.23,upi,SBI,network_error,2,1,1,120,0,,1
P05805,C02346,143.32,card,Axis,limit_exceeded,3,0,0,0,1,88.0,0
P05806,C00076,476.6,card,HDFC,network_error,2,3,0,0,0,,0
P05807,C01357,370.1,card,HDFC,network_error,3,0,1,30,1,220.0,1
P05808,C01924,1199.02,netbanking,SBI,network_error,7,0,1,60,1,100.0,1
P05809,C01782,493.57,upi,HDFC,network_error,6,1,1,10,1,17.0,1
P05810,C02690,842.5,upi,SBI,network_error,1,1,0,0,0,,0
P05811,C00827,775.03,wallet,Other,bank_declined,4,3,0,0,0,,0
P05812,C02331,468.64,netbanking,Axis,limit_exceeded,4,2,0,0,0,,0
P05813,C00591,1065.44,upi,HDFC,limit_exceeded,5,4,0,0,0,,0
P05814,C02120,355.39,upi,ICICI,insufficient_funds,6,2,1,30,1,53.0,1
P05815,C02751,474.11,netbanking,SBI,network_error,4,1,0,0,0,,0
P05816,C01903,516.22,card,Other,timeout,2,0,1,10,0,,1
P05817,C01911,272.24,upi,ICICI,insufficient_funds,4,3,0,0,1,190.0,0
P05818,C00575,218.47,card,Axis,insufficient_funds,2,3,1,10,1,94.0,1
P05819,C00892,199.7,card,Other,network_error,2,0,0,0,1,82.0,0
P05820,C02060,236.62,wallet,SBI,insufficient_funds,7,3,0,0,0,,0
P05821,C00141,447.44,upi,Other,timeout,3,1,1,60,1,50.0,1
P05822,C01790,610.18,card,Other,limit_exceeded,1,4,0,0,0,,0
P05823,C00017,203.99,netbanking,Other,timeout,6,4,1,120,0,,1
P05824,C01087,511.46,wallet,Axis,timeout,3,1,1,60,0,,1
P05825,C00253,411.71,card,ICICI,network_error,3,4,1,30,1,190.0,1
P05826,C00465,942.97,card,Other,insufficient_funds,4,0,1,60,1,237.0,1
P05827,C00376,345.92,netbanking,HDFC,insufficient_funds,2,1,0,0,0,,0
P05828,C01828,1494.02,upi,Other,timeout,4,4,1,60,0,,1
P05829,C00520,839.73,netbanking,Other,timeout,6,2,0,0,1,174.0,0
P05830,C01861,390.28,upi,Axis,bank_declined,7,2,0,0,0,,0
P05831,C00090,335.66,upi,Axis,timeout,3,6,1,120,0,,1
P05832,C00720,916.05,card,Axis,insufficient_funds,4,0,1,30,0,,1
P05833,C02852,389.91,upi,Axis,bank_declined,2,1,0,0,0,,0
P05834,C02844,506.05,netbanking,Other,bank_declined,8,2,0,0,1,30.0,0
P05835,C00630,344.54,card,Other,insufficient_funds,3,2,0,0,1,236.0,0
P05836,C01885,333.74,netbanking,SBI,timeout,1,0,1,30,1,25.0,1
P05837,C00076,209.3,card,Axis,timeout,4,5,0,0,0,,0
P05838,C00926,1284.57,upi,SBI,network_error,4,4,0,0,0,,0
P05839,C02448,373.68,card,ICICI,bank_declined,4,1,1,120,0,,1
P05840,C01806,541.43,upi,Axis,network_error,2,2,0,0,1,163.0,0
P05841,C00970,694.9,upi,ICICI,limit_exceeded,5,3,0,0,0,,0
P05842,C01095,1273.83,upi,HDFC,bank_declined,4,1,0,0,0,,0
P05843,C02029,333.2,upi,Other,bank_declined,4,5,0,0,1,88.0,0
P05844,C01405,98.28,upi,Other,network_error,6,4,0,0,1,35.0,0
P05845,C02845,525.12,card,SBI,network_error,2,1,0,0,0,,0
P05846,C00195,698.83,netbanking,Other,bank_declined,5,2,0,0,0,,0
P05847,C00228,337.43,netbanking,ICICI,limit_exceeded,2,2,0,0,0,,0
P05848,C01460,723.27,upi,Other,bank_declined,3,2,1,60,1,52.0,1
P05849,C00461,492.92,upi,Axis,network_error,3,2,1,10,0,,1
P05850,C00618,385.31,upi,HDFC,network_error,7,1,0,0,0,,0
P05851,C00064,1246.81,upi,SBI,bank_declined,4,0,0,0,1,70.0,0
P05852,C02213,393.68,upi,SBI,insufficient_funds,6,3,0,0,0,,0
P05853,C02075,1571.59,card,SBI,timeout,2,3,1,60,0,,1
P05854,C00285,504.27,netbanking,Axis,bank_declined,2,3,0,0,0,,0
P05855,C01684,275.27,card,Other,insufficient_funds,3,1,1,30,0,,1
P05856,C02329,129.8,upi,Axis,limit_exceeded,3,4,1,120,1,155.0,1
P05857,C00838,1134.07,card,ICICI,bank_declined,4,1,0,0,0,,0
P05858,C00831,961.24,netbanking,Other,bank_declined,7,2,0,0,0,,0
P05859,C01188,859.98,upi,Axis,bank_declined,3,1,1,120,0,,1
P05860,C02966,1210.95,card,ICICI,bank_declined,0,6,1,120,0,,1
P05861,C00224,1733.5,netbanking,ICICI,insufficient_funds,2,4,0,0,0,,0
P05862,C00784,110.21,netbanking,Axis,timeout,4,2,1,60,1,239.0,1
P05863,C00950,142.75,upi,Axis,insufficient_funds,5,0,0,0,1,106.0,0
P05864,C00045,404.72,wallet,HDFC,network_error,4,1,0,0,1,187.0,0
P05865,C01811,977.5,card,Axis,timeout,3,2,1,60,1,224.0,1
P05866,C00471,603.1,card,SBI,insufficient_funds,2,2,1,30,0,,1
P05867,C02082,604.02,netbanking,Other,timeout,3,3,1,30,0,,1
P05868,C02701,360.76,netbanking,ICICI,network_error,4,3,1,120,1,150.0,1
P05869,C00830,272.5,card,SBI,insufficient_funds,4,2,0,0,1,191.0,0
P05870,C01910,460.31,netbanking,SBI,network_error,2,1,1,30,0,,1
P05871,C02269,412.34,netbanking,ICICI,bank_declined,2,0,1,10,0,,1
P05872,C01892,359.76,wallet,Other,insufficient_funds,6,1,0,0,1,140.0,0
P05873,C02582,765.35,card,HDFC,network_error,8,2,1,60,0,,1
P05874,C00692,489.33,upi,HDFC,limit_exceeded,5,2,1,30,0,,1
P05875,C01391,671.56,card,SBI,network_error,5,1,1,30,1,161.0,1
P05876,C00932,455.69,upi,SBI,bank_declined,3,3,0,0,0,,0
P05877,C00841,796.67,card,Axis,network_error,5,1,1,120,1,213.0,1
P05878,C01939,227.45,upi,HDFC,timeout,4,1,1,10,1,91.0,1
P05879,C01574,183.1,card,HDFC,insufficient_funds,4,1,0,0,1,134.0,0
P05880,C02630,389.25,card,Other,network_error,3,3,0,0,0,,0
P05881,C02287,841.48,card,Axis,network_error,2,1,0,0,1,16.0,0
P05882,C02489,382.39,upi,ICICI,bank_declined,3,3,0,0,0,,0
P05883,C00148,2046.27,card,ICICI,timeout,7,2,0,0,0,,0
P05884,C01033,241.46,upi,Other,network_error,7,5,1,10,0,,1
P05885,C01312,430.28,upi,ICICI,network_error,3,4,0,0,1,99.0,0
P05886,C00388,136.24,card,HDFC,network_error,2,0,1,60,1,103.0,1
P05887,C01874,1386.46,card,SBI,timeout,6,2,0,0,0,,0
P05888,C00916,452.91,netbanking,Axis,network_error,2,0,0,0,1,207.0,0
P05889,C01879,94.83,upi,ICICI,network_error,5,2,0,0,0,,0
P05890,C02686,395.05,card,ICICI,insufficient_funds,2,4,0,0,0,,0
P05891,C00278,81.36,wallet,ICICI,timeout,1,1,1,120,0,,1
P05892,C01978,1156.95,upi,ICICI,insufficient_funds,1,0,0,0,1,146.0,0
P05893,C01860,260.43,card,SBI,bank_declined,4,2,0,0,1,175.0,0
P05894,C01826,506.94,netbanking,SBI,limit_exceeded,3,1,1,10,0,,1
P05895,C02637,293.43,netbanking,Other,insufficient_funds,6,3,0,0,1,179.0,0
P05896,C01834,428.39,upi,HDFC,limit_exceeded,3,2,1,10,0,,1
P05897,C02697,864.68,netbanking,ICICI,bank_declined,2,2,0,0,0,,0
P05898,C00618,371.02,card,Other,insufficient_funds,2,1,1,120,0,,1
P05899,C01631,727.84,wallet,HDFC,timeout,1,1,0,0,1,125.0,0
P05900,C02183,68.77,card,SBI,bank_declined,5,2,1,10,1,112.0,1
P05901,C00580,202.12,upi,ICICI,network_error,3,3,1,30,0,,1
P05902,C01171,511.1,card,SBI,timeout,2,1,0,0,0,,0
P05903,C00490,297.97,card,ICICI,network_error,4,4,0,0,0,,0
P05904,C02526,1120.68,wallet,SBI,timeout,3,3,1,120,1,26.0,1
P05905,C01183,885.24,card,Other,limit_exceeded,7,2,1,30,1,138.0,1
P05906,C00384,1279.68,netbanking,Other,network_error,5,3,0,0,0,,0
P05907,C00163,527.94,card,SBI,insufficient_funds,4,6,0,0,0,,0
P05908,C02489,292.83,netbanking,SBI,timeout,1,1,1,30,1,36.0,1
P05909,C01877,756.51,card,Axis,bank_declined,4,1,1,10,0,,1
P05910,C01213,235.5,upi,ICICI,network_error,3,4,0,0,0,,0
P05911,C02463,402.12,netbanking,Axis,network_error,1,3,0,0,0,,0
P05912,C01363,655.68,upi,SBI,timeout,6,3,0,0,0,,0
P05913,C01631,300.76,card,Other,network_error,3,1,1,30,1,31.0,1
P05914,C01205,2623.16,card,ICICI,insufficient_funds,3,1,0,0,0,,0
P05915,C00288,816.09,card,Other,timeout,4,2,1,60,0,,1
P05916,C01858,258.92,netbanking,SBI,timeout,2,1,1,10,0,,1
P05917,C00187,963.63,upi,Axis,insufficient_funds,7,1,0,0,1,78.0,0
P05918,C01908,1545.44,upi,ICICI,bank_declined,1,1,1,10,1,142.0,1
P05919,C01162,171.46,card,Axis,limit_exceeded,1,1,1,60,0,,1
P05920,C00130,1206.93,upi,ICICI,insufficient_funds,6,3,0,0,0,,0
P05921,C02242,203.69,upi,Other,insufficient_funds,3,1,1,60,1,113.0,1
P05922,C02364,489.76,card,HDFC,network_error,3,2,1,10,1,32.0,1
P05923,C01888,556.96,upi,ICICI,bank_declined,4,5,0,0,1,176.0,0
P05924,C00144,310.68,card,SBI,network_error,3,1,0,0,1,139.0,0
P05925,C00016,309.98,upi,ICICI,bank_declined,6,3,1,30,0,,1
P05926,C02471,270.65,upi,SBI,bank_declined,3,4,1,30,1,86.0,1
P05927,C00245,337.58,card,HDFC,limit_exceeded,2,1,1,60,1,92.0,1
P05928,C00927,245.7,card,HDFC,bank_declined,3,1,1,60,1,51.0,1
P05929,C02177,1073.99,card,Other,insufficient_funds,2,2,0,0,1,80.0,0
P05930,C00907,176.03,card,Other,timeout,2,2,1,60,0,,1
P05931,C00887,1734.56,upi,HDFC,network_error,0,3,0,0,1,189.0,0
P05932,C00341,448.78,card,ICICI,bank_declined,1,2,0,0,0,,0
P05933,C02052,113.71,upi,ICICI,limit_exceeded,2,2,1,30,1,131.0,1
P05934,C01434,846.38,upi,Other,insufficient_funds,5,4,0,0,1,15.0,0
P05935,C00306,375.47,netbanking,ICICI,bank_declined,3,1,1,10,0,,1
P05936,C00908,213.8,card,ICICI,insufficient_funds,4,4,0,0,0,,0
P05937,C02655,388.03,card,ICICI,insufficient_funds,5,2,0,0,1,196.0,0
P05938,C01372,286.59,card,ICICI,bank_declined,4,4,1,10,0,,1
P05939,C00321,1213.43,upi,SBI,limit_exceeded,3,2,1,120,0,,1
P05940,C00559,285.3,upi,Other,timeout,7,1,0,0,0,,0
P05941,C01205,194.98,upi,HDFC,insufficient_funds,0,3,1,120,1,141.0,1
P05942,C02666,300.0,card,HDFC,bank_declined,3,1,0,0,0,,0
P05943,C02759,245.98,card,SBI,timeout,1,1,1,10,1,223.0,1
P05944,C01410,1047.39,upi,Other,insufficient_funds,4,1,0,0,1,165.0,0
P05945,C01642,567.26,card,SBI,insufficient_funds,7,1,0,0,0,,0
P05946,C01132,176.51,netbanking,Other,insufficient_funds,3,3,1,60,1,103.0,1
P05947,C02579,235.28,card,SBI,network_error,5,3,1,30,0,,1
P05948,C02458,360.8,netbanking,ICICI,insufficient_funds,5,3,0,0,1,145.0,0
P05949,C00818,135.66,card,SBI,network_error,4,0,1,120,1,175.0,1
P05950,C01195,226.92,netbanking,SBI,timeout,7,3,0,0,1,85.0,0
P05951,C02541,618.28,upi,Axis,timeout,5,2,1,10,1,95.0,1
P05952,C00012,1754.96,card,Other,network_error,4,2,0,0,0,,0
P05953,C00195,136.13,upi,ICICI,insufficient_funds,5,3,1,120,1,77.0,1
P05954,C02538,3323.05,upi,SBI,timeout,3,0,0,0,1,237.0,0
P05955,C02843,640.62,card,ICICI,limit_exceeded,6,6,0,0,0,,0
P05956,C02929,222.72,netbanking,Other,insufficient_funds,4,4,1,10,0,,1
P05957,C02230,1435.24,upi,HDFC,limit_exceeded,3,2,0,0,1,24.0,0
P05958,C00656,660.42,netbanking,Axis,limit_exceeded,3,4,1,30,0,,1
P05959,C01922,890.83,upi,Axis,limit_exceeded,1,2,0,0,1,76.0,0
P05960,C02742,878.09,upi,Other,bank_declined,4,3,1,120,1,9.0,1
P05961,C02078,1046.0,upi,Axis,limit_exceeded,6,3,0,0,0,,0
P05962,C01620,205.27,upi,HDFC,insufficient_funds,1,0,0,0,0,,0
P05963,C01120,866.91,netbanking,ICICI,insufficient_funds,4,2,0,0,1,227.0,0
P05964,C00778,511.52,netbanking,SBI,insufficient_funds,3,0,1,120,1,239.0,1
P05965,C00444,739.98,netbanking,Other,bank_declined,5,3,0,0,1,147.0,0
P05966,C00298,307.12,card,Other,insufficient_funds,4,4,1,10,0,,1
P05967,C00808,313.31,netbanking,Axis,bank_declined,5,1,1,60,0,,1
P05968,C01761,328.47,card,SBI,network_error,5,2,0,0,1,66.0,0
P05969,C00845,822.09,card,Axis,insufficient_funds,0,3,1,30,0,,1
P05970,C01016,464.56,card,Axis,timeout,6,3,1,10,1,237.0,1
P05971,C01385,337.84,card,ICICI,bank_declined,1,2,1,30,1,226.0,1
P05972,C01398,389.15,netbanking,ICICI,insufficient_funds,3,0,0,0,1,177.0,0
P05973,C00554,1182.66,netbanking,Axis,bank_declined,2,2,0,0,0,,0
P05974,C02351,696.36,card,HDFC,insufficient_funds,6,0,1,10,1,204.0,1
P05975,C00421,679.16,card,Other,timeout,4,2,0,0,0,,0
P05976,C01270,593.75,card,HDFC,bank_declined,3,1,0,0,0,,0
P05977,C01261,1043.42,upi,Other,insufficient_funds,3,2,1,10,0,,1
P05978,C00185,235.0,upi,SBI,bank_declined,3,3,0,0,0,,0
P05979,C00468,916.17,upi,SBI,bank_declined,1,4,0,0,0,,0
P05980,C02802,519.82,wallet,HDFC,bank_declined,8,1,0,0,1,141.0,0
P05981,C02411,256.45,upi,Axis,bank_declined,3,3,1,60,1,96.0,1
P05982,C01307,486.16,upi,Axis,timeout,6,3,1,10,1,82.0,1
P05983,C01577,406.57,wallet,SBI,network_error,6,2,1,120,1,227.0,1
P05984,C00336,625.73,upi,Axis,insufficient_funds,3,1,1,10,0,,1
P05985,C02210,925.58,card,ICICI,limit_exceeded,5,3,1,120,1,202.0,1
P05986,C01498,223.46,upi,SBI,bank_declined,6,2,1,60,0,,1
P05987,C02060,1639.71,netbanking,Other,network_error,4,3,1,10,0,,1
P05988,C01448,151.94,netbanking,Other,network_error,5,2,1,60,1,179.0,1
P05989,C00588,293.44,netbanking,Axis,insufficient_funds,3,1,1,30,1,132.0,1
P05990,C01882,1958.02,netbanking,Other,bank_declined,2,0,0,0,1,7.0,0
P05991,C00201,174.26,wallet,Other,bank_declined,3,2,0,0,0,,0
P05992,C00522,325.63,netbanking,HDFC,bank_declined,4,3,0,0,0,,0
P05993,C01888,285.79,netbanking,HDFC,bank_declined,10,3,0,0,1,8.0,0
P05994,C02553,90.58,upi,Other,network_error,1,2,1,30,1,138.0,1
P05995,C01712,456.18,upi,SBI,timeout,3,4,0,0,0,,0
P05996,C00788,672.34,wallet,Other,timeout,2,0,1,30,1,15.0,1
P05997,C00060,670.91,netbanking,ICICI,insufficient_funds,2,2,1,30,1,112.0,1
P05998,C00578,324.91,netbanking,SBI,timeout,2,4,0,0,1,13.0,0
P05999,C00321,122.96,upi,ICICI,limit_exceeded,1,1,0,0,0,,0
P06000,C01459,301.26,upi,ICICI,network_error,3,1,0,0,0,,0
P06001,C02038,260.72,upi,Axis,network_error,4,2,0,0,0,,0
P06002,C00923,585.77,card,HDFC,limit_exceeded,3,2,1,30,1,103.0,1
P06003,C01410,328.64,upi,Axis,limit_exceeded,4,2,0,0,0,,0
P06004,C01695,646.97,card,ICICI,network_error,5,1,0,0,0,,0
P06005,C00569,126.15,netbanking,Axis,timeout,3,2,0,0,0,,0
P06006,C01102,753.92,netbanking,Axis,insufficient_funds,2,2,0,0,0,,0
P06007,C00527,691.85,card,SBI,bank_declined,8,1,0,0,0,,0
P06008,C02572,223.36,card,Axis,timeout,4,3,0,0,0,,0
P06009,C02661,291.24,netbanking,SBI,bank_declined,5,2,1,30,0,,1
P06010,C02173,383.86,upi,Axis,bank_declined,6,2,0,0,1,19.0,0
P06011,C00871,1025.61,upi,Axis,insufficient_funds,1,1,0,0,0,,0
P06012,C00280,391.61,upi,ICICI,limit_exceeded,3,2,1,10,0,,1
P06013,C02965,608.64,card,ICICI,limit_exceeded,2,1,1,120,0,,1
P06014,C02670,480.5,card,Other,bank_declined,4,2,0,0,0,,0
P06015,C02894,910.94,wallet,Other,insufficient_funds,1,0,0,0,0,,0
P06016,C01893,541.75,netbanking,SBI,network_error,4,2,1,120,0,,1
P06017,C01752,202.0,card,ICICI,insufficient_funds,5,3,1,30,1,121.0,1
P06018,C00674,401.87,card,Other,insufficient_funds,5,0,0,0,1,67.0,0
P06019,C01152,974.16,upi,Axis,limit_exceeded,4,2,0,0,1,196.0,0
P06020,C02362,606.73,card,ICICI,insufficient_funds,1,2,0,0,0,,0
P06021,C00332,205.4,card,Axis,bank_declined,8,1,1,120,0,,1
P06022,C01174,1678.85,card,Axis,network_error,3,1,1,60,1,60.0,1
P06023,C02040,316.66,card,SBI,insufficient_funds,5,3,0,0,0,,0
P06024,C01478,928.14,upi,ICICI,insufficient_funds,5,0,0,0,1,193.0,0
P06025,C00036,1306.02,wallet,Axis,network_error,3,3,0,0,1,213.0,0
P06026,C01709,1020.6,upi,SBI,insufficient_funds,2,3,1,120,0,,1
P06027,C01444,262.71,card,HDFC,bank_declined,5,1,1,30,0,,1
P06028,C02254,1047.63,card,HDFC,bank_declined,5,0,0,0,1,63.0,0
P06029,C02687,578.09,wallet,Axis,bank_declined,3,4,0,0,0,,0
P06030,C02896,194.21,upi,Axis,timeout,4,1,1,120,1,170.0,1
P06031,C01380,462.19,upi,HDFC,limit_exceeded,5,0,1,30,1,117.0,1
P06032,C00440,243.97,netbanking,Other,timeout,2,2,0,0,0,,0
P06033,C02777,646.17,upi,SBI,limit_exceeded,2,3,0,0,1,227.0,0
P06034,C01120,853.66,upi,Axis,bank_declined,2,2,0,0,0,,0
P06035,C02989,1081.11,wallet,HDFC,bank_declined,4,1,1,120,0,,1
P06036,C00164,466.12,upi,HDFC,insufficient_funds,3,3,0,0,1,117.0,0
P06037,C00148,258.71,upi,HDFC,limit_exceeded,4,5,1,30,0,,1
P06038,C02342,211.79,upi,HDFC,bank_declined,2,4,1,120,1,43.0,1
P06039,C00195,790.3,wallet,HDFC,timeout,3,3,0,0,0,,0
P06040,C00663,972.16,wallet,HDFC,network_error,5,0,0,0,1,137.0,0
P06041,C00480,721.48,netbanking,Axis,insufficient_funds,5,3,0,0,0,,0
P06042,C00123,270.44,upi,SBI,limit_exceeded,3,2,1,120,1,177.0,1
P06043,C01424,314.35,netbanking,HDFC,bank_declined,6,0,1,10,1,76.0,1
P06044,C02747,329.59,upi,HDFC,insufficient_funds,5,5,0,0,0,,0
P06045,C00965,171.9,upi,HDFC,limit_exceeded,2,1,1,10,0,,1
P06046,C02709,700.21,card,HDFC,timeout,3,5,0,0,1,22.0,0
P06047,C01779,445.35,upi,HDFC,network_error,3,1,1,30,0,,1
P06048,C01486,1340.47,card,ICICI,limit_exceeded,2,4,1,30,0,,1
P06049,C02015,249.16,netbanking,ICICI,timeout,4,1,0,0,1,229.0,0
P06050,C00710,444.37,upi,HDFC,insufficient_funds,7,2,1,10,1,24.0,1
P06051,C02444,205.74,upi,HDFC,limit_exceeded,5,1,1,120,1,67.0,1
P06052,C00912,377.02,netbanking,Other,network_error,4,2,0,0,1,40.0,0
P06053,C01361,855.9,upi,Other,bank_declined,3,3,0,0,1,88.0,0
P06054,C02365,512.32,netbanking,SBI,timeout,1,0,0,0,0,,0
P06055,C01735,250.4,netbanking,ICICI,insufficient_funds,5,2,0,0,0,,0
P06056,C01824,172.51,card,Axis,network_error,4,2,1,120,1,130.0,1
P06057,C01580,389.69,upi,SBI,insufficient_funds,4,0,1,60,0,,1
P06058,C00681,569.03,wallet,SBI,insufficient_funds,7,1,1,10,0,,1
P06059,C01334,874.89,netbanking,HDFC,bank_declined,1,1,0,0,0,,0
P06060,C02543,292.17,wallet,HDFC,bank_declined,3,1,0,0,1,71.0,0
P06061,C00556,287.01,netbanking,Axis,network_error,3,2,0,0,0,,0
P06062,C00610,2178.41,card,Other,network_error,4,3,0,0,0,,0
P06063,C02157,484.51,card,HDFC,network_error,3,1,0,0,0,,0
P06064,C00372,960.6,card,ICICI,insufficient_funds,5,2,0,0,0,,0
P06065,C02903,203.17,card,Axis,limit_exceeded,2,1,0,0,1,42.0,0
P06066,C00616,617.25,card,Axis,limit_exceeded,7,3,1,60,0,,1
P06067,C02816,826.16,wallet,HDFC,insufficient_funds,2,1,1,30,0,,1
P06068,C01915,513.09,upi,Axis,bank_declined,2,2,1,10,1,113.0,1
P06069,C02254,145.71,card,Other,bank_declined,4,1,0,0,1,172.0,0
P06070,C00847,260.99,netbanking,HDFC,limit_exceeded,3,0,1,30,0,,1
P06071,C00043,637.27,card,Other,limit_exceeded,2,2,1,30,1,28.0,1
P06072,C00865,160.98,card,Other,insufficient_funds,2,2,1,10,1,53.0,1
P06073,C01269,2901.72,card,ICICI,limit_exceeded,5,2,1,30,0,,1
P06074,C01379,1094.24,upi,HDFC,insufficient_funds,6,2,0,0,0,,0
P06075,C00785,171.58,netbanking,ICICI,network_error,4,2,1,60,1,208.0,1
P06076,C00476,592.15,card,ICICI,bank_declined,6,4,1,30,1,205.0,1
P06077,C00083,519.62,upi,Axis,bank_declined,4,3,0,0,0,,0
P06078,C01134,1056.02,card,SBI,network_error,5,2,0,0,1,41.0,0
P06079,C02238,85.81,card,HDFC,network_error,4,2,0,0,0,,0
P06080,C00800,554.92,card,Other,insufficient_funds,5,3,1,10,0,,1
P06081,C00936,212.41,card,Axis,limit_exceeded,4,2,1,10,0,,1
P06082,C02299,669.93,upi,ICICI,insufficient_funds,6,1,1,60,1,39.0,1
P06083,C02339,230.13,upi,ICICI,bank_declined,5,2,0,0,0,,0
P06084,C01669,1284.85,card,HDFC,timeout,3,1,0,0,1,56.0,0
P06085,C00326,611.8,card,Axis,limit_exceeded,2,2,1,10,0,,1
P06086,C01535,139.55,wallet,Other,timeout,2,1,0,0,0,,0
P06087,C01986,82.58,card,ICICI,bank_declined,5,3,0,0,0,,0
P06088,C01965,698.41,netbanking,Axis,network_error,4,0,1,120,0,,1
P06089,C00837,302.96,netbanking,Other,timeout,4,1,1,30,1,237.0,1
P06090,C00508,736.26,card,Axis,network_error,2,4,1,30,1,157.0,1
P06091,C02779,310.49,card,ICICI,network_error,1,2,1,30,1,215.0,1
P06092,C02120,1144.2,card,ICICI,network_error,2,0,0,0,0,,0
P06093,C01271,998.71,upi,Other,insufficient_funds,1,3,0,0,0,,0
P06094,C00641,666.73,upi,Axis,bank_declined,5,1,0,0,1,115.0,0
P06095,C02988,262.57,upi,ICICI,timeout,7,4,1,10,1,174.0,1
P06096,C01879,326.93,netbanking,Axis,insufficient_funds,3,3,0,0,1,122.0,0
P06097,C00608,411.04,upi,HDFC,bank_declined,3,1,1,30,1,69.0,1
P06098,C01959,236.32,wallet,Other,network_error,3,1,1,30,0,,1
P06099,C00566,782.89,upi,SBI,network_error,3,0,1,30,1,197.0,1
P06100,C01368,392.27,card,Other,bank_declined,2,2,0,0,0,,0
P06101,C02102,433.86,upi,ICICI,network_error,3,3,1,30,1,66.0,1
P06102,C01754,342.35,netbanking,Axis,network_error,6,4,1,30,1,20.0,1
P06103,C02576,486.57,card,Other,timeout,1,1,1,120,1,210.0,1
P06104,C02659,557.15,netbanking,SBI,network_error,2,2,1,60,1,150.0,1
P06105,C01582,335.79,card,HDFC,bank_declined,2,0,0,0,1,35.0,0
P06106,C01987,417.54,wallet,ICICI,network_error,2,1,0,0,1,86.0,0
P06107,C02241,355.68,upi,Axis,insufficient_funds,7,2,0,0,1,123.0,0
P06108,C02106,356.31,card,HDFC,network_error,6,1,1,30,1,35.0,1
P06109,C00129,499.9,netbanking,ICICI,limit_exceeded,5,1,1,30,1,17.0,1
P06110,C01873,82.23,card,Other,network_error,1,3,0,0,1,102.0,0
P06111,C00706,1315.28,upi,Other,bank_declined,5,2,0,0,0,,0
P06112,C00852,840.55,netbanking,SBI,bank_declined,7,3,0,0,0,,0
P06113,C00008,551.33,wallet,HDFC,limit_exceeded,3,0,1,120,0,,1
P06114,C02077,885.48,card,Other,timeout,2,3,0,0,1,116.0,0
P06115,C01136,190.62,netbanking,SBI,timeout,3,1,0,0,0,,0
P06116,C02995,145.1,card,Axis,network_error,3,1,0,0,1,147.0,0
P06117,C02179,131.31,card,Axis,bank_declined,4,0,1,60,1,194.0,1
P06118,C02236,667.1,card,HDFC,insufficient_funds,3,3,1,120,0,,1
P06119,C01699,543.95,upi,Axis,limit_exceeded,5,2,0,0,1,137.0,0
P06120,C02757,633.8,card,Other,insufficient_funds,6,3,0,0,0,,0
P06121,C01499,948.63,card,Axis,bank_declined,4,2,0,0,0,,0
P06122,C02260,93.52,wallet,Other,timeout,3,2,1,120,0,,1
P06123,C01645,212.53,card,SBI,bank_declined,4,2,1,30,1,200.0,1
P06124,C00276,311.93,upi,Other,network_error,4,4,0,0,0,,0
P06125,C01703,785.18,upi,Other,timeout,3,3,1,10,0,,1
P06126,C01796,546.85,card,HDFC,network_error,2,0,0,0,0,,0
P06127,C00243,3113.51,upi,Axis,bank_declined,6,2,1,60,1,159.0,1
P06128,C02733,229.25,upi,Other,insufficient_funds,3,0,1,120,0,,1
P06129,C00171,710.25,upi,HDFC,bank_declined,4,1,0,0,1,213.0,0
P06130,C00653,958.31,netbanking,HDFC,bank_declined,2,0,0,0,1,68.0,0
P06131,C01933,1373.75,upi,HDFC,limit_exceeded,6,0,0,0,0,,0
P06132,C02236,426.85,netbanking,ICICI,bank_declined,2,2,1,60,0,,1
P06133,C01110,198.03,upi,HDFC,network_error,3,3,0,0,0,,0
P06134,C01500,779.96,upi,HDFC,timeout,4,1,1,120,1,91.0,1
P06135,C02100,604.41,card,Other,bank_declined,4,2,1,30,0,,1
P06136,C02159,737.22,upi,HDFC,bank_declined,2,1,1,60,1,32.0,1
P06137,C01973,1268.23,upi,HDFC,limit_exceeded,4,2,0,0,1,210.0,0
P06138,C02925,417.25,netbanking,ICICI,limit_exceeded,5,5,1,30,1,215.0,1
P06139,C01067,238.17,netbanking,ICICI,limit_exceeded,4,3,0,0,0,,0
P06140,C02259,732.64,upi,HDFC,bank_declined,3,3,1,60,1,9.0,1
P06141,C02036,611.34,upi,HDFC,bank_declined,6,2,1,10,1,18.0,1
P06142,C00858,394.59,netbanking,Other,limit_exceeded,5,5,0,0,1,8.0,0
P06143,C02675,242.78,upi,Other,insufficient_funds,4,0,0,0,1,28.0,0
P06144,C01050,626.05,card,ICICI,network_error,2,1,0,0,0,,0
P06145,C00299,897.43,netbanking,Other,bank_declined,2,0,1,120,0,,1
P06146,C00924,161.76,wallet,Axis,timeout,3,4,1,120,0,,1
P06147,C00137,508.12,upi,SBI,timeout,2,1,0,0,1,169.0,0
P06148,C01044,744.7,wallet,ICICI,bank_declined,4,1,0,0,1,197.0,0
P06149,C02488,1737.48,card,ICICI,insufficient_funds,4,1,0,0,0,,0
P06150,C00211,516.34,card,Other,timeout,6,1,0,0,0,,0
P06151,C02800,1463.21,upi,SBI,insufficient_funds,4,1,1,120,1,179.0,1
P06152,C01575,886.15,netbanking,SBI,insufficient_funds,9,0,0,0,1,83.0,0
P06153,C02483,898.89,upi,HDFC,limit_exceeded,3,4,1,30,0,,1
P06154,C00780,280.35,card,ICICI,timeout,8,3,1,10,1,166.0,1
P06155,C01231,2790.44,card,HDFC,network_error,4,2,0,0,0,,0
P06156,C02487,514.79,netbanking,Other,network_error,4,1,0,0,1,104.0,0
P06157,C01803,568.2,netbanking,SBI,limit_exceeded,4,0,1,30,0,,1
P06158,C02714,499.59,card,HDFC,insufficient_funds,2,6,0,0,1,182.0,0
P06159,C01066,1173.79,upi,SBI,insufficient_funds,3,0,1,10,1,228.0,1
P06160,C00411,1941.14,wallet,HDFC,timeout,1,2,0,0,1,40.0,0
P06161,C02854,781.91,upi,HDFC,bank_declined,5,5,0,0,0,,0
P06162,C02658,376.67,card,SBI,insufficient_funds,5,3,1,10,1,143.0,1
P06163,C00427,1617.87,wallet,Other,bank_declined,4,2,1,60,1,57.0,1
P06164,C01472,203.74,upi,Axis,timeout,1,0,1,10,1,123.0,1
P06165,C02950,302.78,card,Axis,insufficient_funds,3,0,0,0,1,210.0,0
P06166,C00942,186.51,card,ICICI,bank_declined,8,1,1,30,0,,1
P06167,C01908,381.12,upi,Axis,network_error,5,2,0,0,1,64.0,0
P06168,C00742,995.13,netbanking,SBI,insufficient_funds,3,2,1,10,0,,1
P06169,C01393,421.51,netbanking,ICICI,bank_declined,5,3,0,0,0,,0
P06170,C01244,513.48,upi,Axis,limit_exceeded,5,4,1,60,0,,1
P06171,C01601,635.9,netbanking,Axis,timeout,5,1,0,0,0,,0
P06172,C01256,419.9,upi,HDFC,network_error,6,0,0,0,0,,0
P06173,C00328,225.5,netbanking,HDFC,insufficient_funds,3,2,1,120,0,,1
P06174,C01467,154.81,card,Axis,insufficient_funds,4,3,0,0,1,178.0,0
P06175,C02100,1229.69,card,ICICI,insufficient_funds,1,4,0,0,1,219.0,0
P06176,C01967,315.9,netbanking,SBI,timeout,5,1,1,10,1,60.0,1
P06177,C00376,304.96,card,Axis,timeout,4,1,1,30,0,,1
P06178,C00263,173.12,card,SBI,timeout,4,4,0,0,0,,0
P06179,C00267,447.57,card,ICICI,bank_declined,8,1,1,10,1,238.0,1
P06180,C02407,720.4,upi,Other,insufficient_funds,3,0,0,0,1,22.0,0
P06181,C01945,381.84,card,ICICI,timeout,4,5,1,30,0,,1
P06182,C01894,629.96,upi,Other,limit_exceeded,4,0,1,10,1,66.0,1
P06183,C01902,123.55,wallet,HDFC,bank_declined,2,2,0,0,1,84.0,0
P06184,C02700,555.22,netbanking,SBI,timeout,7,0,0,0,1,170.0,0
P06185,C01653,370.06,card,HDFC,timeout,3,3,0,0,1,142.0,0
P06186,C01445,179.82,card,SBI,limit_exceeded,3,3,0,0,0,,0
P06187,C00046,158.72,card,ICICI,insufficient_funds,1,2,1,60,0,,1
P06188,C00600,269.99,card,Axis,limit_exceeded,2,0,0,0,0,,0
P06189,C00720,210.58,card,Axis,limit_exceeded,3,0,0,0,0,,0
P06190,C01913,628.33,wallet,Other,limit_exceeded,1,1,1,60,1,33.0,1
P06191,C01293,668.22,card,Axis,limit_exceeded,5,2,1,10,1,81.0,1
P06192,C00601,555.73,upi,SBI,network_error,5,4,1,120,1,125.0,1
P06193,C00381,641.25,upi,Axis,insufficient_funds,5,3,0,0,0,,0
P06194,C00118,164.13,netbanking,HDFC,timeout,5,0,0,0,1,177.0,0
P06195,C02164,703.17,netbanking,Axis,insufficient_funds,4,0,1,30,0,,1
P06196,C00260,785.81,wallet,HDFC,timeout,8,4,1,30,0,,1
P06197,C01099,596.89,card,Other,bank_declined,3,0,1,10,1,22.0,1
P06198,C01504,460.04,card,Other,insufficient_funds,6,1,1,120,0,,1
P06199,C02353,293.02,card,ICICI,bank_declined,4,1,1,120,0,,1
P06200,C02055,624.57,upi,ICICI,timeout,7,1,0,0,1,188.0,0
P06201,C00366,377.05,netbanking,ICICI,insufficient_funds,5,3,0,0,0,,0
P06202,C01658,940.08,card,HDFC,insufficient_funds,4,4,0,0,1,128.0,0
P06203,C02571,598.33,netbanking,ICICI,bank_declined,4,1,1,10,1,170.0,1
P06204,C01462,438.02,card,Other,insufficient_funds,5,5,0,0,1,45.0,0
P06205,C02025,387.65,netbanking,Axis,limit_exceeded,2,2,1,120,1,156.0,1
P06206,C02477,440.97,netbanking,HDFC,timeout,3,3,1,10,0,,1
P06207,C00791,442.46,netbanking,ICICI,network_error,4,1,1,60,1,160.0,1
P06208,C00747,466.62,upi,ICICI,insufficient_funds,5,4,1,60,1,115.0,1
P06209,C02415,199.47,card,Other,network_error,7,1,0,0,1,162.0,0
P06210,C00313,582.31,netbanking,Axis,network_error,3,3,0,0,0,,0
P06211,C00538,555.15,card,SBI,network_error,3,6,1,60,0,,1
P06212,C00921,215.98,card,Axis,limit_exceeded,0,5,0,0,0,,0
P06213,C01078,578.92,netbanking,ICICI,timeout,3,1,0,0,0,,0
P06214,C01491,488.77,upi,ICICI,bank_declined,4,1,0,0,0,,0
P06215,C02913,275.58,upi,Axis,network_error,2,1,1,30,0,,1
P06216,C02830,753.27,wallet,Axis,bank_declined,6,2,0,0,1,10.0,0
P06217,C02382,1258.11,card,Other,limit_exceeded,4,2,0,0,0,,0
P06218,C00798,329.99,upi,SBI,network_error,3,6,1,10,0,,1
P06219,C00348,530.3,upi,HDFC,network_error,3,1,0,0,0,,0
P06220,C00273,1181.08,netbanking,HDFC,network_error,5,1,1,30,1,78.0,1
P06221,C00720,106.19,card,SBI,bank_declined,6,0,0,0,1,225.0,0
P06222,C01774,1853.82,upi,Other,insufficient_funds,5,2,0,0,1,206.0,0
P06223,C02548,521.26,upi,Axis,bank_declined,8,2,1,10,1,110.0,1
P06224,C00685,837.39,card,ICICI,bank_declined,6,5,1,30,0,,1
P06225,C02127,149.69,upi,SBI,insufficient_funds,9,2,1,60,0,,1
P06226,C00622,189.52,upi,Other,timeout,4,0,1,30,1,133.0,1
P06227,C02040,250.77,card,SBI,insufficient_funds,7,3,0,0,0,,0
P06228,C00947,235.18,netbanking,ICICI,limit_exceeded,5,1,1,30,1,105.0,1
P06229,C02406,96.41,upi,HDFC,insufficient_funds,2,2,0,0,0,,0
P06230,C02666,214.06,card,Axis,insufficient_funds,6,1,0,0,1,226.0,0
P06231,C00507,275.42,card,Other,limit_exceeded,6,1,1,10,1,67.0,1
P06232,C01583,180.64,card,HDFC,limit_exceeded,3,2,0,0,0,,0
P06233,C02624,1396.65,wallet,ICICI,insufficient_funds,2,0,1,60,0,,1
P06234,C00244,769.87,wallet,SBI,insufficient_funds,4,1,1,10,1,204.0,1
P06235,C00506,294.43,netbanking,Other,insufficient_funds,4,1,1,60,0,,1
P06236,C00422,739.68,upi,Other,network_error,1,1,0,0,0,,0
P06237,C02265,623.26,netbanking,HDFC,bank_declined,3,0,0,0,0,,0
P06238,C01873,147.52,netbanking,HDFC,bank_declined,4,1,0,0,0,,0
P06239,C01193,665.7,card,ICICI,timeout,5,0,0,0,0,,0
P06240,C00330,367.97,upi,HDFC,limit_exceeded,4,3,0,0,1,108.0,0
P06241,C00650,799.03,wallet,Other,limit_exceeded,2,3,1,30,1,24.0,1
P06242,C01465,231.02,card,Axis,network_error,2,2,1,10,1,43.0,1
P06243,C00391,721.04,upi,ICICI,insufficient_funds,4,2,1,30,1,217.0,1
P06244,C01520,1028.62,upi,ICICI,network_error,2,1,1,30,1,219.0,1
P06245,C00381,651.26,upi,Axis,limit_exceeded,6,3,0,0,0,,0
P06246,C00742,140.56,upi,ICICI,insufficient_funds,1,6,0,0,0,,0
P06247,C02011,2754.78,upi,ICICI,limit_exceeded,2,5,1,120,0,,1
P06248,C00820,747.32,upi,HDFC,insufficient_funds,2,3,1,60,0,,1
P06249,C00673,416.79,card,ICICI,bank_declined,2,1,0,0,1,206.0,0
P06250,C02561,762.31,netbanking,Other,bank_declined,3,1,1,30,0,,1
P06251,C01772,2161.48,upi,HDFC,limit_exceeded,4,0,0,0,1,84.0,0
P06252,C02997,183.2,wallet,SBI,insufficient_funds,7,4,0,0,0,,0
P06253,C01212,1059.03,card,Other,insufficient_funds,5,3,1,30,0,,1
P06254,C00930,438.57,card,SBI,timeout,3,4,1,10,0,,1
P06255,C01540,394.6,card,HDFC,limit_exceeded,5,3,0,0,1,170.0,0
P06256,C00913,411.46,upi,Other,insufficient_funds,7,4,1,30,1,41.0,1
P06257,C00644,113.97,card,HDFC,network_error,6,1,1,120,1,175.0,1
P06258,C00427,689.77,upi,SBI,limit_exceeded,5,2,0,0,0,,0
P06259,C00502,90.08,upi,Axis,limit_exceeded,6,1,1,60,1,178.0,1
P06260,C00730,341.77,card,ICICI,limit_exceeded,0,1,1,60,0,,1
P06261,C01284,346.57,netbanking,Axis,limit_exceeded,2,2,0,0,0,,0
P06262,C02119,377.03,wallet,Axis,bank_declined,4,2,1,120,1,82.0,1
P06263,C02526,108.84,card,HDFC,insufficient_funds,2,2,0,0,0,,0
P06264,C00457,918.98,netbanking,HDFC,limit_exceeded,3,2,1,120,0,,1
P06265,C02237,135.85,upi,ICICI,timeout,4,7,1,120,0,,1
P06266,C00291,257.66,upi,Axis,bank_declined,3,3,1,120,1,170.0,1
P06267,C00920,336.44,netbanking,Other,timeout,4,2,1,120,1,92.0,1
P06268,C02340,395.41,card,HDFC,bank_declined,3,5,0,0,0,,0
P06269,C01970,643.37,netbanking,Axis,network_error,3,1,1,30,1,31.0,1
P06270,C00756,499.57,card,SBI,insufficient_funds,3,2,0,0,0,,0
P06271,C01659,1904.06,wallet,HDFC,network_error,3,0,1,30,0,,1
P06272,C01835,628.66,card,ICICI,limit_exceeded,2,1,1,30,0,,1
P06273,C01307,597.54,card,Axis,timeout,5,4,0,0,0,,0
P06274,C01568,329.3,card,HDFC,network_error,2,4,0,0,0,,0
P06275,C01870,609.27,netbanking,ICICI,insufficient_funds,8,2,1,60,1,15.0,1
P06276,C00377,350.04,upi,ICICI,insufficient_funds,5,1,0,0,0,,0
P06277,C01180,352.31,wallet,SBI,timeout,8,2,0,0,1,188.0,0
P06278,C00508,4534.71,upi,ICICI,network_error,5,2,1,120,0,,1
P06279,C01437,1450.89,card,HDFC,insufficient_funds,3,1,0,0,0,,0
P06280,C02576,268.24,netbanking,HDFC,limit_exceeded,2,2,1,60,0,,1
P06281,C00559,776.13,card,Other,network_error,4,1,0,0,1,45.0,0
P06282,C02308,595.36,card,Axis,network_error,3,1,0,0,0,,0
P06283,C00421,309.85,card,Axis,bank_declined,4,1,1,10,0,,1
P06284,C01553,2119.59,card,SBI,limit_exceeded,4,2,1,30,0,,1
P06285,C00304,428.21,card,Axis,limit_exceeded,3,4,1,60,1,129.0,1
P06286,C00942,1299.24,card,ICICI,timeout,3,2,0,0,1,167.0,0
P06287,C02590,310.74,upi,HDFC,insufficient_funds,1,0,1,120,1,199.0,1
P06288,C01302,1064.11,upi,ICICI,insufficient_funds,3,2,1,120,0,,1
P06289,C01090,1255.25,card,Axis,bank_declined,2,1,1,30,0,,1
P06290,C02156,249.91,upi,Other,insufficient_funds,3,2,1,30,0,,1
P06291,C02316,391.55,card,Axis,bank_declined,5,1,1,10,1,229.0,1
P06292,C02270,463.8,wallet,SBI,insufficient_funds,2,1,1,30,1,152.0,1
P06293,C01828,1546.95,card,HDFC,bank_declined,6,2,1,30,0,,1
P06294,C01554,1461.41,wallet,ICICI,limit_exceeded,9,1,1,60,0,,1
P06295,C00693,373.52,upi,Axis,timeout,2,3,0,0,0,,0
P06296,C00255,376.67,netbanking,HDFC,insufficient_funds,6,1,0,0,0,,0
P06297,C01479,585.0,card,ICICI,network_error,1,1,0,0,0,,0
P06298,C02301,164.02,card,Axis,insufficient_funds,3,3,0,0,1,225.0,0
P06299,C00257,1200.51,wallet,Axis,limit_exceeded,6,1,1,30,0,,1
P06300,C02431,269.31,upi,Axis,network_error,7,3,0,0,1,221.0,0
P06301,C00442,527.49,upi,SBI,network_error,5,2,1,30,1,13.0,1
P06302,C01882,1314.2,wallet,SBI,insufficient_funds,4,2,0,0,0,,0
P06303,C02647,672.96,card,ICICI,bank_declined,5,2,0,0,1,59.0,0
P06304,C01114,373.02,card,ICICI,network_error,0,4,0,0,1,141.0,0
P06305,C02438,240.83,upi,HDFC,network_error,3,1,1,60,0,,1
P06306,C00582,474.17,upi,Other,insufficient_funds,2,2,1,120,0,,1
P06307,C01736,402.42,netbanking,HDFC,bank_declined,4,0,0,0,0,,0
P06308,C02646,3094.26,wallet,Other,bank_declined,3,0,0,0,1,226.0,0
P06309,C00019,280.42,card,Axis,insufficient_funds,4,3,1,120,1,142.0,1
P06310,C01125,339.55,netbanking,Axis,insufficient_funds,3,1,0,0,0,,0
P06311,C02655,244.3,upi,HDFC,insufficient_funds,3,0,1,60,0,,1
P06312,C01381,410.97,netbanking,SBI,timeout,2,0,0,0,1,102.0,0
P06313,C01566,710.13,card,SBI,network_error,1,1,1,60,1,138.0,1
P06314,C02081,254.07,upi,ICICI,limit_exceeded,8,4,0,0,0,,0
P06315,C01994,630.79,card,ICICI,bank_declined,2,1,0,0,0,,0
P06316,C01548,210.91,upi,HDFC,limit_exceeded,5,4,0,0,0,,0
P06317,C00862,946.41,card,SBI,limit_exceeded,5,4,1,30,1,94.0,1
P06318,C00155,357.79,wallet,Axis,bank_declined,4,1,1,60,0,,1
P06319,C00905,391.96,upi,Axis,network_error,4,1,0,0,0,,0
P06320,C01270,1319.29,upi,SBI,network_error,5,0,1,30,1,110.0,1
P06321,C00405,363.06,wallet,HDFC,bank_declined,6,5,0,0,1,235.0,0
P06322,C00844,650.67,upi,ICICI,bank_declined,6,2,1,120,1,55.0,1
P06323,C01783,807.77,upi,HDFC,insufficient_funds,2,2,0,0,1,87.0,0
P06324,C01565,1225.1,card,SBI,timeout,4,5,1,30,0,,1
P06325,C01185,620.04,netbanking,HDFC,network_error,2,1,1,60,1,212.0,1
P06326,C00747,394.7,card,SBI,bank_declined,4,3,1,10,0,,1
P06327,C01726,341.92,netbanking,HDFC,network_error,3,1,0,0,1,179.0,0
P06328,C00271,614.24,netbanking,Other,insufficient_funds,2,1,0,0,0,,0
P06329,C00770,289.66,card,Axis,insufficient_funds,1,0,0,0,0,,0
P06330,C01716,719.22,netbanking,Other,timeout,2,3,1,30,0,,1
P06331,C01511,567.22,upi,SBI,limit_exceeded,8,6,1,30,1,174.0,1
P06332,C00172,217.72,upi,Axis,bank_declined,7,1,1,120,1,105.0,1
P06333,C00274,208.52,upi,Other,bank_declined,4,2,0,0,1,147.0,0
P06334,C02307,522.12,upi,HDFC,bank_declined,5,3,0,0,1,126.0,0
P06335,C01159,403.01,wallet,HDFC,bank_declined,3,2,0,0,0,,0
P06336,C01707,872.18,wallet,Axis,bank_declined,4,1,1,10,1,69.0,1
P06337,C01772,259.27,upi,SBI,bank_declined,4,1,0,0,1,79.0,0
P06338,C00422,822.36,upi,Other,network_error,1,1,1,10,0,,1
P06339,C01445,838.88,card,SBI,bank_declined,4,1,1,30,0,,1
P06340,C01210,215.4,card,HDFC,limit_exceeded,5,0,0,0,1,95.0,0
P06341,C02412,421.6,upi,ICICI,bank_declined,3,1,1,120,0,,1
P06342,C02426,1282.26,card,ICICI,insufficient_funds,4,3,0,0,0,,0
P06343,C00580,652.28,upi,SBI,limit_exceeded,1,1,0,0,0,,0
P06344,C00891,459.89,upi,HDFC,insufficient_funds,3,0,0,0,1,116.0,0
P06345,C00722,898.51,upi,HDFC,network_error,2,1,1,60,1,139.0,1
P06346,C00881,349.34,upi,ICICI,bank_declined,3,1,1,60,1,184.0,1
P06347,C01122,391.71,netbanking,ICICI,insufficient_funds,4,1,1,120,0,,1
P06348,C02653,554.45,card,Other,limit_exceeded,6,1,0,0,0,,0
P06349,C02008,1332.3,upi,Other,bank_declined,4,3,1,120,0,,1
P06350,C02070,258.64,card,ICICI,network_error,6,1,0,0,0,,0
P06351,C01474,685.04,upi,SBI,limit_exceeded,4,4,0,0,0,,0
P06352,C00383,372.51,upi,Axis,network_error,3,1,0,0,0,,0
P06353,C02182,1175.99,card,HDFC,timeout,0,3,0,0,0,,0
P06354,C01450,842.18,card,HDFC,timeout,5,0,1,10,0,,1
P06355,C02551,467.07,card,HDFC,bank_declined,2,1,0,0,1,92.0,0
P06356,C01591,748.39,wallet,Other,network_error,4,3,1,120,1,109.0,1
P06357,C01787,329.16,upi,ICICI,insufficient_funds,2,2,1,30,0,,1
P06358,C00144,316.21,upi,Other,insufficient_funds,3,0,1,30,1,107.0,1
P06359,C01887,2882.29,wallet,ICICI,limit_exceeded,4,2,1,60,0,,1
P06360,C01703,379.57,card,SBI,insufficient_funds,7,3,0,0,0,,0
P06361,C01436,558.14,wallet,Other,bank_declined,6,0,0,0,1,200.0,0
P06362,C00224,374.34,upi,ICICI,insufficient_funds,3,3,1,120,0,,1
P06363,C00220,200.41,netbanking,SBI,limit_exceeded,1,3,0,0,0,,0
P06364,C00179,241.18,card,Other,insufficient_funds,8,3,0,0,0,,0
P06365,C01655,624.47,card,HDFC,timeout,3,1,0,0,1,75.0,0
P06366,C00433,183.46,card,SBI,timeout,3,0,0,0,0,,0
P06367,C00265,299.48,upi,Other,insufficient_funds,4,1,0,0,1,226.0,0
P06368,C00954,777.87,card,ICICI,timeout,7,3,1,30,0,,1
P06369,C00429,577.39,netbanking,HDFC,limit_exceeded,7,1,1,60,1,155.0,1
P06370,C02464,369.19,card,ICICI,network_error,2,3,1,120,1,85.0,1
P06371,C02775,361.29,card,Axis,bank_declined,3,2,0,0,0,,0
P06372,C02245,239.65,card,Axis,network_error,3,0,1,60,1,16.0,1
P06373,C01578,2345.98,netbanking,Other,insufficient_funds,4,3,1,60,0,,1
P06374,C00480,247.65,wallet,SBI,limit_exceeded,4,2,0,0,0,,0
P06375,C01354,999.64,wallet,SBI,bank_declined,5,2,0,0,0,,0
P06376,C00890,104.88,card,Other,bank_declined,1,5,1,60,1,57.0,1
P06377,C00925,909.35,card,Other,bank_declined,7,2,1,30,1,23.0,1
P06378,C02171,976.61,upi,HDFC,insufficient_funds,3,1,1,60,0,,1
P06379,C01903,256.57,upi,ICICI,insufficient_funds,5,0,1,60,1,73.0,1
P06380,C01411,319.84,upi,ICICI,network_error,1,2,0,0,0,,0
P06381,C01363,1040.66,netbanking,Axis,network_error,3,2,0,0,1,170.0,0
P06382,C00778,221.58,card,Axis,limit_exceeded,5,1,1,30,1,55.0,1
P06383,C02396,669.0,upi,Other,bank_declined,3,2,1,30,0,,1
P06384,C00029,306.75,card,SBI,bank_declined,2,0,0,0,1,192.0,0
P06385,C00035,925.59,upi,SBI,limit_exceeded,0,1,0,0,0,,0
P06386,C01420,1814.81,upi,HDFC,insufficient_funds,9,3,0,0,0,,0
P06387,C02671,243.65,wallet,Axis,network_error,2,3,0,0,1,204.0,0
P06388,C00589,744.14,upi,HDFC,insufficient_funds,2,1,0,0,0,,0
P06389,C00904,977.3,wallet,ICICI,limit_exceeded,4,2,1,120,1,156.0,1
P06390,C02568,121.99,card,Other,bank_declined,6,3,0,0,0,,0
P06391,C02170,995.34,netbanking,SBI,timeout,4,1,1,30,1,64.0,1
P06392,C00340,629.74,netbanking,Axis,limit_exceeded,2,5,0,0,0,,0
P06393,C00175,771.85,netbanking,Axis,timeout,5,3,1,120,1,157.0,1
P06394,C01924,137.28,upi,Other,network_error,3,5,0,0,1,188.0,0
P06395,C01715,829.42,upi,Other,limit_exceeded,5,3,0,0,0,,0
P06396,C00597,433.53,upi,Axis,network_error,2,4,0,0,0,,0
P06397,C00451,222.0,wallet,Axis,timeout,2,3,1,30,0,,1
P06398,C00557,805.02,card,SBI,insufficient_funds,11,1,0,0,0,,0
P06399,C01160,869.4,card,SBI,bank_declined,9,2,1,10,1,192.0,1
P06400,C01357,466.97,upi,Other,network_error,3,3,0,0,1,32.0,0
P06401,C02057,635.24,card,ICICI,insufficient_funds,7,1,0,0,0,,0
P06402,C02382,440.0,upi,ICICI,limit_exceeded,1,2,0,0,0,,0
P06403,C01017,188.16,card,Other,insufficient_funds,4,2,1,30,0,,1
P06404,C02375,445.41,card,Other,timeout,2,3,1,60,0,,1
P06405,C02063,1141.27,netbanking,HDFC,insufficient_funds,3,2,1,10,1,71.0,1
P06406,C00839,1152.69,card,ICICI,insufficient_funds,1,0,0,0,0,,0
P06407,C01638,276.49,card,Axis,network_error,3,3,0,0,0,,0
P06408,C00226,582.68,card,HDFC,bank_declined,3,1,1,60,0,,1
P06409,C01814,519.93,card,HDFC,insufficient_funds,3,0,1,60,1,6.0,1
P06410,C02161,696.43,wallet,Other,bank_declined,4,3,0,0,1,103.0,0
P06411,C02021,511.04,upi,SBI,bank_declined,5,3,0,0,0,,0
P06412,C01452,816.91,netbanking,HDFC,limit_exceeded,5,4,0,0,0,,0
P06413,C02049,368.82,upi,Other,timeout,1,3,1,120,1,211.0,1
P06414,C02314,1066.72,wallet,HDFC,timeout,4,1,1,30,0,,1
P06415,C01515,339.75,upi,SBI,limit_exceeded,3,3,1,60,0,,1
P06416,C01232,563.83,card,Other,timeout,7,1,0,0,0,,0
P06417,C01646,785.22,card,SBI,insufficient_funds,3,5,1,30,0,,1
P06418,C01736,573.71,upi,SBI,limit_exceeded,4,1,0,0,1,83.0,0
P06419,C03000,95.63,card,Axis,insufficient_funds,3,0,1,120,0,,1
P06420,C00306,607.52,card,SBI,insufficient_funds,6,1,0,0,1,152.0,0
P06421,C02060,798.36,card,SBI,bank_declined,2,2,0,0,0,,0
P06422,C01724,607.02,upi,SBI,insufficient_funds,1,3,1,60,0,,1
P06423,C01690,952.32,upi,ICICI,insufficient_funds,3,3,0,0,0,,0
P06424,C01518,1119.15,wallet,Axis,bank_declined,2,0,0,0,1,105.0,0
P06425,C01392,302.97,card,ICICI,network_error,0,2,0,0,1,121.0,0
P06426,C02985,148.45,upi,SBI,bank_declined,6,2,1,30,1,174.0,1
P06427,C00420,212.79,upi,ICICI,insufficient_funds,4,1,1,30,1,77.0,1
P06428,C02937,517.98,card,Other,limit_exceeded,1,4,1,30,0,,1
P06429,C02219,756.76,upi,ICICI,bank_declined,6,3,1,30,1,51.0,1
P06430,C00134,451.5,upi,Other,timeout,3,2,0,0,1,110.0,0
P06431,C02031,187.15,upi,HDFC,insufficient_funds,3,1,0,0,1,113.0,0
P06432,C01451,606.56,upi,Axis,bank_declined,2,2,0,0,1,85.0,0
P06433,C01554,496.68,card,ICICI,timeout,3,1,0,0,0,,0
P06434,C01165,551.49,card,HDFC,insufficient_funds,1,3,0,0,1,186.0,0
P06435,C01870,1748.91,card,SBI,limit_exceeded,1,4,0,0,0,,0
P06436,C01820,873.81,upi,Other,bank_declined,6,4,1,10,0,,1
P06437,C02706,448.65,upi,ICICI,limit_exceeded,2,2,1,120,0,,1
P06438,C01343,194.75,card,HDFC,timeout,7,1,0,0,0,,0
P06439,C01465,1263.15,card,HDFC,limit_exceeded,6,2,1,10,1,86.0,1
P06440,C02227,143.09,card,Axis,insufficient_funds,9,2,1,60,1,84.0,1
P06441,C01080,404.59,card,SBI,timeout,2,1,1,30,0,,1
P06442,C01179,212.71,card,Axis,limit_exceeded,8,0,0,0,1,35.0,0
P06443,C01696,370.33,upi,ICICI,limit_exceeded,5,6,0,0,1,60.0,0
P06444,C00111,462.45,card,SBI,insufficient_funds,1,3,0,0,0,,0
P06445,C02185,196.21,netbanking,ICICI,insufficient_funds,5,1,1,60,1,142.0,1
P06446,C02280,88.73,upi,Other,timeout,3,4,0,0,1,71.0,0
P06447,C00468,250.55,upi,ICICI,insufficient_funds,7,4,0,0,1,195.0,0
P06448,C02780,191.02,card,SBI,insufficient_funds,4,2,1,60,0,,1
P06449,C02529,252.19,upi,ICICI,network_error,3,0,0,0,1,10.0,0
P06450,C00814,404.25,upi,Axis,network_error,2,2,0,0,1,179.0,0
P06451,C01273,1429.53,card,HDFC,network_error,9,5,0,0,1,187.0,0
P06452,C00994,324.02,card,ICICI,insufficient_funds,9,1,0,0,1,13.0,0
P06453,C02032,339.99,netbanking,SBI,network_error,10,1,1,120,0,,1
P06454,C00323,457.96,netbanking,Axis,bank_declined,10,2,0,0,1,188.0,0
P06455,C02970,783.15,upi,SBI,timeout,1,2,0,0,1,238.0,0
P06456,C00904,729.99,netbanking,Other,bank_declined,7,4,1,30,1,180.0,1
P06457,C01542,128.61,netbanking,HDFC,bank_declined,10,2,1,60,0,,1
P06458,C02000,237.13,card,Axis,network_error,7,2,0,0,1,196.0,0
P06459,C01816,1069.99,upi,HDFC,network_error,6,2,0,0,1,53.0,0
P06460,C02654,342.09,upi,ICICI,insufficient_funds,4,1,1,30,1,28.0,1
P06461,C02477,966.98,upi,HDFC,network_error,1,2,1,60,1,121.0,1
P06462,C00148,814.08,netbanking,ICICI,network_error,2,1,1,60,0,,1
P06463,C01142,102.5,card,Axis,bank_declined,1,3,0,0,0,,0
P06464,C00850,154.55,card,SBI,timeout,4,4,0,0,1,29.0,0
P06465,C00367,390.23,upi,Axis,insufficient_funds,4,1,0,0,0,,0
P06466,C02898,652.2,netbanking,SBI,limit_exceeded,2,2,0,0,1,26.0,0
P06467,C01090,408.63,netbanking,SBI,bank_declined,10,1,0,0,0,,0
P06468,C02039,429.89,card,HDFC,network_error,7,1,1,60,1,211.0,1
P06469,C02861,504.88,upi,SBI,insufficient_funds,5,2,0,0,0,,0
P06470,C00175,459.16,card,Other,timeout,5,2,1,10,1,208.0,1
P06471,C01855,481.59,netbanking,Other,network_error,4,1,1,60,1,29.0,1
P06472,C00588,93.74,netbanking,HDFC,limit_exceeded,4,2,1,120,0,,1
P06473,C00495,396.19,upi,HDFC,bank_declined,3,2,0,0,0,,0
P06474,C01138,393.67,upi,Axis,timeout,3,3,0,0,1,70.0,0
P06475,C01785,233.4,netbanking,Other,insufficient_funds,4,0,0,0,0,,0
P06476,C01171,288.23,card,Other,insufficient_funds,3,2,0,0,0,,0
P06477,C00035,153.26,netbanking,SBI,limit_exceeded,3,1,1,120,0,,1
P06478,C00999,645.58,card,Axis,bank_declined,4,1,0,0,0,,0
P06479,C01333,219.88,upi,Axis,limit_exceeded,2,4,1,30,0,,1
P06480,C02586,452.79,upi,Axis,insufficient_funds,7,2,0,0,1,99.0,0
P06481,C02798,349.48,netbanking,ICICI,network_error,5,3,1,30,0,,1
P06482,C01038,432.84,card,SBI,network_error,3,3,1,10,1,168.0,1
P06483,C00374,931.89,card,HDFC,limit_exceeded,5,2,0,0,1,80.0,0
P06484,C02605,294.89,upi,Axis,bank_declined,7,1,0,0,0,,0
P06485,C01452,459.42,upi,SBI,insufficient_funds,7,0,0,0,1,194.0,0
P06486,C01752,770.2,card,SBI,bank_declined,4,2,1,60,1,149.0,1
P06487,C02281,548.86,upi,SBI,timeout,4,5,0,0,0,,0
P06488,C00705,282.6,card,Other,insufficient_funds,1,1,1,10,0,,1
P06489,C00563,166.45,netbanking,HDFC,insufficient_funds,3,2,0,0,1,173.0,0
P06490,C02987,274.27,upi,Axis,timeout,5,0,1,60,0,,1
P06491,C02935,559.46,card,HDFC,timeout,0,4,1,60,0,,1
P06492,C02774,477.18,upi,HDFC,insufficient_funds,6,1,1,10,0,,1
P06493,C01874,769.93,card,Other,network_error,6,1,0,0,1,216.0,0
P06494,C02124,390.68,upi,HDFC,insufficient_funds,3,0,1,30,0,,1
P06495,C00439,286.52,upi,HDFC,timeout,5,3,0,0,0,,0
P06496,C01884,174.24,upi,SBI,bank_declined,4,3,0,0,1,149.0,0
P06497,C01980,210.98,card,SBI,insufficient_funds,6,3,1,60,1,237.0,1
P06498,C00699,236.67,netbanking,Axis,network_error,2,0,0,0,1,36.0,0
P06499,C01313,1233.08,upi,ICICI,limit_exceeded,4,1,1,120,0,,1
P06500,C02963,215.42,upi,Axis,insufficient_funds,6,2,1,60,1,238.0,1
P06501,C01564,217.19,card,Axis,insufficient_funds,5,3,0,0,0,,0
P06502,C02939,299.39,netbanking,SBI,bank_declined,2,3,1,30,0,,1
P06503,C00692,1014.85,upi,HDFC,limit_exceeded,3,0,1,10,0,,1
P06504,C02301,685.56,upi,Other,limit_exceeded,2,2,1,10,0,,1
P06505,C01201,411.97,wallet,Axis,limit_exceeded,6,1,0,0,0,,0
P06506,C02458,162.84,card,ICICI,bank_declined,2,4,1,60,1,94.0,1
P06507,C01635,449.36,card,Axis,insufficient_funds,5,0,0,0,0,,0
P06508,C01634,804.67,upi,HDFC,insufficient_funds,4,1,1,60,0,,1
P06509,C00127,1167.42,card,Axis,limit_exceeded,3,0,1,10,1,67.0,1
P06510,C01507,95.49,upi,HDFC,insufficient_funds,3,2,0,0,1,97.0,0
P06511,C01192,255.13,upi,HDFC,network_error,3,1,0,0,0,,0
P06512,C02640,468.46,netbanking,Other,bank_declined,2,4,0,0,0,,0
P06513,C00294,1048.81,netbanking,Other,bank_declined,5,2,1,60,1,134.0,1
P06514,C01367,173.89,netbanking,Axis,bank_declined,2,2,0,0,0,,0
P06515,C01020,202.21,upi,Other,bank_declined,2,2,1,30,0,,1
P06516,C02358,314.54,upi,ICICI,bank_declined,5,0,1,30,1,131.0,1
P06517,C02710,163.17,netbanking,SBI,bank_declined,5,2,1,10,0,,1
P06518,C02576,109.94,card,Axis,timeout,3,3,0,0,0,,0
P06519,C02588,1919.82,netbanking,Other,network_error,4,2,0,0,1,144.0,0
P06520,C00419,364.61,upi,ICICI,insufficient_funds,4,1,0,0,0,,0
P06521,C00444,275.47,netbanking,SBI,insufficient_funds,2,0,1,10,1,36.0,1
P06522,C00685,189.7,netbanking,ICICI,insufficient_funds,3,4,1,30,0,,1
P06523,C02888,423.68,upi,Axis,bank_declined,5,2,1,10,1,72.0,1
P06524,C02284,295.85,card,SBI,network_error,7,3,0,0,0,,0
P06525,C01463,753.88,wallet,Other,insufficient_funds,7,1,1,30,1,12.0,1
P06526,C02262,204.8,card,HDFC,insufficient_funds,4,5,0,0,0,,0
P06527,C00085,428.76,upi,Other,bank_declined,2,2,1,60,1,117.0,1
P06528,C02842,416.02,wallet,HDFC,network_error,3,2,1,10,1,110.0,1
P06529,C01768,631.66,wallet,ICICI,bank_declined,5,0,1,60,0,,1
P06530,C00085,381.96,card,HDFC,bank_declined,6,2,0,0,1,31.0,0
P06531,C01945,649.19,card,HDFC,limit_exceeded,3,2,1,60,0,,1
P06532,C02113,533.86,card,ICICI,bank_declined,7,5,0,0,1,62.0,0
P06533,C01670,790.85,upi,ICICI,bank_declined,4,1,0,0,1,67.0,0
P06534,C00663,655.65,upi,HDFC,insufficient_funds,4,2,0,0,1,91.0,0
P06535,C00627,381.13,card,HDFC,network_error,6,4,1,10,1,213.0,1
P06536,C00064,1384.23,card,Axis,bank_declined,3,3,0,0,0,,0
P06537,C02987,303.24,upi,Other,insufficient_funds,4,2,0,0,0,,0
P06538,C00919,1269.91,card,SBI,insufficient_funds,3,5,0,0,1,235.0,0
P06539,C01376,928.61,netbanking,ICICI,insufficient_funds,7,5,0,0,1,161.0,0
P06540,C01182,699.89,upi,ICICI,insufficient_funds,2,4,0,0,0,,0
P06541,C01613,434.86,netbanking,HDFC,bank_declined,1,1,0,0,0,,0
P06542,C00491,283.69,netbanking,ICICI,bank_declined,4,7,0,0,0,,0
P06543,C01879,532.81,upi,Other,bank_declined,1,4,1,10,0,,1
P06544,C01941,529.17,upi,Axis,bank_declined,3,2,1,30,1,62.0,1
P06545,C00313,432.81,wallet,Axis,bank_declined,5,4,0,0,1,172.0,0
P06546,C02663,679.16,netbanking,HDFC,network_error,6,1,1,30,0,,1
P06547,C00919,875.7,netbanking,HDFC,network_error,2,2,1,30,0,,1
P06548,C01883,259.5,upi,SBI,insufficient_funds,6,5,0,0,1,236.0,0
P06549,C00813,292.79,upi,Other,timeout,7,5,1,30,1,212.0,1
P06550,C02988,191.42,netbanking,ICICI,insufficient_funds,5,2,1,10,1,73.0,1
P06551,C01490,604.29,netbanking,HDFC,timeout,4,1,1,120,0,,1
P06552,C01327,1395.48,upi,SBI,bank_declined,6,2,1,10,1,123.0,1
P06553,C00680,185.31,card,Axis,bank_declined,4,3,1,10,0,,1
P06554,C00435,274.08,card,ICICI,network_error,2,2,1,60,0,,1
P06555,C00682,178.96,upi,Axis,network_error,6,0,1,120,1,28.0,1
P06556,C01159,322.39,card,Axis,bank_declined,2,0,0,0,1,205.0,0
P06557,C01074,110.06,card,Other,limit_exceeded,2,3,1,30,0,,1
P06558,C01456,1056.45,card,HDFC,limit_exceeded,3,4,1,120,1,183.0,1
P06559,C02388,789.16,card,HDFC,insufficient_funds,6,1,1,120,1,62.0,1
P06560,C02395,560.47,netbanking,HDFC,network_error,4,1,0,0,1,106.0,0
P06561,C02694,924.64,card,Axis,timeout,4,0,0,0,0,,0
P06562,C01371,890.98,netbanking,SBI,insufficient_funds,5,2,0,0,0,,0
P06563,C00649,470.72,card,Other,insufficient_funds,3,1,1,30,0,,1
P06564,C00245,191.68,netbanking,Other,limit_exceeded,4,0,0,0,0,,0
P06565,C02157,289.91,netbanking,Axis,limit_exceeded,8,2,0,0,1,11.0,0
P06566,C02581,463.37,netbanking,HDFC,bank_declined,3,2,1,10,0,,1
P06567,C00296,285.98,netbanking,SBI,insufficient_funds,3,0,0,0,0,,0
P06568,C02160,1652.41,card,HDFC,insufficient_funds,3,3,0,0,1,97.0,0
P06569,C01613,550.03,wallet,Other,network_error,2,0,0,0,0,,0
P06570,C02391,529.68,card,SBI,timeout,4,5,1,30,0,,1
P06571,C02149,956.2,wallet,ICICI,bank_declined,6,0,0,0,1,188.0,0
P06572,C02677,598.15,upi,ICICI,insufficient_funds,5,3,0,0,0,,0
P06573,C01628,409.32,card,Axis,bank_declined,2,5,1,60,1,222.0,1
P06574,C00028,1421.83,netbanking,ICICI,network_error,2,4,0,0,0,,0
P06575,C02985,667.85,netbanking,Other,network_error,5,2,1,10,1,16.0,1
P06576,C01986,348.72,card,Other,bank_declined,8,3,0,0,0,,0
P06577,C01561,558.26,netbanking,ICICI,insufficient_funds,2,0,1,120,0,,1
P06578,C00058,340.03,card,Axis,bank_declined,5,1,1,60,0,,1
P06579,C01522,277.48,card,Axis,bank_declined,2,2,1,60,0,,1
P06580,C00297,856.5,netbanking,SBI,network_error,7,1,0,0,1,177.0,0
P06581,C02182,346.92,card,ICICI,insufficient_funds,3,1,0,0,0,,0
P06582,C02297,287.98,card,ICICI,limit_exceeded,5,3,0,0,0,,0
P06583,C02598,559.28,wallet,Other,limit_exceeded,7,2,0,0,1,76.0,0
P06584,C00902,1026.74,upi,ICICI,network_error,1,4,1,120,0,,1
P06585,C01965,113.28,upi,HDFC,timeout,1,2,0,0,0,,0
P06586,C01099,296.78,upi,Axis,bank_declined,4,3,1,60,1,154.0,1
P06587,C01678,103.12,upi,Axis,network_error,6,4,0,0,0,,0
P06588,C02882,46.1,netbanking,SBI,network_error,5,4,1,120,1,28.0,1
P06589,C01192,509.51,upi,ICICI,bank_declined,5,3,0,0,0,,0
P06590,C00771,195.86,netbanking,Axis,limit_exceeded,3,0,0,0,0,,0
P06591,C01527,842.12,card,ICICI,network_error,2,0,1,60,1,91.0,1
P06592,C01379,212.63,upi,Other,limit_exceeded,5,2,1,60,0,,1
P06593,C01249,743.35,upi,Axis,bank_declined,6,2,1,30,1,67.0,1
P06594,C01555,603.36,upi,ICICI,insufficient_funds,3,3,1,10,0,,1
P06595,C00146,256.07,card,ICICI,bank_declined,1,1,0,0,1,71.0,0
P06596,C01984,346.32,wallet,SBI,network_error,4,4,1,30,1,192.0,1
P06597,C01265,556.42,card,Axis,limit_exceeded,3,1,1,60,1,173.0,1
P06598,C01908,714.27,card,HDFC,network_error,4,2,1,30,1,180.0,1
P06599,C02941,1279.72,card,Axis,bank_declined,5,0,0,0,0,,0
P06600,C02392,572.57,netbanking,Other,insufficient_funds,6,0,1,30,0,,1
P06601,C01773,477.24,card,ICICI,insufficient_funds,2,1,1,10,1,170.0,1
P06602,C01059,500.88,wallet,Axis,insufficient_funds,5,2,0,0,0,,0
P06603,C02750,412.1,wallet,ICICI,timeout,4,5,0,0,0,,0
P06604,C02049,355.07,card,SBI,timeout,0,1,1,10,0,,1
P06605,C02020,256.37,upi,SBI,insufficient_funds,2,2,1,30,1,73.0,1
P06606,C00153,645.61,card,Axis,bank_declined,7,2,1,120,0,,1
P06607,C02477,273.37,upi,SBI,bank_declined,1,2,1,60,1,6.0,1
P06608,C00508,555.84,upi,ICICI,insufficient_funds,4,3,0,0,1,113.0,0
P06609,C00491,480.88,netbanking,Other,bank_declined,4,3,0,0,1,84.0,0
P06610,C00345,772.27,card,Axis,limit_exceeded,1,2,1,10,0,,1
P06611,C01936,581.52,wallet,Other,timeout,7,3,0,0,0,,0
P06612,C01762,286.29,wallet,SBI,insufficient_funds,5,1,1,60,0,,1
P06613,C00221,226.66,upi,SBI,insufficient_funds,2,4,1,30,0,,1
P06614,C01939,1019.25,upi,ICICI,bank_declined,3,1,1,60,0,,1
P06615,C01943,366.93,upi,Axis,limit_exceeded,3,2,1,60,1,30.0,1
P06616,C00723,1310.48,card,Axis,timeout,4,5,1,120,1,187.0,1
P06617,C00528,78.64,netbanking,HDFC,bank_declined,6,4,0,0,0,,0
P06618,C01523,559.36,upi,ICICI,insufficient_funds,2,3,0,0,0,,0
P06619,C02889,896.88,card,Axis,bank_declined,4,0,0,0,0,,0
P06620,C01665,523.77,upi,Other,insufficient_funds,2,1,0,0,0,,0
P06621,C00481,571.56,card,SBI,insufficient_funds,11,0,1,60,1,131.0,1
P06622,C02978,735.47,upi,Other,insufficient_funds,6,3,1,30,1,124.0,1
P06623,C01872,879.09,upi,SBI,timeout,6,1,0,0,1,113.0,0
P06624,C02920,751.78,upi,ICICI,insufficient_funds,7,4,0,0,0,,0
P06625,C01463,1164.59,card,Axis,network_error,4,2,1,60,1,190.0,1
P06626,C01426,353.92,netbanking,SBI,timeout,11,3,1,30,1,239.0,1
P06627,C00345,1586.93,upi,ICICI,insufficient_funds,2,4,0,0,1,19.0,0
P06628,C00045,239.0,netbanking,Other,limit_exceeded,3,2,0,0,0,,0
P06629,C02069,963.54,upi,SBI,insufficient_funds,3,3,1,120,0,,1
P06630,C01658,649.46,card,Axis,network_error,2,2,0,0,0,,0
P06631,C01888,2365.53,card,Other,insufficient_funds,6,3,1,60,0,,1
P06632,C02921,607.3,upi,ICICI,timeout,4,3,1,10,0,,1
P06633,C02096,797.04,wallet,Other,network_error,5,1,0,0,0,,0
P06634,C01515,154.93,upi,SBI,network_error,5,2,0,0,0,,0
P06635,C02599,896.1,netbanking,HDFC,bank_declined,5,3,0,0,0,,0
P06636,C02335,600.2,card,HDFC,bank_declined,4,4,1,120,1,87.0,1
P06637,C01002,825.09,netbanking,Axis,bank_declined,3,1,0,0,0,,0
P06638,C01034,252.89,card,ICICI,timeout,3,2,0,0,0,,0
P06639,C02590,347.52,upi,Axis,insufficient_funds,3,1,1,30,0,,1
P06640,C02041,559.49,card,SBI,timeout,3,4,0,0,0,,0
P06641,C02804,468.8,netbanking,ICICI,bank_declined,6,1,0,0,0,,0
P06642,C00274,596.39,upi,HDFC,bank_declined,3,1,0,0,1,143.0,0
P06643,C00956,553.22,upi,Other,insufficient_funds,2,3,1,30,0,,1
P06644,C02648,348.14,card,Other,insufficient_funds,6,2,1,10,1,87.0,1
P06645,C01780,416.83,card,SBI,bank_declined,6,2,1,10,1,237.0,1
P06646,C00381,292.13,card,SBI,limit_exceeded,5,1,0,0,0,,0
P06647,C01353,3394.88,upi,ICICI,bank_declined,2,4,1,120,0,,1
P06648,C00479,625.03,card,HDFC,insufficient_funds,6,2,0,0,1,38.0,0
P06649,C02063,1684.63,card,Other,bank_declined,2,0,1,30,0,,1
P06650,C00516,237.88,upi,ICICI,insufficient_funds,5,3,1,60,0,,1
P06651,C00191,463.17,card,ICICI,bank_declined,6,1,1,60,1,62.0,1
P06652,C01192,360.58,upi,ICICI,bank_declined,3,0,1,120,1,82.0,1
P06653,C02669,650.12,card,Axis,insufficient_funds,3,2,0,0,0,,0
P06654,C01161,568.44,wallet,ICICI,timeout,2,5,1,120,0,,1
P06655,C02202,222.34,netbanking,ICICI,limit_exceeded,1,2,1,10,1,32.0,1
P06656,C01412,687.52,upi,ICICI,limit_exceeded,2,1,0,0,0,,0
P06657,C00272,594.24,wallet,ICICI,network_error,6,3,1,60,1,158.0,1
P06658,C00143,605.59,netbanking,Axis,bank_declined,7,5,1,60,1,149.0,1
P06659,C01913,1103.93,upi,SBI,timeout,2,2,1,10,1,159.0,1
P06660,C01093,956.64,card,Axis,timeout,3,1,1,30,1,87.0,1
P06661,C02295,1537.04,card,ICICI,bank_declined,7,2,1,120,1,221.0,1
P06662,C00788,624.69,card,SBI,network_error,3,6,1,60,0,,1
P06663,C02127,934.25,netbanking,Axis,timeout,3,2,0,0,1,187.0,0
P06664,C01682,431.28,upi,HDFC,insufficient_funds,4,3,0,0,1,82.0,0
P06665,C00623,563.63,netbanking,HDFC,insufficient_funds,2,0,1,30,0,,1
P06666,C02573,740.04,upi,ICICI,network_error,4,1,1,30,1,143.0,1
P06667,C02820,348.63,netbanking,ICICI,network_error,4,0,1,120,1,211.0,1
P06668,C00938,514.51,card,Other,network_error,3,1,0,0,1,60.0,0
P06669,C01119,200.94,upi,HDFC,network_error,1,3,1,120,1,8.0,1
P06670,C00617,1168.84,upi,SBI,bank_declined,5,3,1,10,0,,1
P06671,C01032,1192.85,netbanking,SBI,network_error,7,1,1,10,1,81.0,1
P06672,C00067,210.74,netbanking,Other,insufficient_funds,5,1,0,0,1,234.0,0
P06673,C00191,1108.1,card,HDFC,insufficient_funds,4,1,1,10,1,214.0,1
P06674,C02816,970.29,upi,Axis,bank_declined,3,4,0,0,0,,0
P06675,C00521,616.43,card,Axis,limit_exceeded,3,2,0,0,1,131.0,0
P06676,C00990,617.48,netbanking,SBI,network_error,3,0,1,30,1,152.0,1
P06677,C01141,735.68,card,Axis,bank_declined,1,0,1,10,1,28.0,1
P06678,C02315,196.41,upi,ICICI,bank_declined,3,2,0,0,0,,0
P06679,C01635,2472.16,netbanking,ICICI,timeout,3,5,1,120,0,,1
P06680,C02533,107.92,card,Other,network_error,3,1,1,10,0,,1
P06681,C01188,177.05,card,Axis,insufficient_funds,4,5,1,60,1,55.0,1
P06682,C00376,1035.89,upi,Other,bank_declined,2,2,1,30,1,221.0,1
P06683,C00653,936.72,wallet,HDFC,bank_declined,6,0,1,120,1,158.0,1
P06684,C00549,1624.36,card,Axis,limit_exceeded,1,1,0,0,0,,0
P06685,C01098,530.13,netbanking,SBI,bank_declined,1,3,1,10,0,,1
P06686,C00073,258.24,card,SBI,insufficient_funds,3,3,0,0,1,78.0,0
P06687,C02356,515.77,card,HDFC,bank_declined,3,4,0,0,0,,0
P06688,C00199,894.75,upi,ICICI,insufficient_funds,4,1,0,0,1,224.0,0
P06689,C01782,302.97,netbanking,ICICI,timeout,8,2,0,0,1,33.0,0
P06690,C00572,233.55,wallet,ICICI,network_error,3,1,1,30,1,192.0,1
P06691,C00791,503.8,card,Axis,bank_declined,7,2,1,120,0,,1
P06692,C01639,297.21,netbanking,Other,bank_declined,5,5,0,0,0,,0
P06693,C01832,436.25,card,HDFC,bank_declined,3,4,0,0,1,58.0,0
P06694,C01856,319.77,wallet,Axis,timeout,3,0,0,0,0,,0
P06695,C01511,740.84,card,SBI,insufficient_funds,6,0,0,0,1,50.0,0
P06696,C01175,359.65,upi,Other,insufficient_funds,2,5,1,30,0,,1
P06697,C00179,342.9,card,Other,network_error,3,1,1,60,0,,1
P06698,C02245,807.26,wallet,Axis,limit_exceeded,1,3,0,0,0,,0
P06699,C00735,226.52,card,SBI,network_error,3,0,0,0,1,131.0,0
P06700,C02137,261.34,card,Other,timeout,2,2,0,0,1,230.0,0
P06701,C00799,624.61,upi,Axis,limit_exceeded,3,2,1,120,0,,1
P06702,C00788,267.07,netbanking,SBI,insufficient_funds,1,4,1,120,0,,1
P06703,C02796,1224.93,wallet,Axis,network_error,7,6,0,0,1,181.0,0
P06704,C00209,235.73,card,SBI,timeout,1,2,0,0,0,,0
P06705,C00493,453.24,card,HDFC,network_error,3,2,0,0,0,,0
P06706,C02713,268.4,netbanking,ICICI,network_error,4,3,0,0,1,197.0,0
P06707,C01658,1371.93,card,Axis,timeout,4,1,1,30,1,149.0,1
P06708,C02919,235.24,netbanking,Axis,timeout,3,2,0,0,0,,0
P06709,C00732,1886.34,upi,Axis,network_error,4,3,0,0,0,,0
P06710,C01130,522.32,upi,Axis,insufficient_funds,9,1,0,0,1,214.0,0
P06711,C01606,433.03,upi,HDFC,network_error,4,1,0,0,0,,0
P06712,C02746,114.39,upi,ICICI,insufficient_funds,3,2,0,0,0,,0
P06713,C00594,1581.6,upi,ICICI,bank_declined,9,1,1,10,0,,1
P06714,C02934,703.11,upi,Other,network_error,0,2,0,0,0,,0
P06715,C02900,209.91,upi,HDFC,bank_declined,2,2,0,0,1,192.0,0
P06716,C01216,342.12,upi,ICICI,timeout,7,1,0,0,0,,0
P06717,C00325,154.78,netbanking,ICICI,bank_declined,4,3,1,120,1,225.0,1
P06718,C00979,285.85,netbanking,SBI,limit_exceeded,4,2,0,0,1,13.0,0
P06719,C01750,454.84,netbanking,SBI,bank_declined,8,0,0,0,1,210.0,0
P06720,C01851,1549.65,netbanking,HDFC,bank_declined,5,2,1,10,1,102.0,1
P06721,C01491,2819.19,card,HDFC,insufficient_funds,6,1,1,120,0,,1
P06722,C00894,715.67,netbanking,ICICI,network_error,2,2,0,0,1,42.0,0
P06723,C01391,165.7,wallet,SBI,insufficient_funds,0,3,1,30,0,,1
P06724,C00144,2516.34,upi,SBI,timeout,4,0,0,0,1,173.0,0
P06725,C00384,142.51,netbanking,ICICI,timeout,6,4,0,0,1,72.0,0
P06726,C02264,898.96,card,ICICI,insufficient_funds,4,1,0,0,1,152.0,0
P06727,C02372,515.98,card,Other,bank_declined,4,3,0,0,1,184.0,0
P06728,C00217,1167.99,upi,Axis,insufficient_funds,4,1,0,0,0,,0
P06729,C01516,290.37,netbanking,HDFC,network_error,2,1,0,0,0,,0
P06730,C02999,1016.74,card,HDFC,limit_exceeded,4,2,1,60,1,25.0,1
P06731,C02231,1360.83,card,Other,limit_exceeded,5,2,1,30,0,,1
P06732,C02318,656.6,card,SBI,insufficient_funds,4,6,0,0,1,182.0,0
P06733,C02993,497.27,card,Axis,insufficient_funds,8,3,1,30,1,229.0,1
P06734,C01491,1006.58,upi,SBI,timeout,5,1,0,0,0,,0
P06735,C02918,1260.81,card,Other,network_error,4,0,0,0,0,,0
P06736,C01636,355.66,wallet,Other,bank_declined,1,4,0,0,0,,0
P06737,C02515,315.99,card,Other,timeout,6,2,1,10,0,,1
P06738,C02353,313.76,upi,HDFC,bank_declined,4,4,0,0,0,,0
P06739,C01168,102.18,upi,HDFC,insufficient_funds,4,3,0,0,0,,0
P06740,C00111,947.04,wallet,SBI,network_error,2,2,0,0,0,,0
P06741,C01014,490.52,upi,ICICI,bank_declined,4,2,1,10,1,203.0,1
P06742,C00232,403.86,upi,HDFC,bank_declined,4,2,0,0,0,,0
P06743,C01715,361.22,netbanking,Axis,bank_declined,2,0,1,30,0,,1
P06744,C01756,669.39,card,Axis,insufficient_funds,3,1,0,0,0,,0
P06745,C02643,309.83,card,Axis,insufficient_funds,5,3,0,0,0,,0
P06746,C01578,923.59,upi,Other,timeout,3,1,0,0,0,,0
P06747,C01297,378.3,upi,SBI,timeout,4,0,1,120,0,,1
P06748,C02221,220.66,card,Other,network_error,1,1,1,120,1,171.0,1
P06749,C00973,752.54,upi,Axis,insufficient_funds,5,1,1,10,0,,1
P06750,C01031,268.17,upi,Axis,bank_declined,9,0,1,30,1,39.0,1
P06751,C02594,468.96,wallet,Other,insufficient_funds,3,3,0,0,1,227.0,0
P06752,C02596,948.26,upi,Axis,limit_exceeded,6,6,1,120,1,17.0,1
P06753,C00518,509.77,upi,Axis,network_error,4,2,0,0,0,,0
P06754,C00914,531.55,card,SBI,insufficient_funds,2,2,1,60,0,,1
P06755,C02263,362.5,card,Axis,insufficient_funds,7,2,0,0,1,66.0,0
P06756,C02182,554.34,upi,Other,limit_exceeded,2,1,0,0,0,,0
P06757,C02333,318.39,upi,Other,insufficient_funds,3,3,0,0,0,,0
P06758,C01945,712.69,netbanking,ICICI,limit_exceeded,1,1,0,0,1,155.0,0
P06759,C01463,389.52,netbanking,Axis,limit_exceeded,4,3,1,30,1,70.0,1
P06760,C01873,431.86,netbanking,ICICI,bank_declined,2,0,1,10,0,,1
P06761,C02734,243.52,card,Other,network_error,4,2,1,120,1,43.0,1
P06762,C02379,707.75,card,ICICI,network_error,4,3,0,0,0,,0
P06763,C02942,336.82,card,Axis,network_error,1,3,1,30,1,45.0,1
P06764,C01308,229.21,netbanking,HDFC,insufficient_funds,2,1,0,0,0,,0
P06765,C00899,342.77,upi,SBI,network_error,4,1,0,0,1,100.0,0
P06766,C01099,871.4,card,Axis,bank_declined,5,3,0,0,1,207.0,0
P06767,C01190,739.51,card,ICICI,insufficient_funds,3,4,0,0,0,,0
P06768,C01213,102.93,card,ICICI,network_error,1,4,0,0,1,139.0,0
P06769,C02126,303.07,wallet,ICICI,bank_declined,2,5,1,60,0,,1
P06770,C02995,1348.84,card,Other,insufficient_funds,2,4,0,0,0,,0
P06771,C00688,1186.71,upi,Axis,limit_exceeded,8,2,0,0,0,,0
P06772,C02069,204.92,card,ICICI,insufficient_funds,6,2,1,10,1,40.0,1
P06773,C00566,924.2,upi,HDFC,limit_exceeded,4,5,0,0,1,15.0,0
P06774,C01208,180.05,wallet,Axis,insufficient_funds,9,2,1,10,0,,1
P06775,C01895,274.32,card,Other,insufficient_funds,4,4,1,120,1,209.0,1
P06776,C00827,232.85,card,Axis,insufficient_funds,0,3,1,120,0,,1
P06777,C01352,826.04,upi,Other,bank_declined,7,1,1,10,1,28.0,1
P06778,C02227,504.38,card,Other,network_error,4,2,1,120,1,105.0,1
P06779,C01812,702.66,netbanking,SBI,limit_exceeded,6,3,1,120,0,,1
P06780,C01083,124.96,upi,SBI,timeout,3,1,0,0,1,178.0,0
P06781,C01351,914.67,upi,HDFC,insufficient_funds,8,2,0,0,0,,0
P06782,C02953,1548.62,upi,ICICI,insufficient_funds,5,0,1,10,0,,1
P06783,C01645,583.14,card,Axis,insufficient_funds,7,3,0,0,0,,0
P06784,C02717,1979.42,upi,ICICI,network_error,4,0,1,60,1,153.0,1
P06785,C00191,906.44,upi,Axis,insufficient_funds,4,2,0,0,1,157.0,0
P06786,C01224,1745.58,card,HDFC,insufficient_funds,1,0,1,60,0,,1
P06787,C01336,419.51,card,HDFC,network_error,5,2,1,30,0,,1
P06788,C00708,616.73,upi,Axis,insufficient_funds,8,4,0,0,1,201.0,0
P06789,C00379,306.48,card,Other,insufficient_funds,3,0,0,0,1,114.0,0
P06790,C00387,178.38,upi,SBI,insufficient_funds,4,2,0,0,1,171.0,0
P06791,C02285,278.93,upi,Axis,bank_declined,2,0,0,0,1,194.0,0
P06792,C00616,601.42,card,Other,insufficient_funds,6,5,0,0,0,,0
P06793,C01543,204.01,upi,Axis,timeout,3,2,0,0,1,111.0,0
P06794,C02331,533.53,netbanking,Axis,timeout,3,1,1,10,0,,1
P06795,C02049,107.47,card,Axis,bank_declined,6,3,1,30,1,144.0,1
P06796,C01755,390.94,upi,Axis,timeout,3,2,1,120,0,,1
P06797,C00464,591.26,card,Axis,bank_declined,6,4,1,10,1,88.0,1
P06798,C00967,300.86,upi,Other,limit_exceeded,5,1,0,0,0,,0
P06799,C00172,395.72,upi,HDFC,bank_declined,2,2,0,0,0,,0
P06800,C01147,485.96,card,SBI,network_error,3,5,1,10,0,,1
P06801,C00843,375.29,card,SBI,bank_declined,4,1,1,30,0,,1
P06802,C01322,601.81,netbanking,Other,bank_declined,6,0,1,120,1,189.0,1
P06803,C01909,150.92,upi,Other,network_error,2,2,1,30,0,,1
P06804,C00690,214.77,upi,Axis,bank_declined,4,2,0,0,0,,0
P06805,C02623,240.31,upi,HDFC,network_error,3,3,0,0,0,,0
P06806,C01508,424.78,card,HDFC,insufficient_funds,0,1,1,60,1,207.0,1
P06807,C02213,1746.35,card,ICICI,bank_declined,2,2,1,30,1,220.0,1
P06808,C02025,739.07,card,HDFC,bank_declined,4,0,1,120,0,,1
P06809,C01723,148.25,netbanking,Axis,limit_exceeded,2,1,1,60,1,94.0,1
P06810,C00383,570.29,upi,ICICI,timeout,5,2,1,10,1,126.0,1
P06811,C02257,334.99,netbanking,Other,bank_declined,2,2,1,10,0,,1
P06812,C01413,358.4,upi,Axis,bank_declined,6,2,1,10,0,,1
P06813,C01584,295.98,upi,ICICI,timeout,4,2,1,120,1,150.0,1
P06814,C02272,404.99,card,Axis,network_error,9,2,0,0,0,,0
P06815,C02051,140.98,upi,Other,network_error,4,0,1,10,1,120.0,1
P06816,C00372,452.39,netbanking,ICICI,network_error,2,1,1,120,1,22.0,1
P06817,C01711,614.53,upi,Axis,limit_exceeded,2,3,0,0,0,,0
P06818,C01470,281.04,upi,SBI,insufficient_funds,4,4,1,10,1,70.0,1
P06819,C00611,340.11,card,Other,limit_exceeded,4,0,1,10,1,148.0,1
P06820,C00116,213.51,upi,ICICI,network_error,3,2,0,0,1,88.0,0
P06821,C00447,370.87,upi,SBI,network_error,6,3,1,60,0,,1
P06822,C01392,524.52,upi,SBI,limit_exceeded,5,3,1,30,0,,1
P06823,C01341,431.56,card,ICICI,bank_declined,5,3,1,10,1,200.0,1
P06824,C00415,778.85,card,HDFC,network_error,2,0,1,120,0,,1
P06825,C01809,961.01,upi,HDFC,network_error,5,2,1,10,0,,1
P06826,C02940,325.95,netbanking,Axis,limit_exceeded,1,1,1,60,0,,1
P06827,C01048,418.73,wallet,ICICI,bank_declined,6,1,1,30,1,74.0,1
P06828,C02711,227.5,upi,ICICI,bank_declined,5,4,0,0,0,,0
P06829,C01874,351.46,upi,SBI,bank_declined,3,0,0,0,0,,0
P06830,C01074,510.88,card,SBI,limit_exceeded,10,3,1,60,0,,1
P06831,C00718,835.12,card,SBI,network_error,3,0,0,0,0,,0
P06832,C01359,459.84,card,Other,insufficient_funds,2,2,1,10,0,,1
P06833,C01606,611.31,netbanking,HDFC,network_error,7,4,1,60,0,,1
P06834,C02319,193.2,card,Axis,bank_declined,4,1,1,10,1,205.0,1
P06835,C00562,584.41,netbanking,Axis,network_error,3,1,0,0,0,,0
P06836,C02852,268.15,upi,ICICI,insufficient_funds,4,1,0,0,1,5.0,0
P06837,C02295,1478.26,netbanking,SBI,bank_declined,5,3,1,30,0,,1
P06838,C00387,1755.2,netbanking,ICICI,network_error,9,5,1,60,0,,1
P06839,C00702,1450.59,netbanking,HDFC,insufficient_funds,1,1,0,0,0,,0
P06840,C02607,258.62,upi,Other,insufficient_funds,4,2,0,0,0,,0
P06841,C00973,780.14,netbanking,HDFC,timeout,3,1,0,0,0,,0
P06842,C01385,86.13,upi,ICICI,limit_exceeded,3,2,1,30,1,148.0,1
P06843,C00984,1042.26,card,SBI,limit_exceeded,6,1,1,10,1,29.0,1
P06844,C01512,480.57,upi,ICICI,limit_exceeded,8,3,1,120,1,135.0,1
P06845,C00352,137.58,wallet,SBI,limit_exceeded,4,2,0,0,0,,0
P06846,C01725,750.57,netbanking,SBI,timeout,3,4,1,60,0,,1
P06847,C01952,386.73,card,ICICI,timeout,3,3,0,0,1,220.0,0
P06848,C01280,385.62,card,Other,insufficient_funds,6,5,0,0,0,,0
P06849,C01908,712.54,card,ICICI,bank_declined,2,0,0,0,1,29.0,0
P06850,C00753,990.77,card,HDFC,bank_declined,5,1,1,60,1,190.0,1
P06851,C02829,593.97,wallet,HDFC,timeout,3,0,1,10,1,172.0,1
P06852,C01025,98.57,upi,Axis,bank_declined,7,3,1,30,0,,1
P06853,C00546,593.05,upi,HDFC,bank_declined,5,2,0,0,0,,0
P06854,C01470,238.17,card,HDFC,timeout,9,1,1,60,1,237.0,1
P06855,C00079,688.59,netbanking,ICICI,timeout,4,1,1,10,0,,1
P06856,C01260,617.04,wallet,ICICI,bank_declined,3,3,1,60,0,,1
P06857,C02382,392.0,card,Other,bank_declined,6,0,0,0,0,,0
P06858,C00889,443.79,upi,HDFC,limit_exceeded,4,1,1,60,0,,1
P06859,C01106,134.41,wallet,Other,timeout,2,0,0,0,1,19.0,0
P06860,C02550,1454.96,upi,Other,network_error,3,2,1,120,1,225.0,1
P06861,C01991,587.82,upi,HDFC,timeout,4,2,1,60,0,,1
P06862,C01501,558.29,upi,ICICI,insufficient_funds,1,3,1,60,0,,1
P06863,C02813,576.84,card,SBI,network_error,7,3,1,10,1,149.0,1
P06864,C00921,131.76,card,SBI,bank_declined,4,0,1,10,0,,1
P06865,C00550,923.18,upi,SBI,insufficient_funds,3,0,0,0,1,13.0,0
P06866,C02062,349.56,wallet,Other,timeout,6,1,1,120,0,,1
P06867,C00392,502.4,upi,SBI,bank_declined,3,1,0,0,0,,0
P06868,C02358,303.93,card,Axis,bank_declined,5,3,0,0,1,65.0,0
P06869,C02434,196.23,upi,Axis,network_error,0,1,0,0,0,,0
P06870,C01381,315.99,upi,Other,network_error,3,2,0,0,1,31.0,0
P06871,C00974,404.32,card,ICICI,bank_declined,2,2,0,0,0,,0
P06872,C00340,457.75,card,HDFC,network_error,2,2,0,0,1,228.0,0
P06873,C02645,324.57,upi,Other,timeout,4,2,0,0,1,174.0,0
P06874,C00757,428.5,card,SBI,insufficient_funds,1,3,0,0,0,,0
P06875,C01046,373.21,upi,HDFC,insufficient_funds,5,0,0,0,0,,0
P06876,C02339,176.67,card,ICICI,network_error,1,2,0,0,0,,0
P06877,C02354,450.78,upi,SBI,network_error,3,4,0,0,1,161.0,0
P06878,C02682,450.64,upi,Axis,insufficient_funds,3,2,0,0,1,227.0,0
P06879,C02673,283.29,upi,Axis,network_error,5,2,1,10,1,159.0,1
P06880,C00939,884.39,card,Other,timeout,8,4,0,0,0,,0
P06881,C00848,458.28,card,ICICI,timeout,2,0,0,0,0,,0
P06882,C00442,605.78,card,Other,network_error,1,5,0,0,0,,0
P06883,C02551,252.55,card,ICICI,insufficient_funds,3,0,1,60,0,,1
P06884,C00130,288.1,card,Other,bank_declined,4,2,1,60,0,,1
P06885,C00597,381.05,card,HDFC,bank_declined,2,3,0,0,0,,0
P06886,C01959,198.06,netbanking,Other,timeout,5,4,1,60,0,,1
P06887,C01506,127.55,upi,HDFC,network_error,7,2,1,120,1,156.0,1
P06888,C00862,1204.57,card,ICICI,timeout,1,4,1,120,0,,1
P06889,C02641,311.39,card,HDFC,limit_exceeded,5,3,0,0,0,,0
P06890,C00999,422.05,card,HDFC,network_error,3,2,1,10,1,156.0,1
P06891,C02373,572.24,card,Other,insufficient_funds,5,3,1,60,0,,1
P06892,C02496,403.56,card,HDFC,insufficient_funds,3,1,1,30,0,,1
P06893,C01552,212.36,card,SBI,insufficient_funds,5,2,1,120,0,,1
P06894,C02867,972.09,upi,SBI,insufficient_funds,7,2,1,30,1,170.0,1
P06895,C01641,336.2,netbanking,ICICI,bank_declined,3,2,1,30,0,,1
P06896,C01512,734.11,upi,SBI,bank_declined,2,2,0,0,1,200.0,0
P06897,C01737,1307.58,card,Other,network_error,3,2,0,0,0,,0
P06898,C02757,196.53,upi,HDFC,insufficient_funds,5,1,1,60,1,231.0,1
P06899,C01450,865.71,upi,HDFC,bank_declined,1,5,1,60,0,,1
P06900,C01858,527.72,wallet,ICICI,insufficient_funds,6,1,0,0,0,,0
P06901,C00265,260.2,upi,HDFC,bank_declined,4,2,1,30,0,,1
P06902,C02660,662.92,netbanking,HDFC,insufficient_funds,0,2,1,60,0,,1
P06903,C02880,529.92,card,HDFC,timeout,2,3,1,120,1,18.0,1
P06904,C02722,321.11,netbanking,ICICI,bank_declined,3,3,0,0,1,131.0,0
P06905,C01463,1867.64,card,SBI,bank_declined,2,2,1,60,1,21.0,1
P06906,C00157,643.97,card,SBI,timeout,2,2,0,0,0,,0
P06907,C01446,229.17,wallet,Axis,limit_exceeded,6,3,0,0,0,,0
P06908,C02299,620.52,netbanking,Other,network_error,6,1,1,120,0,,1
P06909,C02926,433.7,wallet,Axis,network_error,3,3,0,0,0,,0
P06910,C01633,222.86,upi,ICICI,timeout,3,2,1,10,1,225.0,1
P06911,C02578,418.49,upi,ICICI,bank_declined,2,1,1,60,0,,1
P06912,C02375,646.24,upi,SBI,timeout,5,0,1,60,1,219.0,1
P06913,C00895,257.39,upi,HDFC,network_error,3,3,1,120,0,,1
P06914,C02145,185.23,upi,Axis,bank_declined,4,1,1,30,1,97.0,1
P06915,C00513,188.14,card,ICICI,bank_declined,4,3,0,0,1,152.0,0
P06916,C00216,194.98,card,Other,limit_exceeded,4,1,1,120,1,227.0,1
P06917,C02173,716.18,card,Axis,limit_exceeded,2,1,1,30,0,,1
P06918,C01707,655.9,upi,Other,network_error,4,3,1,10,0,,1
P06919,C02107,258.56,upi,Other,bank_declined,5,5,0,0,1,110.0,0
P06920,C01568,423.64,netbanking,SBI,timeout,4,2,0,0,1,59.0,0
P06921,C02209,196.63,card,SBI,network_error,3,2,1,10,0,,1
P06922,C02332,313.09,upi,Other,network_error,2,3,0,0,0,,0
P06923,C02154,309.71,card,Axis,insufficient_funds,3,1,1,120,1,16.0,1
P06924,C01129,607.47,upi,SBI,limit_exceeded,9,4,1,60,1,85.0,1
P06925,C00228,1123.92,upi,Axis,insufficient_funds,4,3,1,30,1,227.0,1
P06926,C02366,229.13,upi,SBI,bank_declined,8,2,0,0,0,,0
P06927,C01488,275.88,card,HDFC,bank_declined,3,1,0,0,0,,0
P06928,C00802,596.53,netbanking,ICICI,insufficient_funds,5,1,0,0,0,,0
P06929,C01623,179.84,upi,HDFC,insufficient_funds,6,2,0,0,1,180.0,0
P06930,C01906,259.75,wallet,HDFC,limit_exceeded,3,5,1,30,0,,1
P06931,C02922,897.45,upi,ICICI,timeout,4,3,1,10,0,,1
P06932,C00472,1160.25,netbanking,SBI,insufficient_funds,4,2,1,30,0,,1
P06933,C01080,256.8,netbanking,SBI,network_error,5,2,1,30,1,169.0,1
P06934,C02673,276.31,card,HDFC,insufficient_funds,4,1,0,0,1,219.0,0
P06935,C02061,787.6,upi,SBI,timeout,5,0,0,0,0,,0
P06936,C01042,963.82,card,Other,network_error,1,1,1,60,0,,1
P06937,C02742,397.97,netbanking,Other,limit_exceeded,2,3,0,0,0,,0
P06938,C02161,300.44,upi,SBI,bank_declined,6,2,1,10,0,,1
P06939,C00229,700.72,upi,Other,timeout,4,2,1,60,0,,1
P06940,C00171,615.42,card,ICICI,insufficient_funds,7,2,1,120,1,106.0,1
P06941,C00295,467.05,upi,HDFC,limit_exceeded,6,4,1,10,1,215.0,1
P06942,C00189,1732.44,card,SBI,network_error,0,4,0,0,0,,0
P06943,C00426,569.9,netbanking,HDFC,bank_declined,1,2,0,0,0,,0
P06944,C00977,216.05,card,ICICI,insufficient_funds,5,1,1,30,0,,1
P06945,C01103,643.11,card,HDFC,network_error,3,2,0,0,0,,0
P06946,C02706,296.8,card,SBI,timeout,3,2,1,10,0,,1
P06947,C00919,425.97,card,ICICI,insufficient_funds,2,2,1,120,0,,1
P06948,C00499,820.1,upi,ICICI,insufficient_funds,1,2,1,120,0,,1
P06949,C01822,876.79,card,Other,bank_declined,3,3,1,10,0,,1
P06950,C02810,60.88,card,SBI,limit_exceeded,6,0,1,30,1,154.0,1
P06951,C00866,321.91,netbanking,ICICI,limit_exceeded,4,3,0,0,0,,0
P06952,C00826,336.42,card,ICICI,timeout,3,1,0,0,0,,0
P06953,C01859,478.1,netbanking,HDFC,insufficient_funds,2,0,0,0,0,,0
P06954,C02119,258.92,card,Other,limit_exceeded,5,3,1,30,1,114.0,1
P06955,C02296,392.2,netbanking,HDFC,insufficient_funds,2,3,0,0,0,,0
P06956,C00146,453.71,upi,ICICI,limit_exceeded,5,1,0,0,0,,0
P06957,C01642,148.3,netbanking,ICICI,bank_declined,7,6,0,0,0,,0
P06958,C01320,425.75,upi,HDFC,timeout,2,0,0,0,1,148.0,0
P06959,C02630,948.71,netbanking,HDFC,insufficient_funds,8,2,1,60,1,60.0,1
P06960,C00470,202.13,upi,ICICI,insufficient_funds,6,0,0,0,1,88.0,0
P06961,C00193,532.19,upi,ICICI,bank_declined,2,2,0,0,0,,0
P06962,C01092,511.1,upi,Other,insufficient_funds,2,6,1,60,0,,1
P06963,C02542,136.24,wallet,ICICI,bank_declined,6,2,1,10,0,,1
P06964,C00052,378.52,card,ICICI,timeout,4,0,0,0,1,120.0,0
P06965,C02930,456.16,card,SBI,network_error,0,2,0,0,1,43.0,0
P06966,C02411,1164.15,upi,Axis,bank_declined,7,4,1,60,0,,1
P06967,C01821,375.94,wallet,Axis,insufficient_funds,1,3,1,30,0,,1
P06968,C02965,632.1,card,ICICI,bank_declined,5,2,0,0,1,64.0,0
P06969,C02522,296.44,card,Other,timeout,2,2,1,30,0,,1
P06970,C01870,600.12,card,SBI,bank_declined,4,4,1,30,0,,1
P06971,C02569,897.86,card,ICICI,bank_declined,4,0,0,0,0,,0
P06972,C01787,152.59,card,SBI,insufficient_funds,3,2,1,30,1,82.0,1
P06973,C01455,537.14,netbanking,HDFC,network_error,5,3,0,0,0,,0
P06974,C01868,707.96,card,Other,network_error,8,4,1,10,1,130.0,1
P06975,C02739,444.07,upi,Axis,bank_declined,4,4,0,0,1,148.0,0
P06976,C02580,577.23,card,SBI,timeout,3,2,1,30,0,,1
P06977,C02008,828.06,netbanking,ICICI,limit_exceeded,3,2,1,60,0,,1
P06978,C01435,187.67,netbanking,HDFC,timeout,5,2,0,0,0,,0
P06979,C00840,641.09,netbanking,Other,network_error,2,3,1,60,1,210.0,1
P06980,C00241,1123.01,netbanking,SBI,limit_exceeded,3,1,1,60,0,,1
P06981,C00536,362.46,wallet,HDFC,bank_declined,3,2,0,0,1,234.0,0
P06982,C01408,314.4,upi,SBI,network_error,2,4,1,60,0,,1
P06983,C00083,313.74,netbanking,SBI,network_error,3,4,1,10,0,,1
P06984,C00982,602.95,card,SBI,timeout,4,0,1,30,0,,1
P06985,C00951,1326.4,upi,Other,bank_declined,2,2,0,0,1,18.0,0
P06986,C00611,2099.9,card,Other,network_error,2,1,1,60,1,195.0,1
P06987,C00574,1478.36,card,Axis,bank_declined,3,0,0,0,0,,0
P06988,C02334,386.8,upi,SBI,insufficient_funds,1,1,0,0,1,39.0,0
P06989,C00989,269.84,wallet,HDFC,limit_exceeded,5,1,0,0,0,,0
P06990,C00459,167.57,card,ICICI,limit_exceeded,4,2,1,30,1,15.0,1
P06991,C02174,673.36,upi,SBI,timeout,4,1,0,0,1,235.0,0
P06992,C01523,3852.75,netbanking,Axis,bank_declined,6,6,0,0,0,,0
P06993,C02473,569.3,card,Other,bank_declined,7,3,1,120,1,206.0,1
P06994,C02602,626.3,card,Axis,insufficient_funds,4,3,0,0,1,29.0,0
P06995,C02658,478.09,upi,Axis,insufficient_funds,8,5,1,10,1,200.0,1
P06996,C01985,727.25,card,SBI,network_error,7,1,0,0,0,,0
P06997,C01567,318.81,upi,SBI,insufficient_funds,3,3,1,30,1,178.0,1
P06998,C02160,618.5,card,HDFC,insufficient_funds,5,0,1,10,1,85.0,1
P06999,C02450,399.56,card,HDFC,bank_declined,1,1,1,120,0,,1
P07000,C00122,688.16,upi,Axis,bank_declined,6,1,1,60,0,,1
P07001,C00273,488.57,wallet,HDFC,bank_declined,4,2,0,0,1,37.0,0
P07002,C01318,708.77,card,HDFC,bank_declined,2,2,1,120,1,138.0,1
P07003,C00398,260.29,netbanking,ICICI,limit_exceeded,4,2,0,0,0,,0
P07004,C02519,1056.69,upi,HDFC,limit_exceeded,4,1,1,60,1,146.0,1
P07005,C00985,973.26,netbanking,Axis,insufficient_funds,4,1,0,0,0,,0
P07006,C01231,399.74,upi,SBI,limit_exceeded,5,2,0,0,1,171.0,0
P07007,C01134,332.03,wallet,Other,insufficient_funds,7,1,0,0,1,232.0,0
P07008,C01302,203.49,card,SBI,bank_declined,3,1,0,0,0,,0
P07009,C01911,218.04,wallet,Axis,timeout,6,3,1,120,0,,1
P07010,C02617,374.58,netbanking,Other,network_error,4,5,1,60,0,,1
P07011,C01506,548.84,netbanking,ICICI,insufficient_funds,5,3,0,0,1,33.0,0
P07012,C01917,567.34,netbanking,Axis,timeout,1,1,0,0,1,166.0,0
P07013,C02945,1669.07,netbanking,Axis,network_error,1,2,0,0,1,213.0,0
P07014,C00820,344.36,netbanking,Axis,limit_exceeded,4,2,1,10,1,23.0,1
P07015,C02901,321.24,netbanking,SBI,limit_exceeded,1,1,0,0,1,203.0,0
P07016,C02758,461.63,upi,Other,limit_exceeded,2,1,1,10,1,94.0,1
P07017,C01957,259.5,wallet,ICICI,bank_declined,2,0,1,10,0,,1
P07018,C02369,1437.27,upi,HDFC,timeout,5,3,0,0,1,51.0,0
P07019,C00179,1728.35,netbanking,Other,limit_exceeded,2,1,0,0,1,62.0,0
P07020,C00897,857.97,netbanking,Axis,insufficient_funds,2,1,1,60,0,,1
P07021,C02267,945.32,netbanking,Axis,timeout,7,3,0,0,0,,0
P07022,C02837,440.01,netbanking,Axis,insufficient_funds,5,1,1,120,1,56.0,1
P07023,C01973,789.17,card,Axis,limit_exceeded,10,0,0,0,1,130.0,0
P07024,C01552,1180.66,netbanking,ICICI,insufficient_funds,1,1,1,10,0,,1
P07025,C00492,393.44,card,SBI,network_error,4,2,1,10,0,,1
P07026,C00061,1343.38,upi,Other,network_error,2,1,0,0,1,172.0,0
P07027,C01078,484.61,netbanking,ICICI,bank_declined,2,1,0,0,0,,0
P07028,C01704,460.0,netbanking,ICICI,timeout,3,1,1,60,0,,1
P07029,C02586,266.64,netbanking,ICICI,bank_declined,3,1,0,0,0,,0
P07030,C02896,575.07,upi,ICICI,bank_declined,3,2,0,0,0,,0
P07031,C00065,1079.27,card,ICICI,insufficient_funds,6,1,1,120,0,,1
P07032,C00586,101.3,upi,ICICI,timeout,7,3,1,120,0,,1
P07033,C01728,626.55,upi,ICICI,insufficient_funds,5,1,0,0,0,,0
P07034,C02219,819.03,card,SBI,limit_exceeded,1,2,0,0,1,233.0,0
P07035,C00535,535.63,upi,SBI,bank_declined,4,1,1,10,1,138.0,1
P07036,C02741,124.3,netbanking,ICICI,network_error,4,1,1,30,0,,1
P07037,C02156,190.32,upi,Axis,bank_declined,8,0,1,10,1,63.0,1
P07038,C01871,465.92,netbanking,HDFC,timeout,6,1,0,0,0,,0
P07039,C02862,152.74,upi,ICICI,insufficient_funds,6,3,1,60,1,80.0,1
P07040,C01005,3228.11,upi,Other,timeout,3,3,0,0,0,,0
P07041,C02500,1222.21,card,Other,timeout,2,4,1,30,1,172.0,1
P07042,C01230,238.5,wallet,ICICI,bank_declined,5,4,1,10,0,,1
P07043,C02638,908.07,upi,SBI,insufficient_funds,7,0,1,120,0,,1
P07044,C01040,787.63,netbanking,Other,network_error,3,1,0,0,0,,0
P07045,C00327,382.3,upi,SBI,limit_exceeded,1,0,0,0,1,136.0,0
P07046,C00608,980.48,netbanking,HDFC,insufficient_funds,3,4,0,0,0,,0
P07047,C02707,114.37,card,Axis,timeout,4,1,0,0,1,9.0,0
P07048,C00002,387.89,wallet,SBI,network_error,3,1,0,0,0,,0
P07049,C01034,341.78,netbanking,Other,insufficient_funds,2,2,1,60,1,20.0,1
P07050,C02482,1734.08,netbanking,HDFC,bank_declined,3,1,0,0,1,103.0,0
P07051,C00125,251.57,upi,Axis,network_error,3,2,0,0,0,,0
P07052,C01105,796.11,netbanking,SBI,network_error,8,1,1,30,0,,1
P07053,C02533,304.53,upi,Axis,limit_exceeded,4,2,1,60,0,,1
P07054,C02700,1036.83,upi,HDFC,limit_exceeded,5,1,1,120,0,,1
P07055,C01862,364.26,netbanking,HDFC,bank_declined,5,4,1,30,1,230.0,1
P07056,C01174,210.59,upi,ICICI,insufficient_funds,3,4,1,60,0,,1
P07057,C02848,482.53,card,ICICI,insufficient_funds,6,3,1,30,1,141.0,1
P07058,C02921,889.53,card,SBI,limit_exceeded,7,3,0,0,0,,0
P07059,C00129,710.48,upi,Other,limit_exceeded,8,4,1,60,1,140.0,1
P07060,C00438,173.3,wallet,ICICI,timeout,5,0,1,30,0,,1
P07061,C00751,160.98,wallet,SBI,limit_exceeded,2,1,1,30,0,,1
P07062,C02549,314.07,netbanking,Axis,bank_declined,4,1,0,0,0,,0
P07063,C01222,247.29,card,HDFC,timeout,2,2,1,60,0,,1
P07064,C02259,262.06,upi,ICICI,network_error,5,2,1,60,1,103.0,1
P07065,C00902,356.79,upi,SBI,timeout,2,2,1,10,0,,1
P07066,C02093,745.7,upi,HDFC,network_error,5,1,1,30,1,136.0,1
P07067,C01303,406.12,card,Axis,timeout,2,3,1,30,1,15.0,1
P07068,C02583,215.0,card,ICICI,bank_declined,10,2,0,0,0,,0
P07069,C01434,259.3,card,ICICI,limit_exceeded,7,1,0,0,1,124.0,0
P07070,C02509,672.26,upi,Axis,insufficient_funds,8,0,1,10,1,217.0,1
P07071,C00391,455.84,upi,Other,network_error,4,1,1,10,0,,1
P07072,C01068,299.37,card,SBI,timeout,5,3,0,0,1,132.0,0
P07073,C00027,766.67,upi,Axis,network_error,5,1,1,120,0,,1
P07074,C02842,866.9,card,HDFC,bank_declined,3,1,1,10,1,175.0,1
P07075,C00548,842.09,netbanking,HDFC,network_error,8,2,0,0,1,88.0,0
P07076,C02669,459.13,card,Other,network_error,3,1,1,120,0,,1
P07077,C00567,262.48,card,Axis,insufficient_funds,2,1,1,60,0,,1
P07078,C00704,420.81,upi,SBI,timeout,3,0,1,120,0,,1
P07079,C01243,299.82,card,Axis,bank_declined,6,1,1,10,1,70.0,1
P07080,C00185,78.0,upi,Other,timeout,3,2,0,0,0,,0
P07081,C01591,417.71,card,ICICI,insufficient_funds,3,0,1,60,1,206.0,1
P07082,C01914,109.49,card,Axis,network_error,3,0,1,120,1,194.0,1
P07083,C00848,296.44,card,Other,network_error,2,2,1,10,0,,1
P07084,C00599,327.67,card,Other,limit_exceeded,6,5,1,30,0,,1
P07085,C00806,1452.83,card,ICICI,bank_declined,3,3,1,30,0,,1
P07086,C01358,214.86,upi,Other,network_error,6,3,0,0,0,,0
P07087,C02127,580.14,upi,SBI,insufficient_funds,4,0,0,0,0,,0
P07088,C02627,395.03,upi,Other,timeout,1,3,1,60,0,,1
P07089,C01879,680.3,card,ICICI,limit_exceeded,5,1,1,30,0,,1
P07090,C02461,309.79,upi,Axis,limit_exceeded,8,2,1,120,1,200.0,1
P07091,C00546,163.19,wallet,Other,limit_exceeded,6,2,0,0,0,,0
P07092,C01633,531.09,card,Other,bank_declined,3,5,0,0,0,,0
P07093,C02217,498.74,card,SBI,network_error,3,2,1,60,1,195.0,1
P07094,C02729,561.97,netbanking,ICICI,bank_declined,3,5,1,10,0,,1
P07095,C02631,399.44,upi,ICICI,timeout,7,1,1,60,0,,1
P07096,C02563,384.1,netbanking,ICICI,bank_declined,2,1,0,0,1,91.0,0
P07097,C02080,865.26,upi,ICICI,network_error,2,0,0,0,0,,0
P07098,C02335,811.4,card,ICICI,insufficient_funds,7,2,1,30,0,,1
P07099,C02642,280.63,upi,HDFC,limit_exceeded,5,3,0,0,1,123.0,0
P07100,C01927,444.13,upi,Axis,bank_declined,2,5,0,0,0,,0
P07101,C00617,212.45,upi,Other,network_error,5,1,1,10,0,,1
P07102,C02318,733.29,upi,Other,network_error,2,6,1,10,1,203.0,1
P07103,C01204,680.94,wallet,Other,bank_declined,3,0,1,120,1,15.0,1
P07104,C01760,1327.44,upi,SBI,timeout,1,3,0,0,0,,0
P07105,C02566,825.33,upi,ICICI,timeout,4,1,1,120,0,,1
P07106,C02631,558.39,netbanking,Axis,network_error,4,0,0,0,1,205.0,0
P07107,C00226,2997.63,card,Other,limit_exceeded,4,3,0,0,0,,0
P07108,C00670,628.38,upi,ICICI,insufficient_funds,3,3,1,30,1,215.0,1
P07109,C01764,727.06,wallet,ICICI,bank_declined,6,4,1,60,0,,1
P07110,C00917,138.76,netbanking,ICICI,insufficient_funds,7,1,0,0,0,,0
P07111,C02174,870.04,card,SBI,bank_declined,1,2,0,0,0,,0
P07112,C02122,2674.82,upi,Axis,limit_exceeded,4,1,1,120,1,136.0,1
P07113,C01215,602.19,card,Other,bank_declined,4,1,1,10,0,,1
P07114,C01706,852.99,upi,HDFC,bank_declined,6,1,1,30,1,142.0,1
P07115,C01843,1071.14,card,SBI,network_error,2,2,1,60,1,180.0,1
P07116,C01984,1739.75,card,SBI,insufficient_funds,5,3,0,0,0,,0
P07117,C00056,754.87,upi,HDFC,bank_declined,2,2,1,10,1,206.0,1
P07118,C00720,162.77,upi,SBI,network_error,2,3,0,0,1,148.0,0
P07119,C02601,578.41,upi,Other,bank_declined,5,1,0,0,1,182.0,0
P07120,C02080,848.87,netbanking,Axis,network_error,7,2,0,0,0,,0
P07121,C00574,802.98,card,Axis,insufficient_funds,5,4,0,0,0,,0
P07122,C00667,442.89,card,Other,bank_declined,6,2,0,0,0,,0
P07123,C00284,380.95,netbanking,Other,network_error,4,1,0,0,0,,0
P07124,C01745,382.61,netbanking,Axis,bank_declined,3,2,1,120,1,5.0,1
P07125,C02235,443.9,netbanking,Other,network_error,3,3,0,0,1,97.0,0
P07126,C00498,540.13,card,SBI,limit_exceeded,13,2,1,30,1,100.0,1
P07127,C01466,720.23,card,Axis,limit_exceeded,6,0,0,0,1,47.0,0
P07128,C00130,641.07,upi,HDFC,timeout,3,0,1,30,0,,1
P07129,C00639,364.19,netbanking,HDFC,insufficient_funds,3,1,0,0,1,102.0,0
P07130,C02162,214.4,card,Other,timeout,9,4,1,10,1,40.0,1
P07131,C02061,642.15,wallet,HDFC,bank_declined,2,3,0,0,1,227.0,0
P07132,C02492,402.36,card,HDFC,limit_exceeded,6,3,1,120,1,52.0,1
P07133,C02495,1518.0,card,Axis,network_error,1,0,1,30,0,,1
P07134,C00986,933.08,card,SBI,insufficient_funds,7,2,0,0,1,230.0,0
P07135,C00993,625.55,card,ICICI,bank_declined,3,2,0,0,0,,0
P07136,C02763,290.36,netbanking,HDFC,bank_declined,5,5,0,0,0,,0
P07137,C02122,191.35,upi,Other,bank_declined,4,2,1,30,1,146.0,1
P07138,C02585,493.57,card,ICICI,timeout,9,2,0,0,1,231.0,0
P07139,C00101,545.81,card,HDFC,bank_declined,3,2,1,60,1,68.0,1
P07140,C02224,146.1,upi,SBI,insufficient_funds,5,3,1,60,0,,1
P07141,C00427,686.42,card,HDFC,network_error,5,1,0,0,0,,0
P07142,C00041,510.07,card,Other,bank_declined,3,3,1,120,0,,1
P07143,C00429,75.98,card,SBI,insufficient_funds,6,3,0,0,1,82.0,0
P07144,C00344,270.67,card,Other,bank_declined,5,0,0,0,0,,0
P07145,C00366,283.53,wallet,Other,insufficient_funds,8,0,0,0,1,8.0,0
P07146,C00609,209.75,upi,Other,timeout,6,2,1,60,1,157.0,1
P07147,C02705,646.29,netbanking,Other,limit_exceeded,5,1,1,30,1,92.0,1
P07148,C00728,1722.9,netbanking,Other,network_error,2,2,1,30,1,172.0,1
P07149,C02277,681.64,netbanking,SBI,network_error,7,2,1,10,0,,1
P07150,C00825,767.06,card,Axis,timeout,1,1,0,0,0,,0
P07151,C01376,286.26,upi,SBI,insufficient_funds,2,1,1,120,0,,1
P07152,C00889,704.0,card,Axis,insufficient_funds,3,5,0,0,0,,0
P07153,C02044,433.4,upi,SBI,network_error,3,0,0,0,0,,0
P07154,C01342,493.02,card,Other,timeout,5,6,0,0,1,66.0,0
P07155,C02884,322.94,card,SBI,network_error,4,1,0,0,1,21.0,0
P07156,C01297,163.24,upi,SBI,limit_exceeded,1,2,1,60,0,,1
P07157,C00117,937.97,card,Axis,bank_declined,0,1,0,0,0,,0
P07158,C02866,551.66,netbanking,SBI,network_error,4,2,0,0,0,,0
P07159,C02416,419.73,card,SBI,limit_exceeded,7,4,0,0,1,121.0,0
P07160,C01118,1768.46,upi,HDFC,limit_exceeded,2,1,1,120,1,132.0,1
P07161,C00168,245.32,netbanking,Other,insufficient_funds,2,0,0,0,1,17.0,0
P07162,C01739,771.36,card,Other,bank_declined,3,1,0,0,1,78.0,0
P07163,C01365,2073.8,wallet,HDFC,timeout,4,2,0,0,0,,0
P07164,C02709,660.63,upi,SBI,insufficient_funds,6,4,1,120,0,,1
P07165,C00695,218.75,wallet,ICICI,limit_exceeded,3,3,1,30,1,65.0,1
P07166,C00925,977.38,card,SBI,network_error,0,3,0,0,0,,0
P07167,C00152,336.36,netbanking,Other,insufficient_funds,1,1,0,0,1,66.0,0
P07168,C00586,320.51,card,SBI,bank_declined,4,4,0,0,0,,0
P07169,C00913,261.97,upi,ICICI,bank_declined,2,2,1,120,0,,1
P07170,C02322,1540.5,upi,HDFC,bank_declined,8,1,1,60,1,16.0,1
P07171,C01578,371.11,upi,Other,bank_declined,4,6,0,0,0,,0
P07172,C00496,258.78,card,ICICI,limit_exceeded,5,1,0,0,0,,0
P07173,C02149,1179.4,netbanking,ICICI,bank_declined,3,3,1,10,1,81.0,1
P07174,C00557,162.17,netbanking,ICICI,limit_exceeded,6,1,0,0,1,98.0,0
P07175,C01106,515.41,card,Axis,network_error,4,0,0,0,1,199.0,0
P07176,C01553,306.11,upi,HDFC,limit_exceeded,5,0,1,120,0,,1
P07177,C02121,753.23,upi,Other,insufficient_funds,2,4,1,10,0,,1
P07178,C00157,366.36,upi,HDFC,bank_declined,2,4,1,30,0,,1
P07179,C00735,183.47,card,Axis,network_error,4,2,1,120,1,36.0,1
P07180,C02180,544.95,netbanking,Other,insufficient_funds,2,0,0,0,1,91.0,0
P07181,C01428,357.32,netbanking,SBI,bank_declined,3,3,0,0,1,195.0,0
P07182,C00559,888.34,upi,HDFC,limit_exceeded,6,2,0,0,1,54.0,0
P07183,C02155,516.41,netbanking,Axis,insufficient_funds,6,1,1,10,0,,1
P07184,C02313,2206.19,wallet,SBI,network_error,3,3,1,10,1,186.0,1
P07185,C00155,333.73,wallet,Axis,limit_exceeded,5,3,0,0,0,,0
P07186,C00997,1119.73,upi,Other,network_error,5,2,0,0,0,,0
P07187,C02295,385.61,upi,HDFC,bank_declined,4,4,0,0,0,,0
P07188,C00531,452.71,upi,Axis,network_error,6,2,1,120,1,69.0,1
P07189,C02906,836.6,upi,Other,network_error,3,2,1,60,1,228.0,1
P07190,C01972,254.88,upi,Axis,insufficient_funds,0,1,1,60,0,,1
P07191,C02586,1132.34,netbanking,ICICI,insufficient_funds,5,2,1,120,1,162.0,1
P07192,C00729,800.12,wallet,HDFC,network_error,2,1,0,0,1,166.0,0
P07193,C01178,857.4,card,ICICI,network_error,5,4,0,0,1,41.0,0
P07194,C00154,948.65,card,Axis,bank_declined,1,5,1,120,1,175.0,1
P07195,C00092,738.82,card,SBI,limit_exceeded,3,2,0,0,0,,0
P07196,C02386,793.3,netbanking,Other,network_error,3,4,1,10,0,,1
P07197,C01504,1238.25,upi,SBI,insufficient_funds,4,2,0,0,1,108.0,0
P07198,C01717,494.7,upi,SBI,bank_declined,4,2,1,60,1,72.0,1
P07199,C02498,434.81,upi,ICICI,timeout,2,2,0,0,0,,0
P07200,C02017,691.41,netbanking,Other,network_error,3,4,1,120,1,118.0,1
P07201,C02858,528.5,upi,Axis,insufficient_funds,5,0,1,10,1,112.0,1
P07202,C00787,948.47,upi,Axis,network_error,2,1,1,10,1,205.0,1
P07203,C00273,1818.32,card,Axis,bank_declined,3,1,0,0,0,,0
P07204,C02028,254.15,upi,Axis,bank_declined,4,3,1,60,1,136.0,1
P07205,C02636,527.82,card,ICICI,network_error,4,4,1,30,0,,1
P07206,C00177,234.09,netbanking,Other,network_error,3,3,0,0,0,,0
P07207,C02879,425.24,netbanking,Axis,timeout,3,9,1,120,1,208.0,1
P07208,C00643,444.06,card,HDFC,bank_declined,6,1,1,30,0,,1
P07209,C01899,375.06,card,Axis,timeout,4,0,1,120,1,93.0,1
P07210,C00567,928.23,card,ICICI,insufficient_funds,3,1,0,0,0,,0
P07211,C00666,633.4,card,HDFC,insufficient_funds,6,1,1,120,1,138.0,1
P07212,C01332,323.83,netbanking,SBI,limit_exceeded,3,1,0,0,0,,0
P07213,C02916,929.45,wallet,ICICI,insufficient_funds,3,0,1,60,0,,1
P07214,C01799,454.93,upi,Axis,network_error,7,2,0,0,1,203.0,0
P07215,C01070,339.52,card,Other,limit_exceeded,3,2,0,0,1,168.0,0
P07216,C02350,241.56,upi,Other,limit_exceeded,6,3,0,0,0,,0
P07217,C02916,176.68,netbanking,HDFC,limit_exceeded,1,4,0,0,0,,0
P07218,C02960,355.86,wallet,ICICI,limit_exceeded,4,0,0,0,0,,0
P07219,C00408,513.35,card,HDFC,bank_declined,8,3,0,0,1,177.0,0
P07220,C01213,943.28,upi,HDFC,bank_declined,4,3,1,60,1,30.0,1
P07221,C02870,117.82,upi,Other,insufficient_funds,2,3,1,30,1,41.0,1
P07222,C01854,1816.68,upi,ICICI,insufficient_funds,1,1,1,60,0,,1
P07223,C01153,287.56,upi,Other,network_error,4,1,1,30,0,,1
P07224,C02609,376.22,upi,ICICI,bank_declined,3,1,0,0,0,,0
P07225,C01142,385.81,card,Other,bank_declined,9,1,1,10,1,223.0,1
P07226,C02512,316.72,card,ICICI,network_error,3,2,0,0,0,,0
P07227,C00144,398.13,upi,SBI,insufficient_funds,6,5,0,0,0,,0
P07228,C02490,417.04,netbanking,Other,insufficient_funds,1,3,0,0,1,102.0,0
P07229,C00487,442.97,card,SBI,timeout,1,3,0,0,1,63.0,0
P07230,C00860,1494.7,netbanking,HDFC,timeout,3,2,0,0,1,132.0,0
P07231,C01936,294.59,card,Other,bank_declined,1,2,1,120,0,,1
P07232,C00148,1778.79,upi,HDFC,network_error,2,1,0,0,0,,0
P07233,C01360,721.74,wallet,Other,insufficient_funds,5,0,1,120,1,33.0,1
P07234,C01358,166.2,upi,HDFC,bank_declined,4,3,0,0,1,156.0,0
P07235,C02859,275.37,netbanking,Axis,insufficient_funds,3,0,1,120,1,136.0,1
P07236,C02714,253.32,upi,ICICI,bank_declined,3,2,0,0,1,160.0,0
P07237,C00090,485.11,card,HDFC,insufficient_funds,9,3,0,0,0,,0
P07238,C01358,1241.07,upi,ICICI,bank_declined,2,3,0,0,0,,0
P07239,C00199,871.2,upi,HDFC,network_error,4,0,0,0,1,215.0,0
P07240,C00538,241.75,netbanking,Other,bank_declined,2,1,0,0,1,158.0,0
P07241,C00301,1153.44,upi,ICICI,bank_declined,0,2,0,0,0,,0
P07242,C00724,237.43,netbanking,ICICI,insufficient_funds,2,3,1,120,1,109.0,1
P07243,C01599,263.91,netbanking,SBI,bank_declined,3,4,1,30,0,,1
P07244,C01460,1026.82,netbanking,ICICI,limit_exceeded,5,2,1,30,0,,1
P07245,C00068,1011.82,upi,ICICI,limit_exceeded,4,2,0,0,0,,0
P07246,C02507,871.78,upi,ICICI,bank_declined,5,4,1,60,0,,1
P07247,C01538,499.72,netbanking,HDFC,limit_exceeded,7,4,1,120,0,,1
P07248,C00398,467.57,card,Axis,bank_declined,3,1,0,0,0,,0
P07249,C00620,217.1,card,ICICI,network_error,5,1,0,0,1,190.0,0
P07250,C01585,488.49,card,Axis,timeout,3,1,1,60,1,94.0,1
P07251,C01164,307.54,card,ICICI,bank_declined,7,2,1,30,1,35.0,1
P07252,C00730,434.92,upi,Other,insufficient_funds,4,0,0,0,1,60.0,0
P07253,C00556,2456.46,wallet,Axis,bank_declined,2,1,1,30,0,,1
P07254,C01953,617.95,card,SBI,timeout,4,1,1,10,0,,1
P07255,C02829,226.77,netbanking,ICICI,limit_exceeded,2,2,0,0,0,,0
P07256,C01752,1176.45,upi,Other,insufficient_funds,5,1,1,60,0,,1
P07257,C02942,1261.38,upi,Axis,network_error,5,3,0,0,0,,0
P07258,C02658,1344.99,netbanking,Other,insufficient_funds,5,1,0,0,1,16.0,0
P07259,C02796,352.96,netbanking,SBI,limit_exceeded,6,6,1,30,1,121.0,1
P07260,C02330,455.81,card,SBI,limit_exceeded,7,4,0,0,1,118.0,0
P07261,C02709,203.74,card,SBI,timeout,6,1,1,10,0,,1
P07262,C02972,1467.79,wallet,SBI,timeout,1,3,0,0,0,,0
P07263,C00996,537.48,card,Other,network_error,3,2,0,0,1,65.0,0
P07264,C01960,188.81,card,Axis,insufficient_funds,6,0,1,30,0,,1
P07265,C01602,1568.06,upi,SBI,limit_exceeded,5,0,1,120,1,128.0,1
P07266,C02794,306.44,netbanking,Other,insufficient_funds,7,5,0,0,0,,0
P07267,C01481,373.82,upi,Other,insufficient_funds,4,2,0,0,0,,0
P07268,C02135,236.84,upi,Axis,bank_declined,3,2,0,0,1,164.0,0
P07269,C01103,211.69,upi,Other,bank_declined,7,3,0,0,0,,0
P07270,C02839,647.24,netbanking,HDFC,insufficient_funds,4,0,1,60,0,,1
P07271,C02352,302.6,card,Axis,timeout,7,1,0,0,1,239.0,0
P07272,C01404,169.44,card,Other,insufficient_funds,3,3,0,0,0,,0
P07273,C02178,986.01,card,ICICI,network_error,3,0,0,0,1,192.0,0
P07274,C02644,700.79,card,ICICI,bank_declined,3,3,0,0,0,,0
P07275,C01300,1722.42,card,SBI,timeout,7,6,0,0,0,,0
P07276,C01723,379.6,netbanking,Axis,bank_declined,0,2,1,60,0,,1
P07277,C02606,506.76,netbanking,Other,timeout,5,4,0,0,1,42.0,0
P07278,C00899,571.41,netbanking,Other,bank_declined,4,0,1,120,1,183.0,1
P07279,C01207,543.31,card,HDFC,network_error,4,4,1,10,0,,1
P07280,C01536,587.46,upi,HDFC,bank_declined,7,2,0,0,0,,0
P07281,C00078,393.61,upi,SBI,bank_declined,0,4,1,10,1,20.0,1
P07282,C02832,139.55,netbanking,Axis,insufficient_funds,2,1,0,0,1,114.0,0
P07283,C02722,602.81,wallet,SBI,bank_declined,4,3,0,0,0,,0
P07284,C01533,736.98,netbanking,HDFC,insufficient_funds,4,1,1,120,1,40.0,1
P07285,C00238,389.36,upi,HDFC,insufficient_funds,3,0,1,10,1,180.0,1
P07286,C01158,2808.27,upi,Axis,network_error,5,1,0,0,0,,0
P07287,C01997,352.83,netbanking,SBI,network_error,6,4,0,0,0,,0
P07288,C01216,318.04,card,HDFC,network_error,3,0,1,60,0,,1
P07289,C00278,672.26,card,Other,network_error,4,2,1,30,1,62.0,1
P07290,C00524,580.86,card,ICICI,insufficient_funds,5,2,1,60,0,,1
P07291,C00180,163.73,netbanking,HDFC,insufficient_funds,7,5,1,60,0,,1
P07292,C00123,860.66,card,SBI,network_error,6,1,0,0,1,26.0,0
P07293,C01270,358.01,card,HDFC,bank_declined,7,1,0,0,1,60.0,0
P07294,C01758,1172.54,card,Other,bank_declined,1,4,0,0,0,,0
P07295,C01095,651.86,upi,ICICI,limit_exceeded,4,2,1,120,0,,1
P07296,C00480,418.0,upi,ICICI,insufficient_funds,1,5,1,10,0,,1
P07297,C01798,1202.83,netbanking,Other,limit_exceeded,2,5,1,120,0,,1
P07298,C02132,335.57,upi,SBI,limit_exceeded,4,2,1,10,0,,1
P07299,C02613,193.48,wallet,Other,limit_exceeded,4,0,0,0,1,54.0,0
P07300,C02667,189.8,card,Other,network_error,5,0,0,0,1,131.0,0
P07301,C02405,583.99,upi,Axis,limit_exceeded,1,3,0,0,1,206.0,0
P07302,C00816,1762.11,upi,Axis,limit_exceeded,5,2,0,0,0,,0
P07303,C02695,445.94,card,Axis,bank_declined,2,3,0,0,0,,0
P07304,C00443,838.77,card,ICICI,limit_exceeded,0,3,1,10,1,35.0,1
P07305,C02571,612.77,card,ICICI,limit_exceeded,4,2,1,30,0,,1
P07306,C00143,369.04,netbanking,HDFC,bank_declined,2,1,0,0,1,64.0,0
P07307,C00192,154.42,card,Axis,bank_declined,5,2,0,0,0,,0
P07308,C01411,553.63,card,SBI,network_error,3,2,0,0,0,,0
P07309,C00378,865.32,upi,SBI,bank_declined,4,0,1,10,1,224.0,1
P07310,C02629,677.64,upi,Axis,bank_declined,8,3,1,30,0,,1
P07311,C00535,388.48,card,ICICI,bank_declined,1,1,1,30,1,154.0,1
P07312,C01717,340.31,wallet,Other,bank_declined,3,1,1,30,1,132.0,1
P07313,C01033,316.19,card,ICICI,bank_declined,5,1,1,10,0,,1
P07314,C01411,310.7,card,HDFC,bank_declined,4,1,0,0,1,33.0,0
P07315,C02141,508.52,card,Axis,timeout,3,4,1,30,0,,1
P07316,C01990,441.57,card,ICICI,network_error,4,1,0,0,0,,0
P07317,C02577,702.08,card,Other,bank_declined,5,0,0,0,1,85.0,0
P07318,C01178,249.86,upi,HDFC,insufficient_funds,4,2,1,30,0,,1
P07319,C00405,483.76,netbanking,ICICI,timeout,8,5,1,30,1,220.0,1
P07320,C02888,480.82,upi,Axis,network_error,3,5,0,0,0,,0
P07321,C01173,345.18,card,Other,limit_exceeded,3,3,0,0,0,,0
P07322,C00889,611.06,wallet,ICICI,bank_declined,4,0,0,0,0,,0
P07323,C00422,263.81,card,Axis,insufficient_funds,7,2,1,10,0,,1
P07324,C01642,1135.49,upi,Axis,insufficient_funds,3,1,1,10,0,,1
P07325,C00472,663.03,card,ICICI,insufficient_funds,1,2,1,10,0,,1
P07326,C02941,721.39,upi,ICICI,bank_declined,3,3,0,0,1,15.0,0
P07327,C00547,468.61,upi,ICICI,insufficient_funds,6,1,1,60,1,207.0,1
P07328,C00631,391.46,upi,Other,insufficient_funds,4,0,0,0,0,,0
P07329,C01038,297.25,upi,ICICI,insufficient_funds,2,4,0,0,1,233.0,0
P07330,C02826,275.12,wallet,SBI,timeout,2,5,1,120,0,,1
P07331,C01830,168.97,card,ICICI,timeout,4,3,1,60,1,165.0,1
P07332,C00364,525.84,netbanking,HDFC,insufficient_funds,4,2,0,0,1,153.0,0
P07333,C02167,803.61,card,SBI,limit_exceeded,4,2,1,30,1,75.0,1
P07334,C00546,209.51,upi,HDFC,insufficient_funds,2,2,1,30,0,,1
P07335,C02570,1243.82,card,HDFC,insufficient_funds,4,1,1,60,0,,1
P07336,C00634,163.88,wallet,Axis,insufficient_funds,3,2,0,0,1,44.0,0
P07337,C01937,896.11,netbanking,Other,insufficient_funds,5,0,0,0,1,91.0,0
P07338,C01681,272.64,upi,SBI,network_error,6,2,0,0,1,38.0,0
P07339,C00963,1048.7,wallet,SBI,insufficient_funds,5,2,0,0,1,148.0,0
P07340,C00883,840.57,netbanking,Axis,network_error,4,3,1,120,1,101.0,1
P07341,C02828,3148.96,wallet,HDFC,bank_declined,3,2,0,0,0,,0
P07342,C00871,318.52,netbanking,Other,insufficient_funds,4,2,0,0,0,,0
P07343,C00516,102.96,card,Other,limit_exceeded,3,1,0,0,1,112.0,0
P07344,C02986,131.15,upi,Axis,insufficient_funds,5,3,1,120,1,103.0,1
P07345,C01421,426.55,wallet,ICICI,limit_exceeded,6,2,0,0,1,188.0,0
P07346,C00866,552.83,card,Other,bank_declined,2,0,0,0,0,,0
P07347,C02154,298.2,netbanking,ICICI,limit_exceeded,7,1,0,0,1,9.0,0
P07348,C01109,635.8,card,Axis,limit_exceeded,5,1,0,0,1,112.0,0
P07349,C00214,920.95,upi,HDFC,timeout,3,2,0,0,0,,0
P07350,C02898,741.62,card,ICICI,limit_exceeded,2,0,1,60,1,159.0,1
P07351,C02245,479.27,card,SBI,timeout,5,1,0,0,0,,0
P07352,C00019,272.56,netbanking,ICICI,network_error,1,3,1,10,0,,1
P07353,C00642,882.24,card,HDFC,timeout,3,0,0,0,1,112.0,0
P07354,C01105,1296.33,card,ICICI,network_error,4,1,0,0,0,,0
P07355,C00330,323.49,upi,Axis,timeout,4,1,0,0,0,,0
P07356,C00866,217.06,wallet,ICICI,limit_exceeded,8,4,1,120,1,123.0,1
P07357,C00774,1105.61,card,SBI,timeout,3,4,0,0,0,,0
P07358,C00392,617.09,card,ICICI,limit_exceeded,3,1,0,0,1,26.0,0
P07359,C00637,608.58,card,Axis,bank_declined,4,3,0,0,0,,0
P07360,C02355,1641.56,card,ICICI,limit_exceeded,5,5,1,10,0,,1
P07361,C02943,140.42,upi,Other,insufficient_funds,3,1,0,0,0,,0
P07362,C02700,424.81,wallet,HDFC,insufficient_funds,2,3,1,30,1,163.0,1
P07363,C02889,641.87,upi,SBI,insufficient_funds,4,1,0,0,0,,0
P07364,C01026,2019.1,card,HDFC,insufficient_funds,6,2,1,30,1,151.0,1
P07365,C02568,476.07,netbanking,SBI,timeout,3,4,0,0,1,44.0,0
P07366,C01675,351.29,card,HDFC,bank_declined,5,2,1,60,1,52.0,1
P07367,C02684,573.47,card,SBI,insufficient_funds,1,0,0,0,0,,0
P07368,C00740,821.92,upi,ICICI,timeout,3,4,0,0,1,37.0,0
P07369,C01546,1135.34,card,HDFC,insufficient_funds,3,1,1,30,0,,1
P07370,C00469,1379.6,upi,SBI,insufficient_funds,1,1,0,0,0,,0
P07371,C02260,129.15,card,ICICI,bank_declined,4,1,1,30,1,111.0,1
P07372,C01136,287.98,wallet,SBI,insufficient_funds,4,3,0,0,0,,0
P07373,C01032,901.86,card,SBI,bank_declined,3,0,1,10,0,,1
P07374,C02852,591.4,upi,Axis,timeout,8,1,1,30,1,216.0,1
P07375,C02525,668.32,card,Axis,bank_declined,3,0,0,0,0,,0
P07376,C00874,318.07,card,HDFC,insufficient_funds,3,0,1,120,1,180.0,1
P07377,C00460,583.16,upi,ICICI,bank_declined,4,1,1,10,1,161.0,1
P07378,C02301,418.94,netbanking,Other,network_error,4,1,1,30,0,,1
P07379,C01550,686.9,upi,SBI,bank_declined,5,1,1,10,1,224.0,1
P07380,C00752,703.46,netbanking,HDFC,insufficient_funds,10,1,0,0,1,187.0,0
P07381,C01462,618.46,card,Axis,timeout,6,0,1,120,1,87.0,1
P07382,C01778,597.35,card,ICICI,insufficient_funds,8,1,1,10,1,36.0,1
P07383,C00854,437.58,card,Axis,limit_exceeded,2,2,0,0,1,23.0,0
P07384,C02284,1498.88,upi,SBI,insufficient_funds,6,4,1,60,1,5.0,1
P07385,C01330,1078.22,netbanking,Axis,network_error,5,2,1,30,1,218.0,1
P07386,C00478,512.24,upi,Axis,insufficient_funds,4,0,1,120,0,,1
P07387,C02727,899.29,upi,ICICI,network_error,3,5,0,0,0,,0
P07388,C02264,2037.46,netbanking,HDFC,insufficient_funds,4,2,1,30,1,215.0,1
P07389,C02903,261.82,upi,SBI,insufficient_funds,2,0,0,0,1,33.0,0
P07390,C00135,302.29,upi,SBI,limit_exceeded,3,5,0,0,0,,0
P07391,C02953,523.32,card,ICICI,bank_declined,3,2,0,0,0,,0
P07392,C01153,613.61,card,HDFC,bank_declined,3,6,0,0,1,231.0,0
P07393,C00410,339.01,netbanking,ICICI,limit_exceeded,4,4,0,0,0,,0
P07394,C01446,807.52,netbanking,ICICI,insufficient_funds,4,0,0,0,0,,0
P07395,C01318,465.36,netbanking,Axis,bank_declined,9,1,1,10,1,136.0,1
P07396,C01270,1058.95,card,HDFC,insufficient_funds,2,3,0,0,1,143.0,0
P07397,C01580,308.76,card,SBI,limit_exceeded,3,1,1,10,0,,1
P07398,C00086,269.99,netbanking,Other,network_error,3,1,0,0,0,,0
P07399,C02604,429.79,wallet,SBI,timeout,3,1,0,0,0,,0
P07400,C01866,443.37,upi,ICICI,insufficient_funds,2,3,1,60,1,27.0,1
P07401,C01470,263.22,card,Other,bank_declined,6,1,1,10,1,159.0,1
P07402,C00378,530.74,card,ICICI,network_error,4,1,1,60,1,71.0,1
P07403,C01681,311.52,netbanking,Other,insufficient_funds,4,2,1,30,1,201.0,1
P07404,C01075,1862.85,card,Axis,network_error,5,2,1,60,1,43.0,1
P07405,C00242,472.63,card,ICICI,limit_exceeded,4,3,0,0,0,,0
P07406,C00920,637.69,upi,Other,limit_exceeded,6,1,1,120,0,,1
P07407,C01587,205.97,card,SBI,bank_declined,7,5,1,120,0,,1
P07408,C02314,724.23,card,Axis,network_error,1,3,1,10,1,238.0,1
P07409,C02760,280.33,card,ICICI,insufficient_funds,8,4,1,120,0,,1
P07410,C01272,934.23,wallet,HDFC,limit_exceeded,2,1,0,0,1,36.0,0
P07411,C00070,167.63,card,Axis,network_error,4,3,1,10,1,206.0,1
P07412,C02105,481.92,wallet,Other,insufficient_funds,4,2,1,30,1,65.0,1
P07413,C01406,1015.35,card,HDFC,timeout,4,3,1,120,0,,1
P07414,C02087,557.21,netbanking,HDFC,bank_declined,4,1,1,60,1,105.0,1
P07415,C02008,446.76,wallet,HDFC,network_error,3,2,0,0,1,125.0,0
P07416,C00801,1256.18,upi,Other,timeout,4,3,1,60,1,49.0,1
P07417,C01042,277.33,netbanking,Axis,bank_declined,2,2,0,0,0,,0
P07418,C02780,217.14,card,HDFC,network_error,7,2,1,10,1,56.0,1
P07419,C00825,237.32,upi,HDFC,insufficient_funds,2,1,0,0,0,,0
P07420,C00756,243.72,upi,Other,insufficient_funds,3,5,0,0,1,47.0,0
P07421,C02400,659.13,netbanking,ICICI,insufficient_funds,4,2,1,120,1,79.0,1
P07422,C01996,399.09,upi,ICICI,network_error,0,5,1,60,1,90.0,1
P07423,C01840,980.89,card,Axis,bank_declined,5,3,0,0,0,,0
P07424,C01322,680.18,card,HDFC,timeout,3,0,0,0,0,,0
P07425,C02331,636.27,netbanking,SBI,timeout,1,2,0,0,0,,0
P07426,C01610,146.14,card,ICICI,timeout,1,2,0,0,0,,0
P07427,C00110,735.63,upi,HDFC,insufficient_funds,2,3,0,0,1,177.0,0
P07428,C01017,1181.6,upi,Axis,network_error,3,1,1,30,0,,1
P07429,C01962,529.76,card,SBI,network_error,0,7,0,0,0,,0
P07430,C02592,250.47,card,ICICI,bank_declined,5,2,1,120,1,128.0,1
P07431,C01770,166.24,netbanking,ICICI,bank_declined,4,1,1,120,0,,1
P07432,C00025,989.48,netbanking,HDFC,timeout,3,0,0,0,1,35.0,0
P07433,C00843,529.26,upi,HDFC,bank_declined,2,2,1,120,1,181.0,1
P07434,C02839,190.25,upi,SBI,insufficient_funds,4,3,0,0,1,102.0,0
P07435,C00738,643.8,upi,Other,network_error,6,2,0,0,1,31.0,0
P07436,C02105,485.31,card,Axis,network_error,1,2,0,0,0,,0
P07437,C00180,1498.91,upi,HDFC,timeout,5,2,1,120,0,,1
P07438,C00232,280.45,wallet,HDFC,insufficient_funds,5,1,1,120,0,,1
P07439,C01918,639.66,card,ICICI,insufficient_funds,4,1,0,0,0,,0
P07440,C00343,1130.49,wallet,SBI,timeout,4,5,0,0,0,,0
P07441,C00477,680.64,wallet,Other,network_error,1,3,0,0,0,,0
P07442,C01823,441.45,card,Other,timeout,2,2,0,0,0,,0
P07443,C02624,389.11,wallet,Axis,bank_declined,4,3,0,0,0,,0
P07444,C00455,396.05,upi,Axis,bank_declined,1,2,0,0,0,,0
P07445,C01256,345.48,upi,HDFC,bank_declined,5,0,1,60,0,,1
P07446,C00289,301.73,card,SBI,network_error,4,5,1,120,1,153.0,1
P07447,C01237,1092.12,upi,ICICI,network_error,4,1,0,0,0,,0
P07448,C02306,1026.73,netbanking,Axis,bank_declined,3,2,1,60,0,,1
P07449,C00530,820.18,card,Other,insufficient_funds,4,3,1,10,0,,1
P07450,C02735,575.42,upi,HDFC,insufficient_funds,5,1,0,0,0,,0
P07451,C02977,562.02,upi,HDFC,insufficient_funds,5,0,1,10,0,,1
P07452,C02277,164.77,card,ICICI,insufficient_funds,4,2,1,60,1,90.0,1
P07453,C00596,802.37,netbanking,SBI,network_error,2,0,0,0,0,,0
P07454,C00435,497.15,wallet,Other,timeout,4,2,1,120,0,,1
P07455,C00882,213.18,upi,HDFC,bank_declined,5,1,0,0,1,129.0,0
P07456,C01782,1026.47,card,HDFC,bank_declined,6,2,0,0,1,91.0,0
P07457,C00402,440.02,wallet,Axis,insufficient_funds,6,1,1,120,1,131.0,1
P07458,C02670,832.79,netbanking,Other,limit_exceeded,4,2,1,10,1,88.0,1
P07459,C02136,670.11,card,ICICI,timeout,8,1,0,0,1,120.0,0
P07460,C02632,261.32,upi,HDFC,bank_declined,5,2,0,0,1,126.0,0
P07461,C01566,830.86,card,Other,insufficient_funds,2,4,0,0,1,92.0,0
P07462,C00309,308.75,card,SBI,timeout,5,3,0,0,0,,0
P07463,C02954,153.71,card,Other,insufficient_funds,3,1,0,0,1,142.0,0
P07464,C00343,828.92,upi,SBI,network_error,1,2,1,60,0,,1
P07465,C00436,566.96,netbanking,SBI,bank_declined,1,3,1,30,0,,1
P07466,C00177,533.06,card,ICICI,limit_exceeded,4,0,0,0,1,185.0,0
P07467,C00139,836.65,upi,HDFC,network_error,6,1,0,0,0,,0
P07468,C00194,220.8,wallet,SBI,insufficient_funds,2,2,1,10,0,,1
P07469,C01185,253.08,upi,ICICI,insufficient_funds,3,0,0,0,0,,0
P07470,C00943,226.18,netbanking,Other,insufficient_funds,5,1,1,30,1,190.0,1
P07471,C00525,354.07,wallet,HDFC,bank_declined,3,1,0,0,0,,0
P07472,C01625,622.4,netbanking,HDFC,timeout,5,2,1,60,1,193.0,1
P07473,C02963,2052.59,upi,ICICI,insufficient_funds,7,2,0,0,1,21.0,0
P07474,C02258,415.79,card,ICICI,bank_declined,3,3,1,30,0,,1
P07475,C00741,552.48,upi,Axis,bank_declined,3,2,0,0,0,,0
P07476,C00862,181.49,upi,Other,insufficient_funds,5,3,1,60,1,23.0,1
P07477,C00954,335.52,upi,Axis,timeout,5,2,0,0,1,220.0,0
P07478,C01303,116.77,upi,Axis,insufficient_funds,8,1,1,10,1,22.0,1
P07479,C01275,2429.11,wallet,HDFC,timeout,9,2,0,0,1,14.0,0
P07480,C01744,131.07,netbanking,Axis,bank_declined,9,2,0,0,1,123.0,0
P07481,C02881,342.99,card,Other,bank_declined,4,3,1,60,1,7.0,1
P07482,C02188,445.6,upi,ICICI,bank_declined,3,3,0,0,1,186.0,0
P07483,C00792,1699.25,wallet,HDFC,bank_declined,9,3,1,30,1,152.0,1
P07484,C00546,576.33,upi,HDFC,bank_declined,3,3,1,10,0,,1
P07485,C01845,184.33,netbanking,Axis,limit_exceeded,3,4,1,120,0,,1
P07486,C01017,398.9,upi,Other,bank_declined,4,2,1,60,1,176.0,1
P07487,C01928,514.23,upi,ICICI,insufficient_funds,2,1,0,0,0,,0
P07488,C01554,313.61,card,Other,bank_declined,7,0,0,0,1,182.0,0
P07489,C00057,293.06,card,SBI,network_error,4,3,1,60,1,65.0,1
P07490,C02160,278.52,wallet,Other,bank_declined,6,2,0,0,1,20.0,0
P07491,C00005,284.19,card,SBI,insufficient_funds,2,5,1,60,0,,1
P07492,C01438,256.76,upi,HDFC,bank_declined,1,2,1,10,1,108.0,1
P07493,C01363,263.13,netbanking,Other,insufficient_funds,4,3,0,0,0,,0
P07494,C01821,387.18,upi,Other,bank_declined,3,2,0,0,0,,0
P07495,C01283,823.39,upi,Other,limit_exceeded,6,2,0,0,1,198.0,0
P07496,C02138,199.82,netbanking,Axis,bank_declined,2,2,1,120,1,121.0,1
P07497,C02664,275.91,netbanking,HDFC,network_error,5,4,1,30,0,,1
P07498,C02939,506.16,wallet,Other,timeout,5,1,0,0,0,,0
P07499,C02746,701.8,upi,ICICI,network_error,3,0,1,60,1,163.0,1
P07500,C01274,1372.49,upi,HDFC,insufficient_funds,4,2,0,0,0,,0
P07501,C02946,797.02,card,Other,insufficient_funds,5,1,1,30,1,65.0,1
P07502,C01132,542.01,card,ICICI,limit_exceeded,4,1,1,120,1,142.0,1
P07503,C00668,476.37,card,Axis,timeout,3,3,1,120,1,91.0,1
P07504,C02642,445.58,upi,ICICI,timeout,1,2,1,30,0,,1
P07505,C02637,215.02,card,HDFC,network_error,4,2,1,120,1,51.0,1
P07506,C02533,640.21,wallet,HDFC,bank_declined,3,3,1,120,1,172.0,1
P07507,C01282,357.93,netbanking,SBI,network_error,2,0,1,10,1,146.0,1
P07508,C02687,540.1,card,SBI,network_error,3,0,0,0,1,114.0,0
P07509,C00997,252.53,card,SBI,network_error,3,4,1,60,0,,1
P07510,C01927,455.08,netbanking,Axis,network_error,1,3,1,30,0,,1
P07511,C00282,253.69,netbanking,HDFC,bank_declined,6,0,1,120,0,,1
P07512,C01228,705.18,netbanking,Axis,bank_declined,3,0,1,60,1,92.0,1
P07513,C02064,405.34,upi,HDFC,network_error,3,0,1,60,1,13.0,1
P07514,C00936,549.0,card,SBI,insufficient_funds,2,2,0,0,1,54.0,0
P07515,C00254,357.02,netbanking,SBI,insufficient_funds,2,6,1,30,1,51.0,1
P07516,C01212,785.26,netbanking,ICICI,timeout,2,1,1,120,0,,1
P07517,C00329,622.61,netbanking,SBI,bank_declined,8,5,0,0,0,,0
P07518,C02592,270.08,card,SBI,limit_exceeded,4,2,1,60,1,182.0,1
P07519,C02831,255.41,upi,Other,bank_declined,2,3,0,0,1,37.0,0
P07520,C01421,891.61,wallet,HDFC,network_error,6,3,1,30,1,51.0,1
P07521,C01541,97.43,card,SBI,network_error,3,1,0,0,0,,0
P07522,C02893,1272.25,netbanking,Other,bank_declined,3,5,1,30,0,,1
P07523,C01193,291.65,card,Other,limit_exceeded,3,4,1,30,1,25.0,1
P07524,C01717,762.5,card,Other,insufficient_funds,4,1,0,0,0,,0
P07525,C02414,630.32,upi,SBI,bank_declined,4,2,1,30,1,186.0,1
P07526,C01202,375.86,netbanking,Axis,bank_declined,10,1,1,10,1,208.0,1
P07527,C00655,599.19,card,Axis,bank_declined,5,2,1,60,1,87.0,1
P07528,C01386,505.82,wallet,HDFC,limit_exceeded,3,3,0,0,1,220.0,0
P07529,C00760,828.42,netbanking,Axis,insufficient_funds,4,3,1,10,1,130.0,1
P07530,C02687,282.43,upi,SBI,bank_declined,4,3,1,30,0,,1
P07531,C01799,773.62,upi,HDFC,timeout,2,2,0,0,0,,0
P07532,C01064,124.96,upi,HDFC,insufficient_funds,5,1,0,0,0,,0
P07533,C02972,730.66,netbanking,HDFC,timeout,4,1,0,0,0,,0
P07534,C00416,484.42,card,ICICI,bank_declined,4,4,1,10,0,,1
P07535,C00255,674.25,upi,SBI,insufficient_funds,4,3,1,60,1,172.0,1
P07536,C01167,738.5,card,SBI,network_error,5,2,0,0,1,202.0,0
P07537,C01877,1341.77,card,Axis,network_error,3,2,1,120,1,116.0,1
P07538,C02758,526.6,upi,Axis,insufficient_funds,6,2,1,120,0,,1
P07539,C02625,262.98,card,SBI,timeout,6,3,0,0,1,69.0,0
P07540,C00900,1718.16,card,ICICI,insufficient_funds,5,1,1,10,1,125.0,1
P07541,C02059,621.95,card,Other,insufficient_funds,7,3,1,10,0,,1
P07542,C00026,884.97,card,ICICI,network_error,6,5,1,60,1,45.0,1
P07543,C00421,369.02,netbanking,ICICI,limit_exceeded,2,3,0,0,1,195.0,0
P07544,C01245,366.66,upi,Axis,insufficient_funds,1,3,1,120,0,,1
P07545,C01877,533.08,netbanking,ICICI,timeout,3,2,1,120,1,19.0,1
P07546,C02544,718.01,upi,Axis,timeout,5,2,0,0,1,69.0,0
P07547,C01261,596.66,card,Axis,insufficient_funds,5,0,1,30,0,,1
P07548,C02285,245.37,netbanking,HDFC,bank_declined,4,3,1,120,1,31.0,1
P07549,C01009,1428.09,card,ICICI,limit_exceeded,5,1,0,0,1,41.0,0
P07550,C00219,213.72,upi,ICICI,insufficient_funds,4,0,0,0,1,223.0,0
P07551,C01511,620.44,card,ICICI,insufficient_funds,3,2,0,0,0,,0
P07552,C01960,501.37,card,SBI,timeout,4,3,0,0,1,153.0,0
P07553,C02509,2890.2,upi,Other,bank_declined,4,0,0,0,0,,0
P07554,C00663,363.59,card,Other,bank_declined,3,1,1,30,0,,1
P07555,C02683,208.87,upi,SBI,insufficient_funds,3,1,0,0,0,,0
P07556,C00990,776.82,upi,ICICI,timeout,3,1,1,10,0,,1
P07557,C00189,346.68,netbanking,Axis,bank_declined,5,6,0,0,0,,0
P07558,C00255,1037.65,upi,SBI,insufficient_funds,6,2,1,60,1,227.0,1
P07559,C00068,909.7,card,Axis,limit_exceeded,2,1,0,0,0,,0
P07560,C00616,807.88,upi,SBI,network_error,4,3,0,0,1,167.0,0
P07561,C02384,286.03,upi,ICICI,bank_declined,2,3,1,10,0,,1
P07562,C02719,902.69,card,ICICI,timeout,2,2,0,0,1,9.0,0
P07563,C02869,2474.37,card,SBI,bank_declined,4,2,1,60,0,,1
P07564,C00874,377.74,upi,ICICI,insufficient_funds,6,4,0,0,0,,0
P07565,C02348,429.44,netbanking,HDFC,timeout,6,1,0,0,1,115.0,0
P07566,C01626,446.44,card,SBI,insufficient_funds,4,2,0,0,0,,0
P07567,C00357,398.54,netbanking,ICICI,limit_exceeded,4,3,0,0,0,,0
P07568,C00256,542.43,card,Axis,bank_declined,3,2,0,0,0,,0
P07569,C01008,499.81,upi,Other,network_error,4,0,0,0,1,116.0,0
P07570,C02401,473.08,wallet,Other,limit_exceeded,4,2,1,10,1,46.0,1
P07571,C01756,264.69,wallet,ICICI,bank_declined,7,0,1,10,1,179.0,1
P07572,C02572,1133.68,upi,Axis,bank_declined,2,2,0,0,1,68.0,0
P07573,C02998,640.6,card,Axis,timeout,8,2,0,0,0,,0
P07574,C02804,971.57,wallet,Other,bank_declined,7,1,1,60,1,125.0,1
P07575,C00284,748.68,card,HDFC,bank_declined,2,1,0,0,1,39.0,0
P07576,C00099,76.7,wallet,HDFC,insufficient_funds,4,2,0,0,1,223.0,0
P07577,C00197,927.95,netbanking,SBI,network_error,1,2,0,0,1,81.0,0
P07578,C02530,869.41,wallet,SBI,network_error,8,3,0,0,1,117.0,0
P07579,C00878,582.99,upi,Axis,insufficient_funds,2,3,1,30,1,155.0,1
P07580,C01869,2251.35,wallet,Other,bank_declined,2,1,1,10,1,176.0,1
P07581,C02663,1024.13,upi,ICICI,bank_declined,0,5,0,0,0,,0
P07582,C02666,997.97,card,SBI,bank_declined,6,2,1,10,1,73.0,1
P07583,C01389,149.97,upi,HDFC,timeout,3,0,1,30,1,78.0,1
P07584,C02416,1262.38,upi,Axis,bank_declined,6,2,1,120,0,,1
P07585,C00570,791.78,upi,SBI,bank_declined,3,3,1,10,0,,1
P07586,C02638,192.76,netbanking,Axis,timeout,6,2,0,0,0,,0
P07587,C01066,616.45,upi,ICICI,timeout,3,2,0,0,1,191.0,0
P07588,C00422,151.14,netbanking,SBI,timeout,4,0,1,10,1,183.0,1
P07589,C02884,795.53,card,Other,timeout,3,2,0,0,0,,0
P07590,C01205,559.52,wallet,ICICI,limit_exceeded,4,4,0,0,0,,0
P07591,C00545,324.19,card,HDFC,timeout,3,1,1,120,0,,1
P07592,C00071,807.44,card,Axis,insufficient_funds,5,2,0,0,1,90.0,0
P07593,C01224,290.04,netbanking,ICICI,insufficient_funds,5,2,0,0,0,,0
P07594,C00768,535.99,netbanking,ICICI,insufficient_funds,7,3,0,0,1,206.0,0
P07595,C02355,1069.61,upi,ICICI,bank_declined,4,2,0,0,0,,0
P07596,C01707,388.26,upi,Axis,insufficient_funds,3,1,0,0,1,48.0,0
P07597,C02425,253.36,upi,Other,timeout,4,3,0,0,1,184.0,0
P07598,C00655,1057.73,card,Axis,network_error,6,1,0,0,0,,0
P07599,C02726,532.57,netbanking,Axis,timeout,5,1,1,120,0,,1
P07600,C02447,2009.18,netbanking,HDFC,insufficient_funds,1,2,0,0,1,166.0,0
P07601,C01797,708.47,upi,Axis,bank_declined,3,2,0,0,0,,0
P07602,C00221,840.59,upi,Axis,bank_declined,6,3,0,0,1,166.0,0
P07603,C00182,635.53,card,Other,network_error,6,4,1,30,0,,1
P07604,C00307,727.57,upi,Axis,timeout,3,5,1,60,1,43.0,1
P07605,C02570,754.8,wallet,Axis,limit_exceeded,4,3,1,120,0,,1
P07606,C01420,792.14,netbanking,Axis,insufficient_funds,3,1,0,0,0,,0
P07607,C01014,225.39,upi,Axis,network_error,6,3,0,0,1,149.0,0
P07608,C02052,270.11,card,HDFC,insufficient_funds,2,1,1,120,0,,1
P07609,C02911,783.01,wallet,HDFC,bank_declined,6,0,0,0,1,15.0,0
P07610,C00848,525.84,card,Axis,timeout,4,1,1,10,1,207.0,1
P07611,C00804,288.79,card,Axis,limit_exceeded,3,1,1,60,0,,1
P07612,C00215,608.31,upi,HDFC,network_error,4,1,1,30,1,58.0,1
P07613,C01444,1524.69,upi,HDFC,bank_declined,3,4,0,0,0,,0
P07614,C00101,563.35,wallet,Axis,insufficient_funds,3,3,0,0,0,,0
P07615,C00573,662.06,card,Axis,timeout,1,2,1,120,0,,1
P07616,C01333,677.14,upi,Other,limit_exceeded,8,3,0,0,0,,0
P07617,C00658,321.42,card,HDFC,timeout,3,2,1,120,1,32.0,1
P07618,C02987,475.58,card,HDFC,network_error,6,3,1,60,1,85.0,1
P07619,C01534,114.18,netbanking,HDFC,network_error,2,1,0,0,0,,0
P07620,C01657,254.43,netbanking,SBI,timeout,3,4,1,30,0,,1
P07621,C00226,466.35,upi,ICICI,limit_exceeded,4,2,0,0,1,95.0,0
P07622,C00105,213.97,netbanking,HDFC,limit_exceeded,2,0,1,120,1,138.0,1
P07623,C01998,485.78,wallet,SBI,network_error,6,3,0,0,1,11.0,0
P07624,C00772,400.48,wallet,ICICI,insufficient_funds,2,1,1,10,0,,1
P07625,C00429,1244.51,card,ICICI,bank_declined,3,1,0,0,1,122.0,0
P07626,C00434,2030.92,card,HDFC,bank_declined,7,1,0,0,1,49.0,0
P07627,C01231,473.82,netbanking,ICICI,insufficient_funds,3,3,0,0,1,206.0,0
P07628,C02730,641.52,upi,SBI,bank_declined,8,0,1,120,1,166.0,1
P07629,C02636,1149.35,upi,HDFC,limit_exceeded,2,6,1,60,1,66.0,1
P07630,C00866,490.86,card,Axis,timeout,2,3,1,10,1,19.0,1
P07631,C02794,661.49,upi,Axis,insufficient_funds,4,2,1,120,1,168.0,1
P07632,C02912,185.77,upi,Axis,insufficient_funds,5,2,1,30,0,,1
P07633,C02416,707.36,card,SBI,limit_exceeded,5,3,0,0,1,110.0,0
P07634,C00251,1204.36,upi,SBI,insufficient_funds,5,0,1,60,1,184.0,1
P07635,C02907,225.32,upi,ICICI,network_error,2,1,1,120,1,122.0,1
P07636,C00856,154.23,upi,SBI,insufficient_funds,6,3,1,10,1,96.0,1
P07637,C01194,1218.91,netbanking,HDFC,insufficient_funds,4,2,0,0,0,,0
P07638,C00561,394.79,card,Other,bank_declined,3,3,0,0,0,,0
P07639,C01470,285.31,upi,Axis,bank_declined,6,0,1,120,0,,1
P07640,C02342,527.3,wallet,ICICI,network_error,2,0,0,0,1,190.0,0
P07641,C00919,336.12,card,ICICI,insufficient_funds,6,3,0,0,0,,0
P07642,C01174,238.76,card,Axis,bank_declined,2,1,0,0,0,,0
P07643,C00433,169.48,upi,Axis,network_error,4,2,0,0,0,,0
P07644,C02107,1742.23,card,HDFC,insufficient_funds,2,2,1,60,1,153.0,1
P07645,C00969,1582.25,card,ICICI,limit_exceeded,3,0,1,60,0,,1
P07646,C00836,413.88,wallet,Axis,insufficient_funds,0,1,0,0,0,,0
P07647,C02247,3079.52,card,SBI,bank_declined,7,0,0,0,1,188.0,0
P07648,C02263,1248.77,card,ICICI,insufficient_funds,1,1,0,0,0,,0
P07649,C00898,476.09,netbanking,SBI,network_error,7,1,0,0,1,84.0,0
P07650,C00472,2414.28,upi,Axis,bank_declined,1,3,1,60,0,,1
P07651,C00247,117.8,netbanking,HDFC,insufficient_funds,4,2,1,10,1,164.0,1
P07652,C02430,425.86,upi,ICICI,network_error,5,1,0,0,1,13.0,0
P07653,C00991,1689.17,wallet,ICICI,limit_exceeded,5,0,0,0,0,,0
P07654,C00927,388.18,card,Axis,limit_exceeded,2,2,1,120,1,194.0,1
P07655,C01192,1120.55,upi,SBI,timeout,3,0,0,0,0,,0
P07656,C02608,248.01,netbanking,Other,insufficient_funds,2,1,0,0,1,213.0,0
P07657,C01075,310.18,card,Axis,limit_exceeded,1,0,1,10,0,,1
P07658,C01835,646.64,netbanking,SBI,limit_exceeded,4,6,0,0,0,,0
P07659,C00689,783.2,netbanking,SBI,insufficient_funds,7,2,0,0,1,53.0,0
P07660,C02428,570.21,wallet,Other,insufficient_funds,3,5,1,120,0,,1
P07661,C02522,368.95,wallet,ICICI,bank_declined,2,4,0,0,0,,0
P07662,C02745,257.1,upi,HDFC,bank_declined,5,1,0,0,0,,0
P07663,C01485,2576.96,upi,Other,bank_declined,7,6,0,0,1,57.0,0
P07664,C02959,629.72,wallet,Axis,insufficient_funds,5,4,0,0,0,,0
P07665,C00960,1068.56,card,SBI,network_error,5,0,1,10,0,,1
P07666,C00478,984.22,upi,Other,timeout,2,2,1,120,0,,1
P07667,C02974,353.96,card,SBI,limit_exceeded,7,4,0,0,1,151.0,0
P07668,C00707,510.4,netbanking,ICICI,bank_declined,3,1,1,30,0,,1
P07669,C02902,287.65,netbanking,SBI,timeout,7,1,1,60,0,,1
P07670,C01138,844.79,netbanking,HDFC,timeout,7,1,1,30,1,159.0,1
P07671,C00754,441.61,wallet,Axis,bank_declined,7,3,1,120,1,97.0,1
P07672,C02551,1540.53,upi,ICICI,limit_exceeded,5,2,1,120,1,32.0,1
P07673,C01660,159.86,upi,SBI,insufficient_funds,8,0,0,0,1,76.0,0
P07674,C02865,701.18,upi,HDFC,limit_exceeded,2,1,1,120,0,,1
P07675,C00588,2930.43,wallet,HDFC,limit_exceeded,2,1,1,120,1,96.0,1
P07676,C01335,295.31,wallet,Axis,insufficient_funds,10,3,1,30,0,,1
P07677,C01493,551.94,wallet,ICICI,bank_declined,8,0,1,30,1,174.0,1
P07678,C01848,385.96,wallet,Axis,network_error,9,1,0,0,0,,0
P07679,C02756,924.11,netbanking,Axis,bank_declined,2,0,1,30,0,,1
P07680,C00207,121.45,wallet,HDFC,limit_exceeded,4,1,1,120,0,,1
P07681,C02199,212.48,card,Other,timeout,2,4,0,0,0,,0
P07682,C02716,246.45,card,SBI,insufficient_funds,2,1,0,0,0,,0
P07683,C02576,913.71,netbanking,ICICI,limit_exceeded,8,3,1,60,1,71.0,1
P07684,C00165,434.67,netbanking,Other,insufficient_funds,4,1,1,120,0,,1
P07685,C02965,315.97,netbanking,Axis,network_error,2,2,0,0,0,,0
P07686,C01999,656.51,netbanking,ICICI,network_error,5,0,0,0,1,209.0,0
P07687,C02085,576.82,card,Axis,insufficient_funds,5,4,0,0,0,,0
P07688,C00333,430.22,wallet,ICICI,network_error,5,1,0,0,0,,0
P07689,C00403,348.04,netbanking,ICICI,limit_exceeded,2,2,1,60,0,,1
P07690,C00414,261.69,upi,SBI,bank_declined,5,3,1,30,1,94.0,1
P07691,C00045,1339.4,upi,HDFC,network_error,5,1,0,0,0,,0
P07692,C02254,1404.21,upi,SBI,bank_declined,4,2,0,0,1,38.0,0
P07693,C00062,196.83,upi,SBI,limit_exceeded,4,2,0,0,1,212.0,0
P07694,C02468,375.39,netbanking,Other,limit_exceeded,3,2,0,0,0,,0
P07695,C00868,676.75,wallet,SBI,bank_declined,4,4,1,10,0,,1
P07696,C01492,262.56,card,ICICI,limit_exceeded,2,1,0,0,0,,0
P07697,C02868,829.15,card,Axis,insufficient_funds,5,3,0,0,1,52.0,0
P07698,C00019,574.22,card,Other,bank_declined,3,4,0,0,1,238.0,0
P07699,C00365,883.26,netbanking,ICICI,bank_declined,3,3,0,0,1,228.0,0
P07700,C02476,2497.73,netbanking,Axis,insufficient_funds,3,3,0,0,1,122.0,0
P07701,C01141,153.24,card,Axis,limit_exceeded,1,2,1,30,0,,1
P07702,C00580,1373.75,card,Other,timeout,6,1,0,0,0,,0
P07703,C00546,341.63,netbanking,SBI,insufficient_funds,5,4,1,120,1,76.0,1
P07704,C01730,806.84,card,Other,timeout,6,2,0,0,1,198.0,0
P07705,C02373,730.36,card,Other,network_error,4,0,0,0,1,174.0,0
P07706,C00055,1326.8,card,Other,timeout,5,1,0,0,0,,0
P07707,C00778,531.32,wallet,Axis,network_error,4,3,1,30,0,,1
P07708,C00042,286.55,card,SBI,bank_declined,1,3,1,30,0,,1
P07709,C01321,603.92,card,HDFC,bank_declined,3,2,0,0,1,89.0,0
P07710,C00231,1657.62,wallet,Axis,insufficient_funds,5,5,0,0,1,111.0,0
P07711,C00453,650.66,card,Other,bank_declined,1,3,1,120,0,,1
P07712,C02442,341.44,netbanking,Axis,insufficient_funds,3,0,0,0,0,,0
P07713,C01546,457.27,card,ICICI,bank_declined,1,1,1,10,1,68.0,1
P07714,C01382,607.58,netbanking,SBI,insufficient_funds,3,3,1,10,0,,1
P07715,C01468,553.33,card,HDFC,network_error,4,1,0,0,1,68.0,0
P07716,C01152,502.51,upi,SBI,limit_exceeded,3,4,0,0,0,,0
P07717,C02739,1014.13,upi,ICICI,timeout,4,6,0,0,0,,0
P07718,C02440,2104.4,netbanking,HDFC,insufficient_funds,7,4,0,0,1,114.0,0
P07719,C01217,991.88,netbanking,Axis,network_error,2,2,1,60,0,,1
P07720,C02652,788.94,wallet,HDFC,timeout,3,2,1,120,1,32.0,1
P07721,C00881,1051.51,upi,Other,timeout,2,3,0,0,0,,0
P07722,C00085,802.2,netbanking,ICICI,bank_declined,5,7,1,10,1,136.0,1
P07723,C01054,564.85,wallet,Other,bank_declined,2,2,1,10,0,,1
P07724,C00049,340.17,card,ICICI,insufficient_funds,7,2,1,30,1,47.0,1
P07725,C01169,340.13,card,Axis,timeout,4,0,1,30,1,77.0,1
P07726,C00069,505.93,netbanking,Axis,bank_declined,3,1,1,10,0,,1
P07727,C02745,626.19,upi,Other,insufficient_funds,3,0,1,10,0,,1
P07728,C02527,1132.14,upi,ICICI,network_error,2,2,1,30,0,,1
P07729,C02868,473.69,upi,ICICI,timeout,2,0,1,60,0,,1
P07730,C01702,399.76,wallet,Axis,insufficient_funds,8,1,0,0,0,,0
P07731,C01599,617.81,card,SBI,bank_declined,3,3,0,0,1,239.0,0
P07732,C02195,689.05,upi,Other,bank_declined,7,4,1,120,1,36.0,1
P07733,C01870,340.12,card,Other,limit_exceeded,2,1,0,0,0,,0
P07734,C01016,308.65,netbanking,ICICI,insufficient_funds,5,2,1,60,0,,1
P07735,C02657,801.28,card,HDFC,timeout,3,0,1,60,0,,1
P07736,C00446,468.58,card,Axis,insufficient_funds,3,1,1,120,0,,1
P07737,C02269,1165.63,wallet,Axis,limit_exceeded,2,0,1,60,1,53.0,1
P07738,C01402,620.26,upi,SBI,bank_declined,2,2,0,0,0,,0
P07739,C02143,485.79,netbanking,HDFC,insufficient_funds,4,1,1,30,0,,1
P07740,C00262,223.74,upi,HDFC,bank_declined,2,2,0,0,0,,0
P07741,C01849,513.78,upi,HDFC,insufficient_funds,3,1,0,0,0,,0
P07742,C00897,256.79,wallet,SBI,insufficient_funds,3,3,1,10,0,,1
P07743,C01095,208.2,wallet,Axis,bank_declined,6,1,0,0,1,56.0,0
P07744,C02267,1470.33,upi,HDFC,limit_exceeded,3,2,1,120,0,,1
P07745,C01557,363.29,wallet,Axis,bank_declined,1,2,1,60,1,48.0,1
P07746,C00092,953.57,netbanking,Axis,network_error,5,2,1,60,1,227.0,1
P07747,C00127,235.18,upi,SBI,timeout,7,1,0,0,1,55.0,0
P07748,C00080,310.48,wallet,Axis,insufficient_funds,5,0,0,0,0,,0
P07749,C01848,291.58,card,ICICI,bank_declined,6,2,1,10,1,101.0,1
P07750,C00983,825.24,netbanking,Axis,limit_exceeded,5,1,0,0,1,170.0,0
P07751,C00916,698.05,card,ICICI,insufficient_funds,3,5,0,0,0,,0
P07752,C02534,202.19,card,HDFC,bank_declined,3,1,1,30,1,163.0,1
P07753,C00694,189.59,netbanking,ICICI,timeout,6,3,0,0,1,135.0,0
P07754,C00025,715.53,wallet,HDFC,bank_declined,7,2,0,0,0,,0
P07755,C00156,1276.67,card,ICICI,limit_exceeded,10,0,1,10,0,,1
P07756,C02680,1233.14,upi,ICICI,bank_declined,5,2,1,120,1,109.0,1
P07757,C01813,296.44,netbanking,HDFC,limit_exceeded,1,5,0,0,0,,0
P07758,C01554,377.05,card,SBI,network_error,1,6,0,0,0,,0
P07759,C01967,711.49,card,Axis,bank_declined,4,2,0,0,0,,0
P07760,C01734,747.75,upi,ICICI,timeout,5,1,1,10,0,,1
P07761,C01081,587.13,upi,Other,limit_exceeded,8,0,1,120,1,178.0,1
P07762,C01629,381.99,netbanking,SBI,bank_declined,6,1,1,60,1,193.0,1
P07763,C00019,687.26,card,Axis,limit_exceeded,5,3,0,0,0,,0
P07764,C01408,552.72,netbanking,SBI,network_error,1,0,0,0,1,8.0,0
P07765,C01217,567.27,upi,SBI,bank_declined,5,5,0,0,1,71.0,0
P07766,C02285,920.8,wallet,HDFC,insufficient_funds,6,0,1,120,0,,1
P07767,C01411,1073.43,upi,Other,bank_declined,1,2,1,120,1,76.0,1
P07768,C00277,629.02,upi,Axis,timeout,3,6,0,0,1,30.0,0
P07769,C00745,606.25,card,SBI,insufficient_funds,4,2,0,0,0,,0
P07770,C00552,441.7,card,HDFC,network_error,5,1,1,60,1,232.0,1
P07771,C01177,540.39,upi,Axis,network_error,7,1,0,0,1,208.0,0
P07772,C00639,838.43,upi,HDFC,network_error,2,0,0,0,1,58.0,0
P07773,C00237,696.43,upi,Axis,limit_exceeded,8,1,1,120,1,155.0,1
P07774,C00998,337.05,netbanking,SBI,timeout,3,0,0,0,0,,0
P07775,C02103,324.71,upi,ICICI,network_error,2,1,0,0,0,,0
P07776,C02004,317.68,card,Other,timeout,7,1,0,0,0,,0
P07777,C01460,1101.35,netbanking,ICICI,timeout,1,2,1,120,0,,1
P07778,C02732,154.15,netbanking,ICICI,limit_exceeded,3,1,0,0,0,,0
P07779,C02157,190.79,card,SBI,timeout,5,0,1,120,0,,1
P07780,C01208,320.43,card,HDFC,timeout,6,1,1,30,0,,1
P07781,C01392,835.15,card,Other,insufficient_funds,3,0,0,0,0,,0
P07782,C02007,408.64,card,ICICI,insufficient_funds,3,1,1,30,0,,1
P07783,C01222,276.24,wallet,HDFC,limit_exceeded,5,4,0,0,0,,0
P07784,C01395,631.73,upi,Other,bank_declined,5,0,1,10,1,94.0,1
P07785,C00373,654.91,netbanking,SBI,insufficient_funds,6,2,1,30,1,168.0,1
P07786,C01521,854.62,netbanking,Other,insufficient_funds,5,1,1,120,1,217.0,1
P07787,C02249,1279.58,card,Axis,timeout,5,3,0,0,1,189.0,0
P07788,C00849,1166.81,upi,SBI,insufficient_funds,5,2,1,60,0,,1
P07789,C02557,726.86,wallet,ICICI,network_error,4,3,1,30,0,,1
P07790,C01346,464.55,card,Axis,network_error,7,2,1,120,1,182.0,1
P07791,C02323,666.18,card,HDFC,insufficient_funds,2,1,0,0,0,,0
P07792,C02259,369.86,card,ICICI,insufficient_funds,1,1,0,0,0,,0
P07793,C00504,919.38,upi,Axis,insufficient_funds,6,1,1,30,1,44.0,1
P07794,C00703,348.05,card,SBI,bank_declined,7,1,0,0,0,,0
P07795,C02090,289.99,upi,Axis,network_error,4,3,1,10,0,,1
P07796,C00315,958.36,card,Axis,insufficient_funds,3,0,1,60,1,23.0,1
P07797,C02836,179.68,card,ICICI,network_error,3,4,1,60,0,,1
P07798,C02377,324.27,card,Axis,limit_exceeded,5,1,0,0,1,55.0,0
P07799,C01041,750.21,card,Other,limit_exceeded,5,3,0,0,0,,0
P07800,C00283,463.88,card,ICICI,timeout,1,1,0,0,1,23.0,0
P07801,C02991,450.64,upi,Other,limit_exceeded,2,2,1,60,1,21.0,1
P07802,C00258,236.19,wallet,Axis,network_error,2,2,0,0,0,,0
P07803,C00575,249.75,netbanking,Other,timeout,2,4,1,10,1,93.0,1
P07804,C00574,433.7,netbanking,SBI,timeout,7,2,0,0,0,,0
P07805,C02660,172.19,netbanking,SBI,limit_exceeded,5,4,1,10,1,157.0,1
P07806,C01043,489.52,wallet,Axis,network_error,3,2,0,0,1,76.0,0
P07807,C01553,1091.65,wallet,Other,bank_declined,3,1,0,0,0,,0
P07808,C02885,1026.27,netbanking,Axis,insufficient_funds,1,1,0,0,0,,0
P07809,C00423,715.74,netbanking,SBI,bank_declined,1,3,1,10,1,75.0,1
P07810,C01490,563.48,card,Other,timeout,7,2,0,0,0,,0
P07811,C01397,465.08,card,SBI,network_error,4,3,1,60,1,190.0,1
P07812,C00758,512.61,card,Other,insufficient_funds,2,2,1,10,1,28.0,1
P07813,C02811,271.93,netbanking,ICICI,limit_exceeded,6,2,1,30,0,,1
P07814,C01105,331.73,card,Axis,limit_exceeded,5,1,0,0,0,,0
P07815,C01575,171.75,netbanking,Other,timeout,5,1,0,0,1,148.0,0
P07816,C02472,888.4,upi,Other,insufficient_funds,5,0,0,0,1,10.0,0
P07817,C00429,458.19,card,ICICI,network_error,4,1,0,0,1,110.0,0
P07818,C02022,1742.5,upi,HDFC,limit_exceeded,7,0,0,0,1,6.0,0
P07819,C00204,339.42,netbanking,ICICI,bank_declined,4,3,0,0,1,106.0,0
P07820,C02244,490.1,card,Other,network_error,1,0,0,0,0,,0
P07821,C02776,769.49,card,HDFC,insufficient_funds,4,2,1,10,1,84.0,1
P07822,C02333,642.17,netbanking,SBI,limit_exceeded,6,1,1,10,1,35.0,1
P07823,C01993,468.09,netbanking,Axis,limit_exceeded,1,5,1,60,0,,1
P07824,C02244,1508.49,upi,HDFC,bank_declined,3,1,1,120,1,37.0,1
P07825,C00307,274.32,upi,SBI,bank_declined,3,1,0,0,1,121.0,0
P07826,C01688,735.67,netbanking,Other,insufficient_funds,0,0,1,30,0,,1
P07827,C00014,374.53,netbanking,HDFC,bank_declined,6,4,1,10,0,,1
P07828,C01861,451.57,card,ICICI,timeout,5,0,1,10,1,168.0,1
P07829,C01962,579.88,card,Axis,insufficient_funds,2,3,1,30,0,,1
P07830,C01081,455.18,wallet,ICICI,insufficient_funds,3,0,1,30,0,,1
P07831,C00723,443.77,wallet,ICICI,timeout,3,3,1,30,0,,1
P07832,C00780,187.29,upi,Axis,network_error,4,1,1,10,1,47.0,1
P07833,C01234,866.13,upi,ICICI,limit_exceeded,3,5,1,120,0,,1
P07834,C00529,186.29,card,Other,bank_declined,3,4,0,0,0,,0
P07835,C00798,1211.96,upi,ICICI,insufficient_funds,3,1,0,0,1,66.0,0
P07836,C00344,461.15,card,Other,network_error,7,2,1,30,1,39.0,1
P07837,C01303,882.47,card,ICICI,insufficient_funds,7,2,1,10,0,,1
P07838,C00209,106.94,card,Other,insufficient_funds,2,3,1,120,0,,1
P07839,C00641,481.11,upi,HDFC,network_error,2,2,0,0,1,123.0,0
P07840,C01312,488.68,upi,Other,bank_declined,4,3,0,0,1,45.0,0
P07841,C02300,282.57,card,Axis,bank_declined,2,0,1,10,0,,1
P07842,C02319,847.28,netbanking,ICICI,bank_declined,7,2,0,0,1,215.0,0
P07843,C01948,333.25,netbanking,HDFC,limit_exceeded,4,2,1,60,0,,1
P07844,C00920,283.41,netbanking,ICICI,timeout,10,2,0,0,0,,0
P07845,C01724,392.82,upi,Other,bank_declined,4,0,1,60,0,,1
P07846,C02045,899.32,netbanking,ICICI,bank_declined,7,3,1,10,1,154.0,1
P07847,C00419,584.7,netbanking,SBI,network_error,4,5,1,120,1,194.0,1
P07848,C01750,629.9,wallet,HDFC,insufficient_funds,2,2,1,10,0,,1
P07849,C02843,793.51,upi,SBI,timeout,5,2,0,0,0,,0
P07850,C01389,430.51,upi,ICICI,timeout,3,5,0,0,1,233.0,0
P07851,C01100,945.93,wallet,Other,insufficient_funds,9,1,1,30,1,121.0,1
P07852,C02773,624.37,card,HDFC,bank_declined,2,2,1,60,0,,1
P07853,C02481,833.34,netbanking,HDFC,insufficient_funds,6,1,1,30,1,120.0,1
P07854,C02157,301.93,wallet,Other,limit_exceeded,5,3,1,120,0,,1
P07855,C02689,523.56,netbanking,HDFC,timeout,4,4,0,0,0,,0
P07856,C01546,895.03,upi,Other,insufficient_funds,4,4,0,0,1,84.0,0
P07857,C01071,1556.49,card,SBI,limit_exceeded,3,3,0,0,0,,0
P07858,C02427,955.27,card,ICICI,insufficient_funds,5,2,1,60,1,155.0,1
P07859,C01851,983.61,upi,HDFC,insufficient_funds,2,1,1,120,1,23.0,1
P07860,C01120,184.77,netbanking,HDFC,insufficient_funds,4,3,1,60,1,183.0,1
P07861,C00958,408.75,card,HDFC,timeout,2,1,1,120,0,,1
P07862,C00103,728.72,card,SBI,limit_exceeded,5,4,1,120,0,,1
P07863,C02940,207.94,card,Other,insufficient_funds,3,1,1,60,0,,1
P07864,C02902,651.5,upi,Other,limit_exceeded,6,2,1,120,1,67.0,1
P07865,C01170,391.61,upi,SBI,bank_declined,5,2,1,30,1,160.0,1
P07866,C01904,405.13,card,ICICI,network_error,4,0,1,10,1,79.0,1
P07867,C01756,515.68,card,SBI,limit_exceeded,4,1,0,0,0,,0
P07868,C02578,630.83,netbanking,HDFC,insufficient_funds,7,1,1,30,1,189.0,1
P07869,C00679,821.77,card,ICICI,network_error,6,2,1,60,0,,1
P07870,C01969,231.81,card,Axis,network_error,2,2,0,0,0,,0
P07871,C00989,954.74,card,ICICI,bank_declined,2,2,1,60,0,,1
P07872,C01106,767.38,netbanking,SBI,insufficient_funds,6,2,1,30,1,192.0,1
P07873,C02476,413.87,upi,HDFC,network_error,5,3,0,0,1,111.0,0
P07874,C01608,959.83,upi,ICICI,insufficient_funds,5,1,1,60,1,119.0,1
P07875,C02870,153.27,card,Other,limit_exceeded,5,4,1,60,1,29.0,1
P07876,C01503,553.09,upi,ICICI,bank_declined,6,1,1,10,0,,1
P07877,C01790,333.68,upi,Axis,limit_exceeded,5,3,1,60,0,,1
P07878,C01186,237.11,card,ICICI,timeout,3,1,1,120,0,,1
P07879,C00932,174.36,wallet,ICICI,insufficient_funds,2,3,0,0,0,,0
P07880,C01426,766.72,netbanking,ICICI,bank_declined,5,5,0,0,0,,0
P07881,C01062,704.86,netbanking,HDFC,limit_exceeded,1,1,1,30,0,,1
P07882,C01979,1140.34,upi,SBI,bank_declined,6,2,1,30,0,,1
P07883,C02559,784.98,card,HDFC,bank_declined,3,2,1,10,1,30.0,1
P07884,C02441,401.15,upi,ICICI,network_error,3,2,0,0,1,44.0,0
P07885,C02043,3292.12,card,Other,timeout,5,1,1,60,1,28.0,1
P07886,C02761,1002.67,card,Other,network_error,1,2,0,0,0,,0
P07887,C02542,220.21,upi,Other,bank_declined,3,3,1,60,0,,1
P07888,C01279,450.04,upi,ICICI,insufficient_funds,5,3,0,0,1,222.0,0
P07889,C01203,577.51,card,ICICI,limit_exceeded,3,1,0,0,1,130.0,0
P07890,C02595,409.89,upi,Axis,bank_declined,7,2,0,0,0,,0
P07891,C00594,2074.52,upi,Axis,timeout,1,1,1,120,0,,1
P07892,C02437,402.27,netbanking,SBI,bank_declined,1,3,0,0,1,212.0,0
P07893,C01422,375.95,netbanking,ICICI,bank_declined,7,2,0,0,1,215.0,0
P07894,C02206,827.85,card,ICICI,bank_declined,3,2,1,30,0,,1
P07895,C01028,536.08,netbanking,Other,insufficient_funds,4,2,0,0,1,210.0,0
P07896,C02215,421.79,wallet,Axis,bank_declined,7,4,1,120,1,83.0,1
P07897,C00960,2244.14,netbanking,HDFC,limit_exceeded,6,1,0,0,1,213.0,0
P07898,C02457,1444.24,netbanking,Axis,insufficient_funds,2,3,1,120,1,225.0,1
P07899,C02242,183.62,card,SBI,network_error,4,4,0,0,1,6.0,0
P07900,C02283,1828.25,wallet,HDFC,limit_exceeded,3,2,0,0,0,,0
P07901,C02766,434.76,card,Other,insufficient_funds,9,1,1,30,0,,1
P07902,C01174,1090.28,netbanking,Axis,insufficient_funds,5,2,0,0,1,93.0,0
P07903,C00816,1973.55,upi,ICICI,limit_exceeded,5,4,1,10,1,170.0,1
P07904,C00404,868.71,upi,SBI,timeout,10,4,0,0,1,100.0,0
P07905,C00893,2433.21,card,SBI,network_error,2,0,1,10,0,,1
P07906,C02726,895.57,upi,HDFC,network_error,5,2,1,30,0,,1
P07907,C00068,765.28,netbanking,HDFC,limit_exceeded,2,4,0,0,1,213.0,0
P07908,C00088,998.83,wallet,SBI,insufficient_funds,3,6,0,0,1,216.0,0
P07909,C02265,207.13,upi,Axis,bank_declined,3,2,1,60,0,,1
P07910,C02049,427.12,upi,ICICI,bank_declined,5,1,1,10,1,145.0,1
P07911,C01159,232.8,netbanking,Other,insufficient_funds,3,2,1,60,1,229.0,1
P07912,C01721,434.97,card,ICICI,bank_declined,9,1,0,0,0,,0
P07913,C01375,675.06,wallet,Axis,bank_declined,5,3,1,30,1,100.0,1
P07914,C02188,444.53,card,HDFC,limit_exceeded,4,2,0,0,0,,0
P07915,C02666,445.57,wallet,Other,bank_declined,5,3,1,60,1,9.0,1
P07916,C02181,190.65,wallet,ICICI,limit_exceeded,8,2,0,0,1,176.0,0
P07917,C01644,341.32,card,ICICI,timeout,6,1,0,0,1,51.0,0
P07918,C00178,1583.98,netbanking,Other,timeout,8,5,0,0,0,,0
P07919,C02858,333.67,upi,SBI,bank_declined,1,1,1,10,1,20.0,1
P07920,C01382,387.15,netbanking,Other,bank_declined,6,2,1,120,0,,1
P07921,C02428,580.14,card,ICICI,insufficient_funds,3,1,0,0,0,,0
P07922,C00908,638.95,netbanking,Other,bank_declined,6,0,0,0,0,,0
P07923,C02706,447.73,upi,ICICI,limit_exceeded,7,0,1,60,1,209.0,1
P07924,C02498,185.47,upi,Axis,timeout,1,3,1,30,1,176.0,1
P07925,C00586,719.53,upi,SBI,timeout,4,2,0,0,1,41.0,0
P07926,C02511,1890.19,netbanking,Other,insufficient_funds,3,1,0,0,0,,0
P07927,C00990,1781.18,card,Axis,insufficient_funds,4,5,0,0,1,139.0,0
P07928,C01132,298.2,wallet,Axis,network_error,3,1,1,60,0,,1
P07929,C02170,653.01,card,SBI,network_error,3,1,0,0,1,66.0,0
P07930,C02065,2895.37,netbanking,HDFC,insufficient_funds,7,1,1,30,0,,1
P07931,C01220,491.47,card,Other,timeout,1,1,0,0,0,,0
P07932,C02375,588.93,wallet,SBI,bank_declined,5,7,0,0,0,,0
P07933,C00318,173.19,netbanking,SBI,limit_exceeded,6,4,0,0,0,,0
P07934,C02857,1021.87,card,ICICI,bank_declined,7,2,1,120,0,,1
P07935,C01503,598.67,netbanking,SBI,insufficient_funds,5,0,1,60,0,,1
P07936,C02035,263.93,upi,SBI,insufficient_funds,7,3,0,0,0,,0
P07937,C02043,800.63,upi,Other,limit_exceeded,7,6,0,0,0,,0
P07938,C00503,977.19,card,SBI,limit_exceeded,3,4,1,10,0,,1
P07939,C02023,303.2,card,SBI,bank_declined,3,4,0,0,1,231.0,0
P07940,C00119,154.01,wallet,HDFC,insufficient_funds,3,3,0,0,1,5.0,0
P07941,C00710,543.14,upi,Axis,bank_declined,8,1,0,0,1,68.0,0
P07942,C00045,800.12,card,Other,bank_declined,4,1,0,0,0,,0
P07943,C00314,593.96,upi,HDFC,insufficient_funds,7,2,0,0,0,,0
P07944,C00418,1108.36,wallet,Other,insufficient_funds,8,0,1,120,1,180.0,1
P07945,C02604,148.62,card,Axis,limit_exceeded,7,1,1,120,1,40.0,1
P07946,C01102,242.2,card,SBI,timeout,7,0,0,0,0,,0
P07947,C00326,575.46,upi,SBI,timeout,3,2,0,0,1,199.0,0
P07948,C01440,165.64,wallet,ICICI,bank_declined,3,2,0,0,0,,0
P07949,C01987,289.89,netbanking,Axis,bank_declined,3,2,0,0,0,,0
P07950,C02563,340.72,upi,SBI,insufficient_funds,3,0,1,10,1,23.0,1
P07951,C02262,1003.87,card,Other,network_error,2,0,1,10,1,155.0,1
P07952,C00074,1229.62,netbanking,Other,timeout,6,3,1,60,0,,1
P07953,C01603,817.82,netbanking,ICICI,insufficient_funds,2,2,1,10,0,,1
P07954,C00509,1830.17,netbanking,SBI,bank_declined,7,2,0,0,0,,0
P07955,C02380,1312.43,upi,Other,limit_exceeded,8,4,1,120,1,61.0,1
P07956,C00688,856.63,upi,Axis,timeout,3,3,1,10,1,17.0,1
P07957,C00657,838.82,card,ICICI,timeout,3,1,1,60,0,,1
P07958,C01543,326.86,netbanking,SBI,insufficient_funds,9,0,0,0,1,10.0,0
P07959,C01293,185.6,netbanking,SBI,insufficient_funds,4,3,1,120,0,,1
P07960,C01400,298.93,card,ICICI,bank_declined,0,2,0,0,0,,0
P07961,C02648,888.12,card,HDFC,bank_declined,3,1,0,0,0,,0
P07962,C01553,395.72,wallet,Other,insufficient_funds,6,1,1,10,1,119.0,1
P07963,C01076,755.85,card,Other,bank_declined,3,1,1,30,0,,1
P07964,C00325,137.02,upi,ICICI,bank_declined,6,2,0,0,1,48.0,0
P07965,C00992,711.99,upi,SBI,insufficient_funds,4,2,0,0,0,,0
P07966,C01994,270.77,netbanking,HDFC,bank_declined,3,2,0,0,0,,0
P07967,C00717,295.88,card,Axis,bank_declined,5,1,1,10,0,,1
P07968,C02771,1581.77,upi,SBI,insufficient_funds,1,4,1,60,0,,1
P07969,C00277,2221.31,upi,Other,network_error,5,2,0,0,1,95.0,0
P07970,C02584,232.36,netbanking,ICICI,insufficient_funds,5,3,0,0,1,117.0,0
P07971,C00152,419.26,upi,HDFC,network_error,3,2,0,0,0,,0
P07972,C00955,451.82,netbanking,Other,limit_exceeded,3,4,0,0,0,,0
P07973,C01507,825.54,upi,Other,insufficient_funds,4,2,0,0,0,,0
P07974,C00259,354.54,wallet,SBI,bank_declined,2,1,0,0,1,45.0,0
P07975,C02372,280.43,upi,ICICI,insufficient_funds,4,4,0,0,1,80.0,0
P07976,C00869,604.97,netbanking,HDFC,bank_declined,4,3,0,0,0,,0
P07977,C01192,521.48,card,SBI,timeout,3,3,0,0,0,,0
P07978,C00688,904.48,upi,Axis,limit_exceeded,2,1,1,60,0,,1
P07979,C00310,305.61,card,Other,timeout,3,1,1,60,1,113.0,1
P07980,C02851,426.93,card,SBI,network_error,5,1,1,30,1,203.0,1
P07981,C01503,848.98,upi,Other,timeout,5,3,1,30,1,44.0,1
P07982,C02668,472.22,upi,SBI,insufficient_funds,1,2,1,60,1,200.0,1
P07983,C00473,152.13,upi,ICICI,insufficient_funds,3,3,1,120,1,132.0,1
P07984,C02509,1536.79,upi,HDFC,bank_declined,7,2,0,0,0,,0
P07985,C00814,464.5,card,ICICI,insufficient_funds,3,1,1,120,0,,1
P07986,C00846,470.34,upi,Other,timeout,3,2,1,120,1,14.0,1
P07987,C01165,2890.18,netbanking,Other,bank_declined,3,3,0,0,0,,0
P07988,C00667,2162.19,netbanking,SBI,insufficient_funds,4,4,0,0,1,50.0,0
P07989,C02310,958.13,upi,SBI,insufficient_funds,3,3,1,60,0,,1
P07990,C01809,230.36,netbanking,SBI,limit_exceeded,4,2,1,30,0,,1
P07991,C01444,1290.33,netbanking,Other,limit_exceeded,4,0,0,0,0,,0
P07992,C01768,142.58,card,HDFC,limit_exceeded,3,2,1,120,1,115.0,1
P07993,C01265,541.94,upi,Axis,limit_exceeded,2,4,0,0,0,,0
P07994,C00355,356.02,netbanking,Axis,timeout,3,2,0,0,0,,0
P07995,C01873,301.53,upi,Axis,bank_declined,5,2,0,0,1,37.0,0
P07996,C02025,579.57,upi,Axis,bank_declined,6,1,1,10,1,88.0,1
P07997,C02818,756.81,upi,ICICI,bank_declined,3,1,1,10,1,58.0,1
P07998,C00180,854.45,upi,HDFC,timeout,3,2,0,0,0,,0
P07999,C00066,465.43,netbanking,Axis,limit_exceeded,2,2,1,10,0,,1
P08000,C00820,425.37,upi,HDFC,bank_declined,4,1,1,60,0,,1
P08001,C01372,895.95,card,HDFC,bank_declined,1,1,1,30,1,139.0,1
P08002,C00171,911.27,upi,Axis,insufficient_funds,6,2,1,120,1,5.0,1
P08003,C02522,542.68,upi,ICICI,bank_declined,3,3,0,0,1,43.0,0
P08004,C02582,268.83,upi,SBI,insufficient_funds,4,2,0,0,1,84.0,0
P08005,C01391,150.88,card,SBI,insufficient_funds,5,2,1,120,0,,1
P08006,C01131,781.83,card,ICICI,bank_declined,5,2,0,0,0,,0
P08007,C02487,973.56,card,Other,timeout,7,0,1,10,0,,1
P08008,C00835,427.53,card,Axis,network_error,5,4,0,0,1,94.0,0
P08009,C00227,639.84,upi,Other,bank_declined,6,2,1,30,0,,1
P08010,C00442,1241.47,upi,HDFC,network_error,7,1,0,0,1,161.0,0
P08011,C02444,2013.55,wallet,SBI,timeout,4,0,1,10,0,,1
P08012,C00728,373.61,netbanking,Other,network_error,4,1,0,0,1,91.0,0
P08013,C01605,463.46,netbanking,HDFC,insufficient_funds,3,5,1,30,0,,1
P08014,C02132,677.2,netbanking,HDFC,insufficient_funds,4,4,0,0,1,6.0,0
P08015,C01037,210.51,upi,ICICI,bank_declined,1,1,0,0,0,,0
P08016,C01833,109.84,card,HDFC,bank_declined,3,3,0,0,0,,0
P08017,C01849,193.61,upi,Other,insufficient_funds,4,1,1,30,0,,1
P08018,C02741,406.43,card,HDFC,timeout,3,3,0,0,1,85.0,0
P08019,C00493,296.84,upi,Axis,bank_declined,3,0,1,10,0,,1
P08020,C01549,278.42,card,ICICI,limit_exceeded,6,2,0,0,1,195.0,0
P08021,C01144,510.67,card,Axis,network_error,5,1,1,120,0,,1
P08022,C00970,487.69,netbanking,Other,limit_exceeded,2,1,1,30,1,227.0,1
P08023,C02401,290.25,card,HDFC,timeout,6,2,1,60,0,,1
P08024,C02088,159.16,upi,Other,limit_exceeded,4,3,0,0,1,166.0,0
P08025,C00640,655.64,netbanking,HDFC,limit_exceeded,6,7,1,60,0,,1
P08026,C00173,1030.42,card,HDFC,bank_declined,8,2,0,0,1,46.0,0
P08027,C01571,319.59,card,HDFC,network_error,5,0,0,0,0,,0
P08028,C00259,376.43,card,ICICI,limit_exceeded,4,2,1,120,1,21.0,1
P08029,C00517,870.32,upi,Other,network_error,4,3,1,30,0,,1
P08030,C02778,1026.47,card,ICICI,insufficient_funds,3,2,1,60,1,234.0,1
P08031,C00523,357.61,netbanking,HDFC,network_error,5,5,1,60,1,91.0,1
P08032,C01918,458.23,upi,ICICI,limit_exceeded,3,1,0,0,0,,0
P08033,C02887,1383.76,card,ICICI,timeout,3,2,0,0,0,,0
P08034,C02165,910.43,card,SBI,timeout,5,1,0,0,1,154.0,0
P08035,C02232,221.86,upi,ICICI,insufficient_funds,4,1,1,60,1,72.0,1
P08036,C01930,148.2,netbanking,Other,timeout,2,2,1,120,1,125.0,1
P08037,C01140,405.83,upi,Axis,insufficient_funds,5,0,0,0,0,,0
P08038,C02210,250.6,card,Other,limit_exceeded,7,2,0,0,0,,0
P08039,C02591,683.63,upi,Other,limit_exceeded,4,2,0,0,1,176.0,0
P08040,C00839,811.97,wallet,Axis,limit_exceeded,6,2,0,0,1,130.0,0
P08041,C01090,589.51,card,ICICI,bank_declined,7,1,1,30,1,33.0,1
P08042,C01094,280.33,upi,Axis,network_error,4,2,0,0,0,,0
P08043,C02495,202.48,card,Axis,network_error,1,1,0,0,1,24.0,0
P08044,C02464,782.72,upi,Other,network_error,5,3,1,30,1,79.0,1
P08045,C02580,880.3,netbanking,Other,bank_declined,1,1,1,10,1,191.0,1
P08046,C02489,1069.72,upi,SBI,limit_exceeded,3,2,1,60,1,158.0,1
P08047,C02786,402.16,wallet,HDFC,limit_exceeded,2,2,0,0,1,144.0,0
P08048,C01970,462.22,upi,ICICI,network_error,5,3,0,0,0,,0
P08049,C02512,869.53,wallet,Axis,network_error,3,3,1,60,0,,1
P08050,C02444,496.81,netbanking,Other,timeout,6,4,0,0,0,,0
P08051,C02759,330.05,upi,Other,network_error,7,5,0,0,0,,0
P08052,C01575,273.86,netbanking,ICICI,timeout,10,1,0,0,0,,0
P08053,C01581,814.73,card,SBI,timeout,4,2,0,0,1,180.0,0
P08054,C02443,401.7,card,Other,limit_exceeded,6,1,1,30,1,7.0,1
P08055,C02374,336.63,card,Axis,timeout,1,4,1,120,0,,1
P08056,C01115,675.26,card,ICICI,insufficient_funds,3,0,0,0,0,,0
P08057,C00750,299.27,wallet,Axis,network_error,3,2,1,120,0,,1
P08058,C01094,328.8,card,HDFC,network_error,5,2,0,0,0,,0
P08059,C01190,506.76,card,Other,bank_declined,5,1,1,30,0,,1
P08060,C02690,355.49,card,ICICI,bank_declined,0,5,0,0,1,179.0,0
P08061,C02262,1326.45,upi,Other,limit_exceeded,8,5,0,0,0,,0
P08062,C01876,715.79,netbanking,HDFC,bank_declined,6,3,0,0,1,73.0,0
P08063,C01788,538.51,upi,ICICI,bank_declined,2,2,0,0,1,36.0,0
P08064,C02417,1317.04,netbanking,Axis,limit_exceeded,4,4,0,0,1,75.0,0
P08065,C01608,521.02,upi,Axis,insufficient_funds,3,5,1,10,0,,1
P08066,C00049,1050.83,wallet,HDFC,limit_exceeded,4,0,1,10,0,,1
P08067,C01076,245.62,card,Other,bank_declined,3,2,1,120,1,21.0,1
P08068,C01313,316.58,upi,ICICI,bank_declined,6,2,0,0,1,220.0,0
P08069,C01650,251.98,netbanking,Axis,network_error,7,2,1,10,1,32.0,1
P08070,C02181,701.39,card,Axis,network_error,4,0,1,120,0,,1
P08071,C02834,167.09,netbanking,Other,limit_exceeded,4,2,0,0,1,101.0,0
P08072,C01190,615.44,upi,HDFC,insufficient_funds,6,1,1,10,0,,1
P08073,C01398,348.73,card,HDFC,timeout,6,1,0,0,0,,0
P08074,C02421,539.89,upi,HDFC,timeout,3,0,0,0,0,,0
P08075,C01829,486.05,netbanking,Axis,network_error,1,3,1,120,0,,1
P08076,C00479,726.76,card,Axis,limit_exceeded,3,1,0,0,1,80.0,0
P08077,C00832,2357.3,upi,Axis,bank_declined,3,3,0,0,0,,0
P08078,C02698,2025.24,netbanking,Axis,timeout,5,6,0,0,0,,0
P08079,C01615,872.86,netbanking,Axis,network_error,1,2,1,30,0,,1
P08080,C00682,387.55,upi,Axis,insufficient_funds,5,3,0,0,1,80.0,0
P08081,C02736,562.3,upi,SBI,network_error,2,2,1,10,1,81.0,1
P08082,C01324,373.06,netbanking,ICICI,bank_declined,1,3,1,60,1,218.0,1
P08083,C00082,294.39,card,HDFC,network_error,4,1,0,0,1,238.0,0
P08084,C00087,125.58,wallet,ICICI,limit_exceeded,1,1,0,0,0,,0
P08085,C02273,420.1,upi,Other,network_error,5,2,1,60,0,,1
P08086,C02064,597.75,card,HDFC,network_error,4,2,0,0,1,36.0,0
P08087,C00822,756.0,card,HDFC,network_error,2,0,1,30,1,19.0,1
P08088,C00163,533.24,card,Axis,network_error,1,4,1,30,0,,1
P08089,C02562,303.09,netbanking,Axis,bank_declined,1,2,0,0,0,,0
P08090,C02398,347.65,upi,Other,bank_declined,5,1,0,0,0,,0
P08091,C01933,940.54,card,ICICI,timeout,4,2,1,10,0,,1
P08092,C02729,148.9,wallet,ICICI,timeout,1,1,0,0,1,70.0,0
P08093,C01851,344.95,netbanking,ICICI,bank_declined,8,1,1,120,1,18.0,1
P08094,C01861,500.87,card,Other,insufficient_funds,1,3,1,120,0,,1
P08095,C01116,369.75,card,SBI,network_error,4,2,0,0,1,49.0,0
P08096,C02229,170.25,card,ICICI,network_error,4,3,1,30,0,,1
P08097,C02791,948.12,upi,HDFC,bank_declined,4,4,1,10,1,23.0,1
P08098,C02708,1113.09,netbanking,HDFC,bank_declined,5,2,0,0,1,234.0,0
P08099,C01883,246.89,upi,Axis,limit_exceeded,2,3,1,10,1,25.0,1
P08100,C02541,52.15,netbanking,Axis,bank_declined,4,4,0,0,0,,0
P08101,C00923,1997.96,wallet,ICICI,timeout,6,1,0,0,0,,0
P08102,C02176,368.35,upi,ICICI,network_error,1,4,0,0,1,127.0,0
P08103,C01450,249.42,upi,Axis,timeout,2,2,1,30,0,,1
P08104,C01583,455.78,upi,HDFC,limit_exceeded,3,2,1,10,0,,1
P08105,C00565,616.75,card,Other,insufficient_funds,5,2,0,0,1,45.0,0
P08106,C02598,317.28,wallet,Other,timeout,6,1,0,0,0,,0
P08107,C02501,539.76,netbanking,Other,timeout,4,1,0,0,1,60.0,0
P08108,C00471,453.23,upi,ICICI,network_error,3,1,1,120,1,62.0,1
P08109,C00988,304.5,card,Other,network_error,4,3,1,60,0,,1
P08110,C02786,157.09,netbanking,SBI,bank_declined,4,2,0,0,1,34.0,0
P08111,C01935,1251.81,upi,ICICI,network_error,2,1,0,0,0,,0
P08112,C00224,731.61,upi,SBI,bank_declined,5,3,0,0,0,,0
P08113,C02202,287.82,upi,ICICI,limit_exceeded,4,2,1,10,0,,1
P08114,C02608,654.6,wallet,ICICI,network_error,4,2,1,60,1,135.0,1
P08115,C00351,268.14,card,Other,bank_declined,7,1,1,10,0,,1
P08116,C01929,479.72,card,ICICI,insufficient_funds,3,2,1,120,1,116.0,1
P08117,C00349,746.55,netbanking,SBI,network_error,1,3,0,0,1,151.0,0
P08118,C00182,681.83,card,HDFC,network_error,3,1,1,60,0,,1
P08119,C00637,370.74,wallet,SBI,bank_declined,3,2,1,60,0,,1
P08120,C01018,872.56,card,Axis,insufficient_funds,0,3,1,120,0,,1
P08121,C02227,496.41,netbanking,ICICI,timeout,6,3,0,0,0,,0
P08122,C00772,340.73,netbanking,SBI,bank_declined,4,2,1,120,0,,1
P08123,C02942,1592.0,upi,Other,limit_exceeded,12,1,1,60,1,165.0,1
P08124,C01016,224.34,upi,Axis,timeout,4,3,1,120,1,196.0,1
P08125,C02112,651.88,card,HDFC,limit_exceeded,1,2,0,0,0,,0
P08126,C00029,1328.43,card,SBI,limit_exceeded,7,5,0,0,1,119.0,0
P08127,C02420,149.69,netbanking,SBI,bank_declined,2,2,1,30,0,,1
P08128,C02145,1549.47,netbanking,SBI,network_error,4,1,1,30,1,232.0,1
P08129,C01894,1608.08,card,Axis,bank_declined,4,3,0,0,0,,0
P08130,C01466,354.95,netbanking,Other,insufficient_funds,3,5,1,120,0,,1
P08131,C01227,603.4,upi,Axis,bank_declined,2,3,1,60,1,196.0,1
P08132,C02069,294.28,upi,Other,bank_declined,6,1,1,10,0,,1
P08133,C02783,276.56,card,Other,insufficient_funds,6,2,1,120,0,,1
P08134,C01126,223.11,upi,HDFC,limit_exceeded,3,1,1,10,0,,1
P08135,C00066,1613.28,upi,ICICI,bank_declined,6,1,1,10,1,13.0,1
P08136,C02651,418.79,upi,ICICI,timeout,5,3,1,30,1,32.0,1
P08137,C01135,186.78,upi,SBI,insufficient_funds,3,2,0,0,0,,0
P08138,C00338,1019.43,upi,ICICI,insufficient_funds,3,0,0,0,0,,0
P08139,C02171,789.44,card,SBI,limit_exceeded,3,2,1,10,1,179.0,1
P08140,C01729,641.03,card,Axis,insufficient_funds,4,6,1,30,0,,1
P08141,C00447,310.8,card,ICICI,timeout,4,1,1,30,1,115.0,1
P08142,C02659,371.54,netbanking,HDFC,network_error,1,5,0,0,0,,0
P08143,C02719,2102.37,wallet,HDFC,bank_declined,3,4,1,60,1,49.0,1
P08144,C02663,645.24,netbanking,HDFC,insufficient_funds,4,0,1,30,1,137.0,1
P08145,C02945,340.33,card,Axis,bank_declined,3,0,0,0,0,,0
P08146,C00281,829.16,netbanking,SBI,limit_exceeded,6,2,1,10,1,27.0,1
P08147,C00596,889.45,card,Axis,limit_exceeded,4,0,0,0,1,209.0,0
P08148,C01987,1753.35,upi,Axis,network_error,5,5,0,0,1,198.0,0
P08149,C02751,515.89,netbanking,Axis,network_error,4,3,1,120,0,,1
P08150,C01075,822.82,card,Other,bank_declined,1,3,0,0,0,,0
P08151,C00210,714.79,upi,Axis,timeout,7,1,1,60,1,151.0,1
P08152,C00126,298.85,card,ICICI,limit_exceeded,8,2,1,10,1,205.0,1
P08153,C00492,189.41,upi,SBI,timeout,2,2,0,0,0,,0
P08154,C00970,761.31,upi,HDFC,network_error,6,0,0,0,1,167.0,0
P08155,C00581,800.07,upi,Other,network_error,5,2,0,0,0,,0
P08156,C02825,89.79,upi,SBI,insufficient_funds,7,3,0,0,1,143.0,0
P08157,C02306,714.04,card,SBI,limit_exceeded,1,1,1,120,0,,1
P08158,C01212,466.23,wallet,Axis,limit_exceeded,5,1,0,0,0,,0
P08159,C00230,668.44,wallet,HDFC,limit_exceeded,2,0,0,0,0,,0
P08160,C00189,351.81,netbanking,SBI,insufficient_funds,2,3,1,120,1,100.0,1
P08161,C02058,1363.9,upi,ICICI,network_error,6,6,1,60,0,,1
P08162,C02724,1013.33,netbanking,HDFC,network_error,2,2,0,0,1,16.0,0
P08163,C00502,186.34,upi,ICICI,bank_declined,7,2,0,0,1,152.0,0
P08164,C02133,248.22,card,Other,limit_exceeded,4,0,0,0,0,,0
P08165,C00049,513.99,card,SBI,timeout,2,4,0,0,0,,0
P08166,C02886,319.52,netbanking,Other,timeout,3,1,1,60,0,,1
P08167,C00689,1050.47,netbanking,ICICI,insufficient_funds,5,1,1,120,1,192.0,1
P08168,C00387,242.59,wallet,Other,limit_exceeded,6,0,1,10,0,,1
P08169,C00970,1044.1,netbanking,ICICI,timeout,3,3,0,0,0,,0
P08170,C01006,90.08,upi,Axis,limit_exceeded,5,1,1,120,1,132.0,1
P08171,C02266,371.17,card,Axis,insufficient_funds,1,2,0,0,0,,0
P08172,C01725,1302.34,upi,Other,network_error,5,2,1,60,1,11.0,1
P08173,C02005,473.37,upi,ICICI,timeout,5,2,1,10,0,,1
P08174,C02303,502.42,card,SBI,insufficient_funds,4,2,1,120,0,,1
P08175,C02284,849.39,netbanking,HDFC,insufficient_funds,6,1,1,60,1,153.0,1
P08176,C01608,712.89,card,Other,timeout,6,3,0,0,0,,0
P08177,C01790,455.53,upi,SBI,timeout,5,1,1,30,0,,1
P08178,C00271,1239.95,upi,ICICI,limit_exceeded,3,2,0,0,0,,0
P08179,C00123,539.4,card,ICICI,timeout,3,2,0,0,0,,0
P08180,C02704,720.35,upi,Other,insufficient_funds,4,1,1,10,0,,1
P08181,C01281,954.84,card,SBI,limit_exceeded,5,3,1,60,1,154.0,1
P08182,C01445,89.98,card,Other,bank_declined,3,1,0,0,0,,0
P08183,C00259,297.8,card,Axis,timeout,8,3,0,0,0,,0
P08184,C00948,326.1,card,ICICI,network_error,4,2,1,10,1,46.0,1
P08185,C02095,781.45,netbanking,Axis,insufficient_funds,4,1,1,60,0,,1
P08186,C00863,1669.53,upi,Other,limit_exceeded,5,2,1,60,1,57.0,1
P08187,C00525,133.46,card,ICICI,network_error,3,1,0,0,0,,0
P08188,C00888,368.25,wallet,Other,insufficient_funds,9,3,1,30,1,71.0,1
P08189,C00208,1059.94,upi,HDFC,bank_declined,6,2,0,0,1,93.0,0
P08190,C02795,145.78,card,SBI,timeout,6,2,0,0,1,147.0,0
P08191,C00149,644.41,netbanking,ICICI,network_error,6,1,1,10,1,141.0,1
P08192,C00438,677.83,upi,ICICI,insufficient_funds,0,3,0,0,1,123.0,0
P08193,C02203,717.85,upi,Axis,network_error,4,1,0,0,0,,0
P08194,C01722,224.31,upi,HDFC,bank_declined,6,3,1,30,1,53.0,1
P08195,C00358,478.99,card,Axis,network_error,7,1,0,0,0,,0
P08196,C01241,212.44,wallet,SBI,bank_declined,3,2,0,0,0,,0
P08197,C01931,1069.67,card,Other,bank_declined,3,1,0,0,1,186.0,0
P08198,C00456,233.93,upi,HDFC,timeout,3,3,0,0,0,,0
P08199,C02824,505.85,netbanking,Axis,insufficient_funds,1,2,0,0,0,,0
P08200,C01633,2129.4,card,Other,insufficient_funds,7,1,0,0,0,,0
P08201,C00629,1085.05,upi,SBI,insufficient_funds,4,3,1,120,1,7.0,1
P08202,C02880,142.9,wallet,SBI,timeout,4,3,0,0,0,,0
P08203,C00486,398.35,netbanking,HDFC,bank_declined,2,3,1,30,1,85.0,1
P08204,C02581,515.99,netbanking,HDFC,timeout,5,2,0,0,0,,0
P08205,C00200,431.4,upi,ICICI,insufficient_funds,3,2,0,0,1,155.0,0
P08206,C00371,646.66,upi,SBI,insufficient_funds,6,0,0,0,1,108.0,0
P08207,C01014,758.21,upi,ICICI,network_error,2,4,0,0,0,,0
P08208,C01983,1778.27,upi,Other,timeout,3,3,0,0,1,218.0,0
P08209,C02901,355.3,card,HDFC,timeout,3,2,0,0,0,,0
P08210,C01472,829.08,netbanking,ICICI,network_error,2,3,1,10,0,,1
P08211,C00248,433.86,card,SBI,timeout,4,2,0,0,1,194.0,0
P08212,C00788,1477.14,card,Other,insufficient_funds,4,0,1,60,0,,1
P08213,C02312,647.98,upi,HDFC,network_error,1,5,0,0,1,19.0,0
P08214,C02079,506.98,card,SBI,bank_declined,4,5,1,120,0,,1
P08215,C01522,410.34,upi,Axis,limit_exceeded,3,0,0,0,1,223.0,0
P08216,C01273,267.97,card,Other,network_error,2,6,1,60,1,203.0,1
P08217,C00605,903.81,card,Other,network_error,2,3,1,60,1,164.0,1
P08218,C01690,277.4,upi,Axis,network_error,6,1,0,0,1,123.0,0
P08219,C01418,133.44,upi,HDFC,timeout,6,2,1,10,1,23.0,1
P08220,C01821,251.52,upi,SBI,insufficient_funds,3,2,0,0,0,,0
P08221,C00502,548.44,netbanking,Other,limit_exceeded,3,1,1,30,1,65.0,1
P08222,C02934,209.52,card,ICICI,insufficient_funds,2,2,0,0,1,25.0,0
P08223,C00549,280.47,card,HDFC,network_error,5,2,1,30,0,,1
P08224,C01366,131.17,upi,HDFC,network_error,2,1,1,10,1,143.0,1
P08225,C00839,276.12,card,SBI,bank_declined,3,4,1,30,1,121.0,1
P08226,C01431,1633.19,card,Axis,insufficient_funds,2,1,1,30,0,,1
P08227,C01449,316.33,netbanking,Other,insufficient_funds,3,1,0,0,1,112.0,0
P08228,C00848,456.79,upi,Other,timeout,2,0,0,0,1,83.0,0
P08229,C00614,2366.36,card,ICICI,insufficient_funds,3,2,0,0,0,,0
P08230,C00412,621.32,upi,ICICI,network_error,4,1,0,0,0,,0
P08231,C02480,604.42,upi,ICICI,limit_exceeded,3,3,1,30,1,114.0,1
P08232,C00678,252.6,card,ICICI,network_error,1,2,0,0,1,197.0,0
P08233,C00159,577.48,upi,SBI,insufficient_funds,2,3,1,30,0,,1
P08234,C02062,1656.33,card,SBI,network_error,5,1,1,60,0,,1
P08235,C00373,211.47,upi,ICICI,timeout,5,2,1,60,1,80.0,1
P08236,C02273,432.68,upi,ICICI,limit_exceeded,9,2,0,0,1,52.0,0
P08237,C01097,216.62,upi,ICICI,timeout,1,2,0,0,0,,0
P08238,C02559,1527.71,wallet,Other,bank_declined,3,1,0,0,0,,0
P08239,C00603,215.74,card,SBI,bank_declined,4,3,0,0,0,,0
P08240,C00216,301.09,upi,HDFC,timeout,0,3,0,0,0,,0
P08241,C01997,218.85,upi,SBI,timeout,10,2,0,0,1,213.0,0
P08242,C01565,187.22,upi,SBI,bank_declined,2,2,1,30,1,15.0,1
P08243,C01841,525.58,upi,Other,insufficient_funds,2,2,1,120,1,159.0,1
P08244,C01963,385.67,card,Other,network_error,5,1,0,0,1,83.0,0
P08245,C02888,629.98,upi,ICICI,network_error,4,1,0,0,1,65.0,0
P08246,C00727,761.21,card,Axis,insufficient_funds,3,2,1,60,1,26.0,1
P08247,C01245,151.86,card,SBI,network_error,2,4,1,60,0,,1
P08248,C02602,608.69,netbanking,Axis,insufficient_funds,3,2,0,0,0,,0
P08249,C01066,260.11,upi,HDFC,timeout,3,2,1,120,0,,1
P08250,C00676,544.97,upi,ICICI,network_error,5,0,0,0,0,,0
P08251,C02921,622.42,wallet,SBI,insufficient_funds,0,0,1,30,0,,1
P08252,C00283,411.07,netbanking,Other,network_error,3,2,1,60,1,49.0,1
P08253,C01082,1238.47,upi,Other,timeout,3,1,0,0,0,,0
P08254,C02882,180.73,card,Axis,timeout,5,1,0,0,1,46.0,0
P08255,C02585,224.05,card,Other,insufficient_funds,8,1,0,0,0,,0
P08256,C01909,584.5,upi,Axis,insufficient_funds,6,2,1,120,1,131.0,1
P08257,C02971,2161.0,upi,ICICI,timeout,3,2,1,10,1,122.0,1
P08258,C01153,254.94,upi,Axis,insufficient_funds,3,2,0,0,1,162.0,0
P08259,C02890,470.74,card,SBI,network_error,7,6,1,10,1,153.0,1
P08260,C00948,1134.17,upi,Other,network_error,4,5,0,0,0,,0
P08261,C00665,935.69,netbanking,Other,network_error,7,2,0,0,0,,0
P08262,C01718,757.86,wallet,SBI,bank_declined,6,2,0,0,0,,0
P08263,C01149,297.79,upi,HDFC,insufficient_funds,3,0,1,10,1,210.0,1
P08264,C00067,484.06,card,ICICI,network_error,5,2,0,0,1,174.0,0
P08265,C02054,503.08,wallet,Axis,network_error,1,3,1,60,0,,1
P08266,C00637,1022.71,netbanking,ICICI,bank_declined,6,2,1,120,0,,1
P08267,C00314,448.95,card,SBI,bank_declined,3,0,0,0,0,,0
P08268,C00565,1273.07,upi,ICICI,timeout,7,3,0,0,1,174.0,0
P08269,C01602,474.26,card,HDFC,bank_declined,2,1,0,0,0,,0
P08270,C00826,543.26,card,ICICI,insufficient_funds,5,1,1,30,1,205.0,1
P08271,C02554,450.49,card,Axis,timeout,1,0,0,0,1,227.0,0
P08272,C01106,435.2,card,SBI,network_error,4,3,1,120,0,,1
P08273,C01026,468.83,upi,HDFC,bank_declined,1,1,0,0,0,,0
P08274,C02252,504.75,card,HDFC,insufficient_funds,4,2,1,120,0,,1
P08275,C00662,158.39,card,HDFC,bank_declined,5,3,0,0,0,,0
P08276,C00805,405.09,upi,Other,insufficient_funds,3,2,1,30,1,11.0,1
P08277,C02452,1607.0,netbanking,ICICI,insufficient_funds,3,0,1,60,1,122.0,1
P08278,C00536,138.46,card,Axis,limit_exceeded,6,3,0,0,1,228.0,0
P08279,C01392,415.13,netbanking,Other,insufficient_funds,2,1,1,120,1,70.0,1
P08280,C01236,332.65,upi,Axis,bank_declined,2,0,1,30,0,,1
P08281,C02625,619.38,upi,Axis,insufficient_funds,5,3,0,0,0,,0
P08282,C02811,704.25,upi,Axis,limit_exceeded,3,5,0,0,0,,0
P08283,C01921,545.72,upi,Axis,limit_exceeded,5,2,0,0,0,,0
P08284,C02165,120.45,card,ICICI,insufficient_funds,8,0,0,0,0,,0
P08285,C00628,119.16,card,ICICI,limit_exceeded,3,0,0,0,0,,0
P08286,C00749,76.33,card,Axis,insufficient_funds,8,2,0,0,1,17.0,0
P08287,C00105,448.06,card,Axis,bank_declined,2,1,0,0,1,130.0,0
P08288,C02543,155.94,upi,HDFC,network_error,4,2,1,60,0,,1
P08289,C00046,95.22,card,Other,bank_declined,7,1,1,30,1,131.0,1
P08290,C02871,258.83,netbanking,ICICI,insufficient_funds,4,3,1,60,1,181.0,1
P08291,C01355,305.55,upi,HDFC,timeout,1,2,1,60,1,166.0,1
P08292,C01240,465.22,upi,SBI,network_error,8,3,1,120,0,,1
P08293,C00982,495.27,upi,HDFC,limit_exceeded,4,5,0,0,1,107.0,0
P08294,C00960,514.1,upi,Other,bank_declined,3,4,1,30,1,152.0,1
P08295,C01516,874.8,card,SBI,bank_declined,2,2,1,60,0,,1
P08296,C01837,401.33,upi,Axis,bank_declined,0,1,0,0,1,8.0,0
P08297,C02893,832.37,card,HDFC,insufficient_funds,0,2,0,0,0,,0
P08298,C02497,385.69,upi,Other,insufficient_funds,2,1,0,0,0,,0
P08299,C02584,372.9,upi,HDFC,timeout,5,8,0,0,0,,0
P08300,C02559,330.32,netbanking,Other,bank_declined,0,2,0,0,0,,0
P08301,C01482,480.36,upi,HDFC,bank_declined,7,2,0,0,0,,0
P08302,C01560,782.0,upi,Other,limit_exceeded,2,0,1,120,1,67.0,1
P08303,C02588,771.1,card,Axis,insufficient_funds,6,2,1,120,1,188.0,1
P08304,C01508,754.86,card,Other,network_error,3,1,1,60,1,127.0,1
P08305,C02064,612.37,upi,ICICI,network_error,5,1,0,0,0,,0
P08306,C02001,219.92,upi,HDFC,limit_exceeded,3,3,1,10,0,,1
P08307,C02291,3394.95,upi,SBI,timeout,1,4,1,30,0,,1
P08308,C01974,193.76,card,SBI,insufficient_funds,3,1,1,10,0,,1
P08309,C00912,536.8,card,SBI,insufficient_funds,6,3,0,0,1,160.0,0
P08310,C01295,4017.39,netbanking,Other,insufficient_funds,3,3,0,0,1,110.0,0
P08311,C02809,913.85,wallet,SBI,insufficient_funds,6,2,0,0,0,,0
P08312,C01803,301.81,upi,Other,insufficient_funds,2,1,0,0,0,,0
P08313,C02753,1156.15,upi,SBI,insufficient_funds,3,1,1,120,1,61.0,1
P08314,C01754,564.86,upi,SBI,network_error,3,1,0,0,1,33.0,0
P08315,C00115,278.26,upi,Axis,limit_exceeded,6,1,1,30,1,163.0,1
P08316,C01604,574.02,netbanking,Axis,timeout,3,1,1,30,0,,1
P08317,C01323,382.25,netbanking,Axis,insufficient_funds,2,2,1,10,0,,1
P08318,C01861,423.99,netbanking,HDFC,timeout,1,1,1,60,1,161.0,1
P08319,C02445,507.61,card,Other,limit_exceeded,6,0,0,0,0,,0
P08320,C02442,804.08,card,Other,timeout,9,1,0,0,1,9.0,0
P08321,C01099,926.27,upi,Axis,bank_declined,3,2,0,0,0,,0
P08322,C00978,295.95,upi,Axis,bank_declined,2,6,0,0,1,28.0,0
P08323,C01506,634.04,netbanking,SBI,timeout,7,2,1,60,1,71.0,1
P08324,C01127,408.56,card,SBI,timeout,3,1,1,120,0,,1
P08325,C00297,843.07,upi,SBI,bank_declined,1,0,0,0,1,116.0,0
P08326,C02226,241.07,upi,HDFC,insufficient_funds,6,2,1,30,0,,1
P08327,C02363,485.64,netbanking,Axis,network_error,1,1,0,0,1,118.0,0
P08328,C01063,136.96,card,Axis,limit_exceeded,3,3,1,60,1,132.0,1
P08329,C00259,806.74,card,Axis,insufficient_funds,3,0,0,0,0,,0
P08330,C02055,1739.08,card,SBI,limit_exceeded,7,2,0,0,0,,0
P08331,C02097,1454.92,upi,HDFC,insufficient_funds,1,1,1,120,0,,1
P08332,C02209,885.66,netbanking,ICICI,bank_declined,7,4,0,0,1,19.0,0
P08333,C01893,736.85,upi,ICICI,insufficient_funds,3,0,0,0,1,110.0,0
P08334,C00176,2092.73,netbanking,SBI,insufficient_funds,4,2,1,60,1,209.0,1
P08335,C01001,333.72,card,SBI,bank_declined,3,2,1,120,0,,1
P08336,C01919,412.69,upi,Axis,network_error,5,4,1,30,1,198.0,1
P08337,C02503,1324.56,netbanking,Other,limit_exceeded,3,2,0,0,0,,0
P08338,C01668,446.96,netbanking,SBI,insufficient_funds,4,0,1,10,1,40.0,1
P08339,C00276,257.85,wallet,SBI,network_error,4,2,1,30,0,,1
P08340,C02546,170.01,upi,ICICI,bank_declined,3,2,0,0,1,34.0,0
P08341,C00676,273.76,card,SBI,limit_exceeded,3,1,0,0,1,56.0,0
P08342,C01824,1686.97,netbanking,Other,insufficient_funds,3,2,0,0,0,,0
P08343,C01052,458.36,wallet,Axis,bank_declined,3,7,1,120,1,69.0,1
P08344,C01357,289.36,wallet,Other,insufficient_funds,5,1,0,0,0,,0
P08345,C02104,463.17,netbanking,HDFC,limit_exceeded,6,2,0,0,1,193.0,0
P08346,C00547,618.74,card,SBI,network_error,3,2,0,0,0,,0
P08347,C01136,134.16,card,SBI,network_error,7,1,0,0,0,,0
P08348,C02084,264.16,netbanking,Other,insufficient_funds,3,4,1,60,0,,1
P08349,C02041,173.93,card,HDFC,insufficient_funds,2,3,1,10,1,205.0,1
P08350,C00439,1372.31,wallet,Axis,timeout,4,3,0,0,0,,0
P08351,C01753,453.7,upi,Other,network_error,5,3,1,60,0,,1
P08352,C01616,435.88,card,ICICI,insufficient_funds,1,2,0,0,0,,0
P08353,C01850,434.32,card,HDFC,network_error,5,1,0,0,0,,0
P08354,C02643,224.99,card,Axis,limit_exceeded,5,2,1,120,0,,1
P08355,C01601,708.14,netbanking,HDFC,insufficient_funds,3,1,1,60,1,118.0,1
P08356,C01664,1780.55,netbanking,ICICI,limit_exceeded,12,2,1,30,1,56.0,1
P08357,C00307,319.78,card,HDFC,timeout,3,1,1,120,0,,1
P08358,C00619,917.62,upi,Other,insufficient_funds,2,4,0,0,1,93.0,0
P08359,C01133,455.69,card,Other,timeout,3,2,1,30,0,,1
P08360,C01396,288.74,card,HDFC,timeout,5,0,1,60,1,42.0,1
P08361,C02405,928.73,upi,SBI,network_error,6,2,1,30,0,,1
P08362,C02229,158.42,netbanking,HDFC,timeout,6,2,1,60,1,22.0,1
P08363,C01380,182.05,wallet,Other,insufficient_funds,7,2,1,30,0,,1
P08364,C01700,1698.23,upi,Axis,timeout,4,6,0,0,1,101.0,0
P08365,C02116,371.58,card,HDFC,network_error,4,2,1,10,0,,1
P08366,C02340,1134.65,wallet,ICICI,bank_declined,2,2,0,0,1,78.0,0
P08367,C02740,453.81,upi,ICICI,network_error,3,3,1,30,1,187.0,1
P08368,C00181,83.41,upi,Axis,network_error,6,0,1,10,1,96.0,1
P08369,C02482,793.23,netbanking,Axis,insufficient_funds,4,2,1,10,0,,1
P08370,C01488,637.51,upi,Axis,insufficient_funds,4,4,0,0,0,,0
P08371,C00914,292.0,card,Axis,bank_declined,3,4,1,120,1,109.0,1
P08372,C01558,1061.36,upi,HDFC,bank_declined,7,1,0,0,1,137.0,0
P08373,C02114,948.3,upi,Axis,timeout,2,1,1,10,0,,1
P08374,C01045,290.47,netbanking,Axis,bank_declined,1,2,0,0,1,232.0,0
P08375,C01636,1051.43,card,SBI,timeout,6,0,1,30,0,,1
P08376,C02432,574.78,upi,ICICI,bank_declined,3,3,0,0,1,178.0,0
P08377,C01639,517.14,wallet,HDFC,insufficient_funds,2,2,1,10,0,,1
P08378,C01583,294.11,card,Other,network_error,2,2,1,10,1,232.0,1
P08379,C02087,259.51,card,SBI,limit_exceeded,3,2,0,0,1,70.0,0
P08380,C01309,1330.48,card,SBI,network_error,2,1,1,10,1,37.0,1
P08381,C00822,644.4,upi,Other,timeout,4,2,1,10,1,172.0,1
P08382,C00602,954.34,netbanking,SBI,timeout,7,1,0,0,1,87.0,0
P08383,C01621,352.22,card,HDFC,bank_declined,2,1,1,10,1,163.0,1
P08384,C00785,701.18,card,ICICI,insufficient_funds,2,4,0,0,0,,0
P08385,C01212,386.06,netbanking,Axis,limit_exceeded,5,3,1,60,1,21.0,1
P08386,C00671,785.87,card,SBI,timeout,3,2,0,0,0,,0
P08387,C01267,184.57,card,HDFC,limit_exceeded,6,4,0,0,0,,0
P08388,C01097,186.85,netbanking,SBI,timeout,3,5,1,60,0,,1
P08389,C02527,227.24,card,HDFC,insufficient_funds,6,1,0,0,0,,0
P08390,C01998,488.58,netbanking,SBI,bank_declined,3,3,0,0,1,222.0,0
P08391,C02609,104.25,upi,HDFC,insufficient_funds,4,1,1,10,0,,1
P08392,C00101,680.3,upi,Axis,insufficient_funds,4,0,0,0,1,125.0,0
P08393,C02562,756.84,card,HDFC,timeout,3,1,1,60,0,,1
P08394,C01780,145.03,upi,Other,bank_declined,6,3,1,120,1,108.0,1
P08395,C00176,370.76,netbanking,SBI,insufficient_funds,4,1,1,120,1,212.0,1
P08396,C00238,1807.5,upi,Axis,bank_declined,1,2,1,30,1,218.0,1
P08397,C02958,362.34,card,SBI,limit_exceeded,1,2,1,30,1,102.0,1
P08398,C01123,243.38,upi,HDFC,insufficient_funds,5,1,1,120,0,,1
P08399,C02919,378.87,upi,SBI,bank_declined,4,4,1,10,0,,1
P08400,C01978,1119.16,netbanking,ICICI,network_error,2,2,0,0,1,160.0,0
P08401,C02543,220.46,upi,HDFC,insufficient_funds,6,1,1,30,1,22.0,1
P08402,C02995,725.36,card,HDFC,limit_exceeded,5,1,0,0,0,,0
P08403,C02004,662.64,card,SBI,network_error,3,2,1,120,1,73.0,1
P08404,C01538,489.09,card,Axis,insufficient_funds,4,2,1,120,1,161.0,1
P08405,C00755,378.3,upi,Other,bank_declined,8,5,0,0,1,23.0,0
P08406,C02259,943.06,card,Axis,bank_declined,4,1,0,0,1,106.0,0
P08407,C01147,221.9,card,Other,insufficient_funds,6,2,0,0,0,,0
P08408,C01412,653.61,upi,ICICI,bank_declined,5,3,1,60,1,173.0,1
P08409,C00140,166.42,card,Other,network_error,4,2,1,60,0,,1
P08410,C00541,968.04,upi,Axis,insufficient_funds,4,3,0,0,0,,0
P08411,C01415,837.15,upi,Other,insufficient_funds,4,1,1,10,0,,1
P08412,C00270,368.0,netbanking,Other,network_error,4,1,1,30,1,178.0,1
P08413,C01036,418.52,wallet,ICICI,bank_declined,4,2,0,0,1,150.0,0
P08414,C01891,688.48,card,Other,insufficient_funds,2,2,0,0,0,,0
P08415,C00506,190.73,wallet,SBI,timeout,4,2,1,120,0,,1
P08416,C01130,399.91,card,ICICI,insufficient_funds,4,1,0,0,1,156.0,0
P08417,C02080,492.02,netbanking,ICICI,bank_declined,3,2,1,120,1,215.0,1
P08418,C01873,149.24,upi,SBI,insufficient_funds,4,0,1,30,1,157.0,1
P08419,C01093,923.69,card,ICICI,timeout,7,0,0,0,0,,0
P08420,C00813,2113.68,netbanking,ICICI,network_error,3,2,0,0,1,196.0,0
P08421,C00362,2652.81,wallet,Axis,insufficient_funds,4,0,1,30,1,217.0,1
P08422,C01457,125.71,wallet,Axis,network_error,2,1,1,30,0,,1
P08423,C00929,1110.21,upi,HDFC,network_error,8,3,0,0,1,209.0,0
P08424,C00100,316.8,netbanking,HDFC,insufficient_funds,7,1,0,0,0,,0
P08425,C01682,455.99,card,ICICI,network_error,5,0,0,0,1,111.0,0
P08426,C02057,247.8,card,ICICI,bank_declined,3,1,0,0,0,,0
P08427,C02745,753.8,card,SBI,insufficient_funds,2,1,0,0,1,6.0,0
P08428,C01053,85.47,upi,SBI,timeout,4,1,1,10,1,15.0,1
P08429,C02510,212.76,upi,ICICI,network_error,9,2,1,120,0,,1
P08430,C00921,101.39,upi,Other,network_error,4,1,1,60,0,,1
P08431,C02438,328.74,upi,Axis,timeout,2,4,1,30,0,,1
P08432,C00632,395.71,netbanking,Other,bank_declined,3,1,1,30,1,140.0,1
P08433,C00682,163.76,netbanking,Axis,insufficient_funds,4,3,1,60,0,,1
P08434,C02205,709.84,netbanking,ICICI,limit_exceeded,2,1,1,120,1,238.0,1
P08435,C02383,667.35,netbanking,Axis,bank_declined,4,1,0,0,1,146.0,0
P08436,C02308,903.33,netbanking,HDFC,network_error,3,3,1,60,0,,1
P08437,C02130,1318.7,netbanking,ICICI,limit_exceeded,2,1,1,60,0,,1
P08438,C00754,408.99,card,ICICI,insufficient_funds,4,2,1,120,0,,1
P08439,C01465,575.83,upi,ICICI,limit_exceeded,5,0,0,0,0,,0
P08440,C00720,240.83,card,SBI,network_error,2,2,0,0,0,,0
P08441,C00075,516.52,netbanking,ICICI,limit_exceeded,8,1,0,0,1,89.0,0
P08442,C01294,533.25,card,ICICI,insufficient_funds,0,1,0,0,0,,0
P08443,C01923,1433.16,wallet,ICICI,network_error,6,1,0,0,0,,0
P08444,C02674,717.13,upi,Other,limit_exceeded,9,1,0,0,0,,0
P08445,C00062,727.06,card,Axis,insufficient_funds,4,1,0,0,1,19.0,0
P08446,C00874,398.81,upi,HDFC,bank_declined,1,2,1,60,0,,1
P08447,C00320,50.07,netbanking,ICICI,insufficient_funds,5,2,0,0,0,,0
P08448,C02150,501.01,card,Axis,limit_exceeded,5,1,0,0,0,,0
P08449,C01453,352.94,upi,HDFC,bank_declined,5,0,1,30,1,158.0,1
P08450,C00874,226.29,card,Axis,insufficient_funds,3,1,1,30,0,,1
P08451,C01746,827.58,netbanking,ICICI,timeout,2,4,0,0,0,,0
P08452,C02303,983.45,card,Axis,network_error,4,2,1,60,0,,1
P08453,C01556,243.55,upi,Axis,network_error,6,1,1,30,1,186.0,1
P08454,C02618,506.04,upi,Axis,network_error,3,4,0,0,0,,0
P08455,C00112,456.94,card,ICICI,network_error,4,5,1,60,0,,1
P08456,C00461,1091.42,wallet,SBI,bank_declined,8,3,1,30,0,,1
P08457,C02756,669.23,upi,SBI,limit_exceeded,5,3,0,0,1,111.0,0
P08458,C00887,811.54,card,Axis,insufficient_funds,3,3,1,120,0,,1
P08459,C01116,380.61,netbanking,ICICI,limit_exceeded,1,0,0,0,1,183.0,0
P08460,C01076,658.05,netbanking,Axis,bank_declined,1,0,0,0,0,,0
P08461,C00520,907.38,wallet,SBI,insufficient_funds,6,2,0,0,0,,0
P08462,C00812,2492.58,upi,Other,network_error,5,2,0,0,1,33.0,0
P08463,C02284,337.39,upi,Other,limit_exceeded,6,2,0,0,1,94.0,0
P08464,C01925,381.63,wallet,Axis,bank_declined,10,5,0,0,1,36.0,0
P08465,C01605,293.79,card,SBI,insufficient_funds,9,4,1,60,1,92.0,1
P08466,C00927,360.33,netbanking,Other,network_error,3,1,1,30,0,,1
P08467,C00557,1296.51,card,Other,limit_exceeded,4,3,0,0,0,,0
P08468,C02697,275.83,upi,Axis,bank_declined,2,2,0,0,1,64.0,0
P08469,C02282,647.28,wallet,Axis,insufficient_funds,3,2,0,0,0,,0
P08470,C01056,990.8,upi,SBI,network_error,10,2,0,0,1,15.0,0
P08471,C00579,1140.65,upi,HDFC,bank_declined,5,2,0,0,0,,0
P08472,C00542,1363.89,card,Other,insufficient_funds,5,5,0,0,1,137.0,0
P08473,C02162,685.0,card,HDFC,limit_exceeded,5,0,1,30,1,122.0,1
P08474,C02252,639.74,card,Other,network_error,4,2,0,0,1,213.0,0
P08475,C01053,331.02,netbanking,Other,insufficient_funds,2,2,1,30,0,,1
P08476,C02691,124.15,upi,Other,limit_exceeded,6,1,1,30,0,,1
P08477,C00474,324.78,card,Axis,network_error,2,2,0,0,1,137.0,0
P08478,C02745,550.82,upi,HDFC,network_error,2,3,1,30,1,68.0,1
P08479,C02301,1001.77,netbanking,ICICI,network_error,4,2,1,60,0,,1
P08480,C00905,1409.43,card,Axis,limit_exceeded,3,3,1,10,0,,1
P08481,C01946,495.0,card,Other,limit_exceeded,6,5,0,0,0,,0
P08482,C00386,1082.57,upi,HDFC,insufficient_funds,2,3,0,0,1,122.0,0
P08483,C00062,554.02,card,HDFC,insufficient_funds,5,2,1,120,0,,1
P08484,C00515,570.0,upi,SBI,bank_declined,0,2,1,120,0,,1
P08485,C00430,399.64,wallet,Axis,bank_declined,6,1,0,0,0,,0
P08486,C00580,353.23,upi,ICICI,network_error,4,1,1,60,0,,1
P08487,C01561,327.91,netbanking,SBI,bank_declined,5,0,1,120,0,,1
P08488,C01165,335.22,upi,HDFC,limit_exceeded,7,3,1,120,1,234.0,1
P08489,C02791,307.34,card,SBI,insufficient_funds,2,1,0,0,1,134.0,0
P08490,C01324,893.47,netbanking,Other,insufficient_funds,5,2,1,30,0,,1
P08491,C02723,1197.74,card,Axis,bank_declined,4,4,1,120,0,,1
P08492,C02359,289.63,wallet,ICICI,insufficient_funds,2,1,0,0,0,,0
P08493,C00471,263.81,card,ICICI,network_error,2,6,0,0,1,51.0,0
P08494,C01417,432.49,wallet,HDFC,bank_declined,2,4,1,30,0,,1
P08495,C01666,267.5,netbanking,SBI,timeout,5,0,1,60,0,,1
P08496,C01469,241.71,card,ICICI,insufficient_funds,3,0,0,0,1,173.0,0
P08497,C00809,386.0,card,ICICI,timeout,3,3,0,0,0,,0
P08498,C00172,584.34,card,Other,bank_declined,4,2,0,0,1,100.0,0
P08499,C02624,579.29,card,Other,network_error,5,1,0,0,1,188.0,0
P08500,C00031,395.67,upi,HDFC,bank_declined,5,2,0,0,0,,0
P08501,C00047,341.33,upi,SBI,timeout,7,0,1,10,0,,1
P08502,C00130,754.57,upi,Other,timeout,3,0,0,0,1,44.0,0
P08503,C02400,646.74,card,SBI,bank_declined,6,1,1,120,1,123.0,1
P08504,C00978,555.88,card,HDFC,limit_exceeded,2,1,1,120,1,185.0,1
P08505,C01646,331.94,upi,Axis,bank_declined,7,2,0,0,0,,0
P08506,C01605,1252.83,netbanking,HDFC,limit_exceeded,0,2,1,10,0,,1
P08507,C00058,196.86,upi,Axis,insufficient_funds,8,4,0,0,0,,0
P08508,C01130,333.14,card,Other,bank_declined,2,1,0,0,0,,0
P08509,C02860,246.99,card,ICICI,limit_exceeded,2,1,1,120,1,74.0,1
P08510,C01354,493.35,upi,HDFC,insufficient_funds,8,1,0,0,1,26.0,0
P08511,C00768,308.86,upi,SBI,timeout,4,2,1,120,1,13.0,1
P08512,C00683,526.32,upi,SBI,network_error,3,2,1,120,1,21.0,1
P08513,C02009,710.91,netbanking,Axis,limit_exceeded,7,6,1,30,1,175.0,1
P08514,C02334,1194.35,upi,SBI,limit_exceeded,4,4,0,0,0,,0
P08515,C01791,572.58,card,Other,bank_declined,4,5,1,30,0,,1
P08516,C01478,566.47,card,Axis,network_error,2,3,0,0,1,236.0,0
P08517,C00886,665.93,upi,ICICI,insufficient_funds,1,1,0,0,0,,0
P08518,C00397,99.54,netbanking,HDFC,insufficient_funds,4,2,1,10,0,,1
P08519,C01539,512.99,netbanking,Axis,network_error,5,3,1,120,0,,1
P08520,C02074,226.98,card,Other,insufficient_funds,1,6,1,10,0,,1
P08521,C00313,312.84,card,Axis,insufficient_funds,5,1,0,0,0,,0
P08522,C02174,453.06,netbanking,Other,insufficient_funds,4,6,0,0,0,,0
P08523,C01589,959.8,card,Axis,insufficient_funds,2,1,1,120,0,,1
P08524,C01222,142.99,netbanking,Axis,timeout,7,1,1,60,1,206.0,1
P08525,C00811,582.5,upi,ICICI,insufficient_funds,4,3,1,60,1,181.0,1
P08526,C02236,529.8,upi,Axis,limit_exceeded,8,0,1,60,1,80.0,1
P08527,C02746,666.31,card,Other,insufficient_funds,2,2,1,10,0,,1
P08528,C02858,2358.41,upi,Axis,insufficient_funds,7,1,1,120,0,,1
P08529,C02764,1464.89,netbanking,SBI,bank_declined,5,3,0,0,0,,0
P08530,C02033,604.15,upi,ICICI,timeout,0,5,1,10,0,,1
P08531,C01508,729.57,upi,Other,timeout,1,2,1,120,1,94.0,1
P08532,C00450,480.26,netbanking,HDFC,insufficient_funds,3,1,1,10,0,,1
P08533,C02571,838.49,upi,Axis,bank_declined,5,4,0,0,0,,0
P08534,C01895,505.15,netbanking,Other,timeout,6,5,0,0,0,,0
P08535,C01378,664.54,card,SBI,bank_declined,3,0,1,120,1,29.0,1
P08536,C02706,309.49,netbanking,Axis,bank_declined,7,2,1,120,1,59.0,1
P08537,C00597,579.04,card,SBI,network_error,3,4,0,0,1,26.0,0
P08538,C02148,1278.43,card,Axis,bank_declined,6,2,0,0,0,,0
P08539,C00616,733.22,card,Axis,bank_declined,0,4,1,10,1,5.0,1
P08540,C00948,534.64,netbanking,HDFC,timeout,1,2,0,0,1,55.0,0
P08541,C01582,64.65,card,HDFC,limit_exceeded,1,1,0,0,0,,0
P08542,C00556,644.56,wallet,SBI,network_error,6,4,0,0,1,41.0,0
P08543,C00278,463.55,upi,ICICI,bank_declined,6,4,0,0,0,,0
P08544,C02014,232.5,upi,Axis,limit_exceeded,2,2,0,0,1,76.0,0
P08545,C00491,470.14,netbanking,HDFC,timeout,3,1,1,60,1,42.0,1
P08546,C00255,471.7,card,ICICI,network_error,2,2,0,0,0,,0
P08547,C02429,494.82,netbanking,SBI,network_error,6,3,0,0,0,,0
P08548,C00892,830.04,wallet,Other,timeout,4,1,1,30,0,,1
P08549,C00542,424.98,upi,HDFC,timeout,7,2,1,60,0,,1
P08550,C01288,415.01,netbanking,Axis,timeout,5,1,1,10,1,97.0,1
P08551,C01634,384.84,netbanking,HDFC,limit_exceeded,7,3,0,0,1,35.0,0
P08552,C00825,584.68,upi,Axis,bank_declined,6,3,0,0,1,115.0,0
P08553,C02927,719.97,upi,HDFC,insufficient_funds,4,3,0,0,1,86.0,0
P08554,C01353,1214.77,upi,SBI,bank_declined,7,0,1,120,0,,1
P08555,C00281,713.72,card,SBI,timeout,9,2,0,0,0,,0
P08556,C01299,1047.19,upi,SBI,network_error,4,1,1,30,0,,1
P08557,C00773,891.14,wallet,SBI,limit_exceeded,3,2,1,60,0,,1
P08558,C02891,548.41,upi,SBI,insufficient_funds,4,3,0,0,0,,0
P08559,C02767,296.39,upi,Axis,timeout,5,3,0,0,1,120.0,0
P08560,C00328,653.83,card,Axis,insufficient_funds,4,2,0,0,1,150.0,0
P08561,C02259,1466.72,upi,Other,timeout,5,1,0,0,1,91.0,0
P08562,C02775,1054.25,card,SBI,bank_declined,4,2,0,0,0,,0
P08563,C00923,1205.53,netbanking,ICICI,limit_exceeded,2,1,0,0,1,21.0,0
P08564,C00552,135.55,upi,Axis,network_error,6,3,1,10,1,187.0,1
P08565,C02074,124.49,card,Axis,timeout,4,2,0,0,1,40.0,0
P08566,C02075,350.98,upi,Other,insufficient_funds,4,5,1,120,0,,1
P08567,C00702,686.91,netbanking,Axis,timeout,0,2,0,0,1,143.0,0
P08568,C01920,379.09,card,HDFC,bank_declined,1,1,0,0,0,,0
P08569,C02730,428.45,wallet,Axis,bank_declined,5,4,1,30,1,239.0,1
P08570,C02461,174.89,upi,HDFC,timeout,6,2,1,60,1,87.0,1
P08571,C00167,322.13,netbanking,Other,insufficient_funds,2,0,1,10,0,,1
P08572,C00169,264.53,netbanking,HDFC,insufficient_funds,7,4,1,30,0,,1
P08573,C00229,270.51,card,ICICI,bank_declined,5,4,1,10,0,,1
P08574,C02003,294.39,netbanking,Axis,network_error,3,4,0,0,1,105.0,0
P08575,C00367,228.74,netbanking,ICICI,bank_declined,8,2,1,10,0,,1
P08576,C00528,92.06,card,SBI,network_error,6,5,0,0,0,,0
P08577,C00791,1323.59,wallet,Other,bank_declined,1,2,1,10,0,,1
P08578,C00524,454.09,upi,Other,bank_declined,4,8,0,0,0,,0
P08579,C01096,304.58,card,Axis,insufficient_funds,5,2,1,30,0,,1
P08580,C01669,445.67,card,Axis,bank_declined,3,0,0,0,0,,0
P08581,C02154,622.1,upi,Other,bank_declined,4,1,1,10,0,,1
P08582,C02780,533.45,card,Axis,insufficient_funds,5,2,0,0,1,59.0,0
P08583,C01909,294.56,card,HDFC,insufficient_funds,4,1,0,0,0,,0
P08584,C01306,987.68,wallet,HDFC,bank_declined,4,1,1,60,1,42.0,1
P08585,C00133,324.99,netbanking,HDFC,insufficient_funds,1,1,1,30,1,80.0,1
P08586,C02582,418.69,upi,Other,limit_exceeded,5,1,1,10,0,,1
P08587,C02317,1646.58,card,Other,network_error,8,0,1,120,0,,1
P08588,C02721,2083.88,card,ICICI,bank_declined,6,3,1,60,1,123.0,1
P08589,C01643,1100.38,upi,SBI,bank_declined,4,2,0,0,1,124.0,0
P08590,C02839,308.55,netbanking,Axis,bank_declined,7,0,1,10,0,,1
P08591,C01889,365.9,card,Other,bank_declined,3,2,0,0,0,,0
P08592,C01771,285.56,card,ICICI,limit_exceeded,5,5,1,120,0,,1
P08593,C00018,417.27,netbanking,SBI,bank_declined,5,6,1,120,0,,1
P08594,C01778,716.13,netbanking,HDFC,bank_declined,2,3,0,0,1,132.0,0
P08595,C00117,132.18,upi,Axis,timeout,6,1,0,0,1,31.0,0
P08596,C00798,238.87,upi,Other,limit_exceeded,3,6,1,10,1,205.0,1
P08597,C02599,531.95,card,ICICI,network_error,8,1,1,10,0,,1
P08598,C02977,460.67,card,HDFC,insufficient_funds,3,1,0,0,1,217.0,0
P08599,C01712,360.05,wallet,SBI,limit_exceeded,0,4,1,120,1,8.0,1
P08600,C00753,185.35,upi,ICICI,timeout,3,2,0,0,0,,0
P08601,C02470,324.67,upi,SBI,insufficient_funds,2,4,0,0,1,154.0,0
P08602,C01393,351.04,upi,Other,insufficient_funds,4,2,1,60,0,,1
P08603,C02694,194.11,netbanking,ICICI,timeout,6,1,0,0,0,,0
P08604,C02606,274.58,card,Axis,insufficient_funds,2,5,0,0,0,,0
P08605,C02098,430.04,upi,HDFC,network_error,7,0,1,60,1,169.0,1
P08606,C00678,685.91,upi,ICICI,insufficient_funds,2,1,1,10,1,111.0,1
P08607,C00106,934.86,card,Other,network_error,3,2,1,60,0,,1
P08608,C00658,236.73,upi,Other,insufficient_funds,7,2,1,10,0,,1
P08609,C01947,385.64,upi,SBI,network_error,3,1,1,60,1,223.0,1
P08610,C01449,414.84,upi,SBI,timeout,6,2,0,0,1,26.0,0
P08611,C01096,429.0,upi,Axis,network_error,5,1,1,30,1,188.0,1
P08612,C00988,408.77,card,Other,limit_exceeded,5,1,0,0,0,,0
P08613,C02890,217.1,upi,Other,network_error,1,2,0,0,0,,0
P08614,C01809,687.08,card,Other,network_error,8,1,1,60,1,219.0,1
P08615,C01783,395.49,netbanking,HDFC,bank_declined,5,2,1,10,1,170.0,1
P08616,C00446,504.26,card,HDFC,bank_declined,4,2,0,0,0,,0
P08617,C01949,520.94,card,Other,bank_declined,0,1,1,30,1,45.0,1
P08618,C02118,322.32,wallet,HDFC,insufficient_funds,5,4,1,60,0,,1
P08619,C01998,841.5,card,Other,bank_declined,4,2,0,0,0,,0
P08620,C02198,359.25,card,SBI,bank_declined,2,1,1,30,1,215.0,1
P08621,C00774,554.45,netbanking,SBI,bank_declined,3,4,1,10,0,,1
P08622,C01562,526.69,card,HDFC,bank_declined,6,0,1,120,0,,1
P08623,C01676,589.98,upi,SBI,bank_declined,0,1,0,0,0,,0
P08624,C01123,1046.07,netbanking,SBI,timeout,5,0,0,0,0,,0
P08625,C01302,297.39,wallet,Axis,bank_declined,2,2,0,0,1,200.0,0
P08626,C01587,489.08,card,Axis,network_error,3,3,1,120,0,,1
P08627,C01687,478.55,card,Other,limit_exceeded,3,2,0,0,1,204.0,0
P08628,C00944,401.58,upi,ICICI,bank_declined,4,4,1,60,1,91.0,1
P08629,C00455,693.57,card,ICICI,network_error,0,0,1,60,0,,1
P08630,C01128,218.06,card,Axis,network_error,6,2,0,0,0,,0
P08631,C00946,1310.93,upi,Other,bank_declined,6,4,1,120,1,140.0,1
P08632,C00601,1354.83,card,Axis,insufficient_funds,1,2,1,60,0,,1
P08633,C02701,316.51,netbanking,SBI,bank_declined,3,3,0,0,0,,0
P08634,C00725,460.04,card,Other,insufficient_funds,7,1,1,120,0,,1
P08635,C02281,140.53,card,Other,network_error,3,1,1,60,1,63.0,1
P08636,C01418,311.77,netbanking,ICICI,bank_declined,5,2,0,0,1,54.0,0
P08637,C01525,2483.3,card,ICICI,timeout,7,0,1,120,0,,1
P08638,C00251,750.09,netbanking,ICICI,network_error,4,1,0,0,0,,0
P08639,C01545,795.42,card,HDFC,timeout,2,4,0,0,1,48.0,0
P08640,C00079,348.44,upi,SBI,limit_exceeded,5,2,1,10,1,101.0,1
P08641,C00898,458.76,netbanking,SBI,bank_declined,9,2,1,30,1,118.0,1
P08642,C02969,472.53,upi,SBI,insufficient_funds,3,2,0,0,0,,0
P08643,C00781,184.78,card,SBI,limit_exceeded,7,1,0,0,1,172.0,0
P08644,C00226,535.4,netbanking,SBI,limit_exceeded,5,1,0,0,0,,0
P08645,C01075,833.19,upi,SBI,insufficient_funds,3,2,1,120,0,,1
P08646,C01210,1696.19,card,HDFC,timeout,5,4,1,60,1,91.0,1
P08647,C01058,582.75,wallet,Other,insufficient_funds,4,1,0,0,1,126.0,0
P08648,C00803,448.38,netbanking,ICICI,insufficient_funds,1,4,0,0,0,,0
P08649,C00742,449.02,card,ICICI,network_error,2,1,0,0,0,,0
P08650,C02179,637.76,upi,ICICI,bank_declined,4,1,0,0,1,156.0,0
P08651,C02680,844.22,upi,SBI,limit_exceeded,2,4,0,0,1,209.0,0
P08652,C02886,1039.79,card,ICICI,network_error,6,1,1,10,0,,1
P08653,C02807,111.42,card,HDFC,timeout,6,0,1,30,0,,1
P08654,C00704,1038.56,upi,SBI,insufficient_funds,6,4,1,120,1,31.0,1
P08655,C02545,212.66,card,SBI,limit_exceeded,6,3,1,60,0,,1
P08656,C01427,247.6,netbanking,HDFC,insufficient_funds,4,1,0,0,1,80.0,0
P08657,C02371,425.36,upi,Other,network_error,4,2,0,0,1,58.0,0
P08658,C00615,699.88,netbanking,HDFC,network_error,7,2,0,0,0,,0
P08659,C00329,196.41,netbanking,HDFC,insufficient_funds,2,1,0,0,1,189.0,0
P08660,C01396,324.95,upi,HDFC,limit_exceeded,5,4,1,60,1,81.0,1
P08661,C01484,602.15,upi,Other,bank_declined,2,1,0,0,1,49.0,0
P08662,C00133,690.82,wallet,ICICI,timeout,8,2,0,0,1,215.0,0
P08663,C00835,679.4,card,HDFC,network_error,6,1,0,0,1,161.0,0
P08664,C02699,952.28,upi,SBI,insufficient_funds,6,5,1,10,1,172.0,1
P08665,C00121,1097.28,upi,ICICI,limit_exceeded,1,1,0,0,1,90.0,0
P08666,C02654,531.23,upi,ICICI,bank_declined,4,0,0,0,0,,0
P08667,C01476,469.63,card,Axis,insufficient_funds,3,2,0,0,1,123.0,0
P08668,C00965,282.73,upi,HDFC,insufficient_funds,5,2,1,10,0,,1
P08669,C00129,328.68,card,ICICI,bank_declined,2,3,1,60,1,154.0,1
P08670,C01599,189.85,netbanking,SBI,network_error,3,6,0,0,0,,0
P08671,C02077,1302.82,upi,Other,insufficient_funds,2,1,1,30,0,,1
P08672,C02770,469.74,card,Other,bank_declined,6,2,0,0,1,234.0,0
P08673,C01548,829.57,upi,ICICI,timeout,5,1,1,10,0,,1
P08674,C00333,3209.8,netbanking,Other,limit_exceeded,7,1,1,60,0,,1
P08675,C01154,2341.2,wallet,Axis,timeout,2,1,1,30,0,,1
P08676,C01317,1070.79,card,Other,insufficient_funds,4,0,1,120,0,,1
P08677,C01197,378.49,netbanking,Other,bank_declined,2,1,0,0,0,,0
P08678,C02992,863.26,wallet,Other,network_error,2,3,0,0,1,60.0,0
P08679,C01430,490.99,upi,SBI,limit_exceeded,3,3,1,10,0,,1
P08680,C00356,255.17,wallet,Axis,network_error,2,3,1,10,0,,1
P08681,C00139,260.22,wallet,Axis,bank_declined,6,1,0,0,0,,0
P08682,C01527,894.65,upi,Other,bank_declined,4,2,1,30,0,,1
P08683,C01198,825.01,netbanking,ICICI,bank_declined,5,3,1,30,1,141.0,1
P08684,C00029,1157.79,card,SBI,bank_declined,4,2,0,0,1,12.0,0
P08685,C00931,417.8,wallet,ICICI,network_error,4,0,0,0,1,67.0,0
P08686,C02544,361.75,upi,HDFC,timeout,5,3,0,0,1,81.0,0
P08687,C01014,229.88,upi,SBI,limit_exceeded,1,3,0,0,1,129.0,0
P08688,C02703,154.44,netbanking,Other,timeout,9,1,1,30,1,93.0,1
P08689,C00828,272.27,netbanking,SBI,timeout,3,0,1,10,1,87.0,1
P08690,C00351,312.17,netbanking,SBI,bank_declined,4,1,1,10,1,43.0,1
P08691,C02602,222.28,card,ICICI,network_error,4,4,0,0,1,190.0,0
P08692,C02025,344.07,upi,HDFC,bank_declined,3,2,0,0,0,,0
P08693,C00299,1857.95,netbanking,SBI,insufficient_funds,5,1,1,10,0,,1
P08694,C01744,304.38,upi,HDFC,limit_exceeded,4,1,0,0,1,211.0,0
P08695,C01866,135.05,wallet,HDFC,insufficient_funds,6,3,0,0,0,,0
P08696,C01216,548.07,netbanking,ICICI,insufficient_funds,2,2,1,30,1,26.0,1
P08697,C01696,771.6,upi,ICICI,insufficient_funds,2,3,1,10,0,,1
P08698,C02112,265.01,upi,Other,insufficient_funds,6,2,0,0,1,92.0,0
P08699,C00755,837.58,card,Other,insufficient_funds,2,1,0,0,1,51.0,0
P08700,C00770,1742.97,upi,SBI,network_error,2,4,1,60,0,,1
P08701,C01239,418.58,card,Other,limit_exceeded,1,5,0,0,1,189.0,0
P08702,C00834,829.04,upi,ICICI,timeout,5,0,1,10,1,27.0,1
P08703,C02214,941.1,netbanking,Other,network_error,2,2,0,0,0,,0
P08704,C01907,656.91,upi,Other,timeout,5,0,1,10,0,,1
P08705,C01565,930.69,card,Other,bank_declined,2,3,1,30,0,,1
P08706,C01219,715.26,netbanking,HDFC,limit_exceeded,4,4,1,120,1,148.0,1
P08707,C00506,253.92,upi,Other,bank_declined,2,4,1,120,0,,1
P08708,C01358,102.75,card,ICICI,insufficient_funds,5,1,1,30,1,202.0,1
P08709,C02841,561.6,upi,HDFC,timeout,7,0,0,0,1,88.0,0
P08710,C02881,419.07,upi,Other,timeout,4,3,1,10,0,,1
P08711,C01461,157.79,card,Other,insufficient_funds,6,2,0,0,0,,0
P08712,C02906,423.81,upi,ICICI,bank_declined,3,1,1,120,1,53.0,1
P08713,C01417,448.43,card,SBI,network_error,7,2,1,10,0,,1
P08714,C02854,607.48,netbanking,ICICI,network_error,3,1,0,0,1,27.0,0
P08715,C01173,1075.35,wallet,Axis,limit_exceeded,4,2,0,0,0,,0
P08716,C00761,280.01,card,ICICI,bank_declined,3,3,1,10,1,122.0,1
P08717,C00833,116.16,wallet,SBI,network_error,3,1,0,0,0,,0
P08718,C01429,371.89,wallet,ICICI,bank_declined,6,0,1,60,0,,1
P08719,C00283,871.18,card,HDFC,limit_exceeded,5,2,0,0,0,,0
P08720,C00379,1257.31,card,HDFC,bank_declined,5,2,1,30,0,,1
P08721,C00198,323.16,upi,ICICI,network_error,7,2,0,0,1,193.0,0
P08722,C00556,742.1,card,HDFC,network_error,5,0,1,120,0,,1
P08723,C00356,228.15,card,SBI,bank_declined,4,2,0,0,1,15.0,0
P08724,C01564,495.13,card,Axis,bank_declined,2,4,1,10,1,15.0,1
P08725,C01041,67.05,card,Axis,network_error,5,3,0,0,1,145.0,0
P08726,C02687,391.8,card,SBI,bank_declined,2,2,0,0,0,,0
P08727,C00379,616.4,netbanking,Other,insufficient_funds,5,0,1,10,0,,1
P08728,C00680,357.33,netbanking,Other,timeout,2,1,1,60,1,76.0,1
P08729,C02554,184.43,upi,Axis,bank_declined,2,2,1,10,0,,1
P08730,C01780,520.22,upi,HDFC,bank_declined,4,0,1,30,0,,1
P08731,C00899,1753.5,wallet,HDFC,network_error,4,4,1,30,1,16.0,1
P08732,C00076,275.45,wallet,Other,timeout,5,2,0,0,1,17.0,0
P08733,C00231,298.78,netbanking,Axis,insufficient_funds,1,0,0,0,1,99.0,0
P08734,C01740,416.53,upi,ICICI,network_error,5,1,1,60,1,125.0,1
P08735,C00962,1579.15,upi,ICICI,bank_declined,3,4,0,0,0,,0
P08736,C02350,193.79,netbanking,HDFC,limit_exceeded,2,0,0,0,0,,0
P08737,C02774,287.61,wallet,SBI,network_error,8,1,1,30,0,,1
P08738,C02263,790.67,netbanking,Other,insufficient_funds,5,4,0,0,0,,0
P08739,C02117,207.51,netbanking,HDFC,bank_declined,6,2,1,120,0,,1
P08740,C00393,270.37,upi,SBI,insufficient_funds,2,3,0,0,0,,0
P08741,C01109,1706.99,card,SBI,timeout,5,2,0,0,1,238.0,0
P08742,C00267,1672.53,card,Other,bank_declined,7,2,1,30,1,175.0,1
P08743,C01093,744.86,card,SBI,insufficient_funds,7,1,1,10,1,116.0,1
P08744,C00611,620.07,netbanking,SBI,insufficient_funds,2,3,1,30,0,,1
P08745,C01371,326.63,netbanking,Other,limit_exceeded,3,2,0,0,1,28.0,0
P08746,C01009,494.28,upi,Axis,limit_exceeded,1,2,0,0,0,,0
P08747,C00962,288.86,card,ICICI,bank_declined,3,2,1,60,0,,1
P08748,C02776,1425.86,wallet,Axis,network_error,1,1,1,30,1,120.0,1
P08749,C00673,546.04,upi,ICICI,network_error,3,3,1,10,1,130.0,1
P08750,C02471,442.0,wallet,ICICI,network_error,4,0,1,120,1,151.0,1
P08751,C01701,511.83,upi,Other,bank_declined,1,1,1,30,0,,1
P08752,C02163,315.79,card,Axis,bank_declined,10,2,1,10,1,153.0,1
P08753,C02268,705.95,card,Other,insufficient_funds,6,1,1,120,0,,1
P08754,C00031,422.33,upi,Axis,insufficient_funds,2,4,1,30,0,,1
P08755,C01367,3770.29,upi,SBI,insufficient_funds,2,3,0,0,0,,0
P08756,C01401,362.93,card,HDFC,insufficient_funds,3,3,0,0,0,,0
P08757,C01154,884.26,card,Axis,bank_declined,6,1,1,60,1,37.0,1
P08758,C00617,1793.57,card,Axis,network_error,3,1,0,0,1,105.0,0
P08759,C00539,69.91,netbanking,SBI,insufficient_funds,3,2,0,0,0,,0
P08760,C02787,364.66,card,SBI,network_error,6,1,1,30,1,50.0,1
P08761,C00871,1436.96,netbanking,ICICI,bank_declined,7,4,1,10,1,43.0,1
P08762,C00101,102.19,netbanking,HDFC,insufficient_funds,4,2,1,120,1,96.0,1
P08763,C01413,1136.96,upi,HDFC,insufficient_funds,5,3,1,60,0,,1
P08764,C02740,619.96,card,HDFC,network_error,3,2,0,0,0,,0
P08765,C00941,1449.64,card,Axis,insufficient_funds,3,2,0,0,0,,0
P08766,C00341,399.66,card,Axis,network_error,2,2,1,30,0,,1
P08767,C02909,593.12,card,Other,insufficient_funds,4,0,0,0,1,181.0,0
P08768,C01044,217.27,card,ICICI,limit_exceeded,7,3,0,0,0,,0
P08769,C00038,420.02,upi,SBI,insufficient_funds,3,7,0,0,0,,0
P08770,C00660,285.98,card,SBI,bank_declined,3,2,0,0,1,224.0,0
P08771,C02034,327.13,card,SBI,timeout,2,3,1,120,1,207.0,1
P08772,C01561,546.75,netbanking,Other,timeout,6,1,1,60,1,182.0,1
P08773,C01657,284.77,upi,Other,insufficient_funds,4,1,0,0,0,,0
P08774,C02976,103.29,wallet,Axis,insufficient_funds,2,2,0,0,1,114.0,0
P08775,C01050,584.76,card,Other,network_error,5,1,1,30,1,17.0,1
P08776,C00454,573.64,card,Other,network_error,4,4,1,120,0,,1
P08777,C01705,828.89,netbanking,SBI,timeout,7,0,1,60,0,,1
P08778,C01347,490.57,upi,Other,network_error,2,2,0,0,1,33.0,0
P08779,C02785,230.88,wallet,ICICI,timeout,5,1,1,30,0,,1
P08780,C00819,1433.16,netbanking,Other,bank_declined,5,1,1,30,1,63.0,1
P08781,C00773,388.67,upi,HDFC,network_error,5,3,1,120,0,,1
P08782,C00013,249.92,upi,Other,bank_declined,7,3,0,0,0,,0
P08783,C02963,1363.91,netbanking,Axis,timeout,7,4,0,0,1,154.0,0
P08784,C00921,1622.06,netbanking,ICICI,insufficient_funds,5,1,0,0,1,182.0,0
P08785,C00825,71.13,card,Other,bank_declined,4,0,0,0,1,117.0,0
P08786,C02419,257.43,upi,Axis,timeout,6,3,0,0,0,,0
P08787,C01315,433.4,upi,ICICI,timeout,4,4,0,0,0,,0
P08788,C02380,598.79,netbanking,Other,timeout,6,2,0,0,1,118.0,0
P08789,C02309,778.95,netbanking,ICICI,insufficient_funds,4,0,1,120,1,44.0,1
P08790,C02018,2871.7,card,HDFC,bank_declined,5,0,0,0,0,,0
P08791,C01229,228.84,netbanking,SBI,network_error,4,3,0,0,0,,0
P08792,C00697,550.04,wallet,Other,timeout,4,0,1,30,1,73.0,1
P08793,C02735,175.48,card,ICICI,bank_declined,9,0,0,0,1,68.0,0
P08794,C00950,577.57,upi,Axis,network_error,4,1,1,60,0,,1
P08795,C02435,1572.48,upi,HDFC,insufficient_funds,6,2,1,10,0,,1
P08796,C02869,69.62,upi,SBI,timeout,3,3,1,120,1,147.0,1
P08797,C02516,180.21,netbanking,Axis,limit_exceeded,2,5,1,30,0,,1
P08798,C01439,852.61,card,HDFC,bank_declined,9,2,1,120,1,110.0,1
P08799,C00069,868.03,netbanking,Other,bank_declined,5,1,0,0,0,,0
P08800,C01782,275.76,card,Axis,bank_declined,4,0,1,60,0,,1
P08801,C02248,872.95,upi,ICICI,bank_declined,6,6,0,0,0,,0
P08802,C02264,1228.11,card,HDFC,network_error,4,1,1,30,0,,1
P08803,C01970,724.89,upi,HDFC,insufficient_funds,4,1,0,0,1,63.0,0
P08804,C00212,1369.63,upi,Other,network_error,1,1,0,0,0,,0
P08805,C00508,618.2,wallet,HDFC,network_error,3,1,1,30,0,,1
P08806,C02064,410.14,netbanking,SBI,network_error,4,1,0,0,0,,0
P08807,C01522,601.5,card,ICICI,insufficient_funds,4,2,0,0,0,,0
P08808,C02932,889.23,upi,Other,timeout,1,0,0,0,0,,0
P08809,C00332,159.41,card,SBI,insufficient_funds,4,1,0,0,0,,0
P08810,C02765,595.31,netbanking,Other,network_error,3,1,1,60,0,,1
P08811,C00551,450.3,upi,Other,timeout,3,4,1,10,0,,1
P08812,C01625,339.81,card,ICICI,timeout,3,1,1,120,1,181.0,1
P08813,C00942,222.62,upi,HDFC,limit_exceeded,5,1,1,10,0,,1
P08814,C02304,132.07,card,Other,insufficient_funds,3,1,1,10,1,67.0,1
P08815,C00728,343.13,card,Axis,timeout,5,2,0,0,0,,0
P08816,C00880,324.76,wallet,ICICI,bank_declined,1,3,1,60,0,,1
P08817,C02863,952.86,card,ICICI,bank_declined,3,1,1,30,0,,1
P08818,C00649,1086.52,upi,Axis,bank_declined,1,2,1,10,0,,1
P08819,C01000,271.17,netbanking,ICICI,insufficient_funds,1,2,1,120,1,21.0,1
P08820,C01522,269.42,wallet,Other,network_error,1,5,0,0,0,,0
P08821,C02519,332.49,upi,SBI,network_error,4,2,0,0,0,,0
P08822,C02738,1078.58,card,HDFC,insufficient_funds,5,1,1,10,0,,1
P08823,C01613,307.97,wallet,SBI,network_error,5,1,1,60,1,126.0,1
P08824,C02748,1947.79,netbanking,ICICI,insufficient_funds,3,1,1,10,0,,1
P08825,C02555,538.08,upi,Axis,bank_declined,3,2,0,0,0,,0
P08826,C01010,671.75,card,ICICI,insufficient_funds,2,1,0,0,0,,0
P08827,C01551,354.49,card,ICICI,network_error,6,3,1,30,1,53.0,1
P08828,C00804,1530.71,card,ICICI,insufficient_funds,2,0,0,0,1,45.0,0
P08829,C02879,667.91,netbanking,HDFC,bank_declined,6,2,0,0,1,184.0,0
P08830,C00214,352.09,card,ICICI,bank_declined,4,0,0,0,1,195.0,0
P08831,C00169,195.79,card,ICICI,timeout,2,2,0,0,0,,0
P08832,C00978,797.08,card,ICICI,bank_declined,2,4,1,30,0,,1
P08833,C01329,314.75,upi,Axis,network_error,5,1,0,0,1,29.0,0
P08834,C00146,435.14,card,Other,insufficient_funds,7,1,0,0,1,40.0,0
P08835,C01799,255.84,wallet,ICICI,network_error,5,3,0,0,1,77.0,0
P08836,C00516,258.41,card,ICICI,insufficient_funds,5,4,0,0,1,152.0,0
P08837,C00453,321.39,wallet,ICICI,limit_exceeded,2,5,0,0,0,,0
P08838,C00060,470.9,wallet,HDFC,network_error,3,2,1,120,1,233.0,1
P08839,C00528,214.56,netbanking,Axis,limit_exceeded,7,2,1,60,1,174.0,1
P08840,C01024,412.9,card,SBI,insufficient_funds,4,2,1,60,0,,1
P08841,C02522,297.72,card,Other,network_error,1,2,1,60,1,139.0,1
P08842,C01565,452.6,card,ICICI,network_error,6,1,0,0,1,152.0,0
P08843,C02805,936.05,upi,SBI,timeout,6,1,0,0,1,7.0,0
P08844,C02830,570.6,card,SBI,bank_declined,3,1,1,120,0,,1
P08845,C01103,321.87,card,HDFC,insufficient_funds,6,3,1,10,0,,1
P08846,C00433,476.48,card,HDFC,bank_declined,1,3,1,60,0,,1
P08847,C01177,748.42,card,SBI,bank_declined,7,2,1,10,0,,1
P08848,C00401,804.91,card,ICICI,bank_declined,2,1,1,60,0,,1
P08849,C02105,569.88,card,Other,insufficient_funds,8,3,1,10,0,,1
P08850,C02234,1734.17,card,ICICI,insufficient_funds,1,5,1,30,0,,1
P08851,C02446,265.47,netbanking,Axis,network_error,2,2,1,120,1,118.0,1
P08852,C00605,712.62,card,Axis,timeout,8,2,1,60,1,127.0,1
P08853,C02836,469.97,netbanking,Axis,insufficient_funds,5,2,0,0,0,,0
P08854,C02206,1005.57,upi,ICICI,network_error,3,3,0,0,0,,0
P08855,C01811,496.23,netbanking,HDFC,timeout,3,3,1,120,0,,1
P08856,C01464,2118.77,upi,SBI,bank_declined,6,3,1,10,0,,1
P08857,C02637,524.45,wallet,SBI,network_error,7,2,1,120,0,,1
P08858,C02514,823.15,card,ICICI,bank_declined,4,1,1,120,0,,1
P08859,C02494,428.41,netbanking,ICICI,bank_declined,2,2,1,120,1,132.0,1
P08860,C01774,626.37,card,Other,network_error,3,3,0,0,0,,0
P08861,C02849,321.12,netbanking,Axis,bank_declined,5,2,1,30,0,,1
P08862,C01554,665.47,card,ICICI,network_error,5,2,1,10,1,138.0,1
P08863,C01097,124.69,upi,Other,timeout,4,3,1,120,1,220.0,1
P08864,C00929,338.08,upi,Other,limit_exceeded,5,1,0,0,1,104.0,0
P08865,C01952,303.89,upi,HDFC,limit_exceeded,5,1,1,10,1,20.0,1
P08866,C01974,1868.23,upi,Axis,limit_exceeded,2,2,0,0,1,33.0,0
P08867,C02065,296.47,upi,SBI,limit_exceeded,4,3,1,30,1,62.0,1
P08868,C01555,351.15,netbanking,ICICI,insufficient_funds,4,1,0,0,1,80.0,0
P08869,C02779,289.08,card,HDFC,limit_exceeded,5,4,0,0,0,,0
P08870,C00326,657.08,card,HDFC,insufficient_funds,4,1,0,0,0,,0
P08871,C00995,390.51,netbanking,Other,limit_exceeded,4,3,1,30,0,,1
P08872,C00613,358.29,card,SBI,network_error,3,0,0,0,0,,0
P08873,C02594,2201.76,wallet,HDFC,timeout,4,4,0,0,0,,0
P08874,C00596,548.49,upi,Axis,limit_exceeded,5,1,0,0,0,,0
P08875,C00921,792.06,card,HDFC,limit_exceeded,3,2,1,10,1,227.0,1
P08876,C00842,655.14,card,Other,timeout,3,4,1,30,1,204.0,1
P08877,C01226,273.77,netbanking,HDFC,insufficient_funds,7,3,1,120,1,229.0,1
P08878,C00344,328.69,netbanking,Other,limit_exceeded,4,3,1,10,0,,1
P08879,C01877,224.83,card,HDFC,insufficient_funds,3,1,1,10,0,,1
P08880,C00859,208.53,card,Axis,network_error,5,0,1,10,1,224.0,1
P08881,C01424,504.79,wallet,ICICI,network_error,5,0,1,60,1,13.0,1
P08882,C00445,528.73,upi,ICICI,network_error,6,0,0,0,1,82.0,0
P08883,C01789,450.47,card,HDFC,timeout,6,3,0,0,0,,0
P08884,C00222,641.13,upi,SBI,bank_declined,7,2,0,0,1,44.0,0
P08885,C00592,438.51,wallet,ICICI,bank_declined,0,2,1,10,0,,1
P08886,C01031,1173.1,upi,HDFC,network_error,5,0,1,60,0,,1
P08887,C01296,347.2,upi,ICICI,network_error,3,4,0,0,0,,0
P08888,C01018,978.69,card,Other,bank_declined,4,1,0,0,1,147.0,0
P08889,C02064,836.11,netbanking,HDFC,insufficient_funds,2,1,0,0,0,,0
P08890,C01448,81.96,card,HDFC,bank_declined,10,2,1,10,1,106.0,1
P08891,C02046,171.32,upi,ICICI,limit_exceeded,4,4,0,0,0,,0
P08892,C00524,147.31,upi,Axis,limit_exceeded,7,3,0,0,0,,0
P08893,C02851,608.79,upi,HDFC,network_error,3,4,0,0,0,,0
P08894,C02069,230.24,card,HDFC,insufficient_funds,7,2,0,0,1,233.0,0
P08895,C02276,1023.17,netbanking,Axis,insufficient_funds,5,2,0,0,1,6.0,0
P08896,C01809,229.07,upi,Axis,limit_exceeded,2,2,1,30,1,204.0,1
P08897,C01312,557.6,upi,Axis,limit_exceeded,3,1,0,0,0,,0
P08898,C02857,242.35,card,SBI,bank_declined,5,2,0,0,0,,0
P08899,C01307,735.29,card,SBI,network_error,4,1,1,60,0,,1
P08900,C02452,394.08,upi,Axis,limit_exceeded,3,3,1,60,1,213.0,1
P08901,C01090,359.24,netbanking,SBI,insufficient_funds,5,1,1,10,1,76.0,1
P08902,C01673,304.49,upi,Axis,network_error,5,3,1,10,1,97.0,1
P08903,C00437,226.86,wallet,Other,limit_exceeded,3,4,0,0,0,,0
P08904,C00829,634.38,netbanking,Other,timeout,6,2,1,10,1,206.0,1
P08905,C02982,306.01,upi,HDFC,bank_declined,3,3,0,0,0,,0
P08906,C00259,2632.99,card,HDFC,limit_exceeded,2,4,1,30,0,,1
P08907,C02004,1500.36,card,Axis,insufficient_funds,6,1,0,0,1,17.0,0
P08908,C01990,408.42,card,Axis,insufficient_funds,1,1,1,60,0,,1
P08909,C00103,369.32,upi,SBI,insufficient_funds,4,1,1,30,0,,1
P08910,C00993,430.0,netbanking,HDFC,insufficient_funds,3,2,0,0,1,16.0,0
P08911,C00769,1408.01,netbanking,SBI,timeout,2,0,1,10,0,,1
P08912,C01125,2148.57,card,ICICI,bank_declined,3,6,0,0,0,,0
P08913,C01222,124.34,upi,Axis,limit_exceeded,5,3,1,120,1,186.0,1
P08914,C02861,1256.2,upi,HDFC,limit_exceeded,4,4,0,0,0,,0
P08915,C02274,402.48,upi,HDFC,insufficient_funds,2,3,1,30,0,,1
P08916,C02991,276.99,card,SBI,network_error,2,0,1,120,1,165.0,1
P08917,C02511,1078.02,upi,Other,timeout,3,5,0,0,1,187.0,0
P08918,C00237,521.7,upi,Axis,network_error,7,4,1,60,0,,1
P08919,C01145,1283.89,upi,Axis,insufficient_funds,3,3,1,60,1,7.0,1
P08920,C02554,959.4,upi,Axis,bank_declined,6,1,1,30,0,,1
P08921,C02862,621.69,wallet,Other,network_error,2,1,1,60,1,221.0,1
P08922,C00767,1534.37,card,Axis,network_error,0,2,0,0,0,,0
P08923,C02682,443.01,netbanking,Other,timeout,7,2,0,0,1,183.0,0
P08924,C00991,228.65,netbanking,Other,insufficient_funds,2,3,1,10,1,206.0,1
P08925,C02666,1886.63,upi,SBI,bank_declined,6,0,0,0,1,49.0,0
P08926,C01760,417.43,upi,Axis,timeout,7,1,0,0,0,,0
P08927,C02321,556.37,netbanking,Other,limit_exceeded,4,2,0,0,1,227.0,0
P08928,C02280,332.37,upi,Other,insufficient_funds,5,1,1,60,1,165.0,1
P08929,C02816,528.74,upi,SBI,network_error,3,2,0,0,1,230.0,0
P08930,C00496,616.37,netbanking,Axis,insufficient_funds,4,3,1,120,0,,1
P08931,C01048,226.23,wallet,ICICI,bank_declined,4,3,1,60,0,,1
P08932,C01727,229.71,card,Other,bank_declined,4,3,0,0,0,,0
P08933,C02550,265.56,wallet,HDFC,bank_declined,4,3,0,0,0,,0
P08934,C02073,450.7,wallet,SBI,network_error,3,1,0,0,0,,0
P08935,C02336,667.29,card,SBI,insufficient_funds,4,3,0,0,0,,0
P08936,C00338,1220.86,upi,SBI,limit_exceeded,3,2,0,0,1,19.0,0
P08937,C01938,2738.36,card,Axis,bank_declined,7,0,1,30,0,,1
P08938,C01818,558.73,card,ICICI,insufficient_funds,3,1,0,0,0,,0
P08939,C00137,359.31,upi,HDFC,bank_declined,2,2,0,0,0,,0
P08940,C02556,93.12,upi,SBI,network_error,4,3,0,0,1,122.0,0
P08941,C02275,590.68,upi,Other,insufficient_funds,1,1,0,0,1,170.0,0
P08942,C00320,437.38,netbanking,ICICI,timeout,3,4,1,120,0,,1
P08943,C01864,383.78,netbanking,ICICI,timeout,1,1,1,60,0,,1
P08944,C00916,311.07,card,SBI,network_error,3,4,1,30,0,,1
P08945,C01206,317.96,upi,HDFC,insufficient_funds,4,4,0,0,0,,0
P08946,C01898,620.2,upi,SBI,limit_exceeded,4,2,1,10,1,76.0,1
P08947,C02134,772.41,card,HDFC,timeout,4,1,0,0,0,,0
P08948,C00926,483.77,card,SBI,insufficient_funds,4,0,0,0,1,128.0,0
P08949,C02101,854.81,upi,SBI,timeout,5,3,0,0,0,,0
P08950,C02908,1212.96,netbanking,SBI,insufficient_funds,3,2,1,120,0,,1
P08951,C02915,461.69,card,Axis,insufficient_funds,5,5,0,0,0,,0
P08952,C01259,1160.03,card,SBI,bank_declined,2,2,1,10,0,,1
P08953,C01983,252.99,netbanking,ICICI,timeout,2,0,0,0,1,195.0,0
P08954,C00433,603.56,wallet,Other,limit_exceeded,4,1,0,0,0,,0
P08955,C00999,376.87,upi,Other,limit_exceeded,4,5,0,0,1,115.0,0
P08956,C02148,695.03,upi,SBI,network_error,4,2,1,30,0,,1
P08957,C00990,108.96,card,Axis,timeout,6,2,0,0,0,,0
P08958,C00599,1123.04,card,SBI,network_error,6,2,0,0,1,172.0,0
P08959,C02451,476.41,card,SBI,insufficient_funds,5,1,0,0,1,10.0,0
P08960,C00396,667.74,card,HDFC,insufficient_funds,4,2,0,0,0,,0
P08961,C00415,284.2,upi,ICICI,limit_exceeded,4,3,0,0,1,95.0,0
P08962,C00939,1585.39,wallet,HDFC,bank_declined,5,1,0,0,0,,0
P08963,C01637,627.18,netbanking,Other,timeout,7,3,1,10,0,,1
P08964,C02725,377.73,upi,Axis,insufficient_funds,2,0,0,0,0,,0
P08965,C02511,113.52,upi,HDFC,network_error,4,4,0,0,0,,0
P08966,C00541,386.27,upi,ICICI,insufficient_funds,5,2,0,0,1,26.0,0
P08967,C01650,97.17,upi,ICICI,timeout,6,1,0,0,0,,0
P08968,C01946,538.82,card,ICICI,insufficient_funds,2,2,0,0,1,117.0,0
P08969,C00084,745.15,upi,Other,timeout,7,0,1,60,1,201.0,1
P08970,C00271,809.27,upi,HDFC,insufficient_funds,1,3,1,120,1,182.0,1
P08971,C02292,270.27,wallet,ICICI,timeout,4,1,0,0,1,56.0,0
P08972,C00388,316.38,upi,Other,network_error,4,0,0,0,1,33.0,0
P08973,C00214,461.68,netbanking,Axis,bank_declined,7,0,0,0,0,,0
P08974,C02866,335.9,card,SBI,bank_declined,8,0,1,120,1,56.0,1
P08975,C00059,154.18,netbanking,Axis,network_error,2,3,1,120,0,,1
P08976,C01626,319.21,wallet,HDFC,insufficient_funds,5,1,1,30,0,,1
P08977,C02931,651.66,upi,Axis,limit_exceeded,3,2,1,30,1,234.0,1
P08978,C00843,357.19,netbanking,Other,timeout,2,3,1,60,1,8.0,1
P08979,C02972,417.99,wallet,HDFC,bank_declined,8,3,0,0,1,17.0,0
P08980,C01528,342.35,upi,ICICI,limit_exceeded,3,0,1,30,0,,1
P08981,C01730,2538.21,netbanking,Other,timeout,4,0,0,0,0,,0
P08982,C00123,537.97,upi,HDFC,bank_declined,5,1,0,0,1,38.0,0
P08983,C01437,576.28,upi,HDFC,limit_exceeded,5,1,1,120,1,182.0,1
P08984,C01163,330.3,upi,Other,insufficient_funds,4,2,0,0,1,239.0,0
P08985,C02487,686.23,card,Axis,network_error,7,2,0,0,0,,0
P08986,C00562,527.75,wallet,Axis,insufficient_funds,8,0,0,0,0,,0
P08987,C02166,145.64,card,ICICI,limit_exceeded,2,2,1,60,0,,1
P08988,C01738,1404.51,card,HDFC,insufficient_funds,4,3,1,60,1,36.0,1
P08989,C00905,456.3,card,Axis,insufficient_funds,7,0,0,0,0,,0
P08990,C00395,717.1,netbanking,HDFC,network_error,3,2,0,0,0,,0
P08991,C01727,315.99,card,Axis,network_error,5,2,0,0,0,,0
P08992,C02924,673.8,upi,Other,network_error,2,2,0,0,1,225.0,0
P08993,C01717,785.53,wallet,Other,timeout,8,2,1,60,1,136.0,1
P08994,C00935,176.79,card,Axis,insufficient_funds,4,3,0,0,0,,0
P08995,C01102,709.85,card,Other,network_error,6,2,1,10,0,,1
P08996,C03000,457.13,card,HDFC,network_error,2,1,0,0,1,220.0,0
P08997,C01436,239.93,upi,Other,insufficient_funds,5,1,1,10,0,,1
P08998,C00075,1589.18,card,ICICI,network_error,6,0,0,0,0,,0
P08999,C00295,256.4,upi,Axis,network_error,5,1,0,0,0,,0
P09000,C00021,580.29,netbanking,ICICI,network_error,3,0,1,30,0,,1
P09001,C01039,206.78,netbanking,Other,bank_declined,6,3,0,0,0,,0
P09002,C01235,227.95,upi,Axis,bank_declined,4,1,0,0,1,215.0,0
P09003,C00560,1034.25,netbanking,Axis,bank_declined,4,0,1,30,0,,1
P09004,C01110,385.38,card,HDFC,timeout,0,3,1,120,1,222.0,1
P09005,C01173,1352.51,upi,HDFC,network_error,3,3,1,60,1,81.0,1
P09006,C00372,369.22,card,Other,insufficient_funds,5,4,0,0,0,,0
P09007,C02028,358.17,upi,HDFC,network_error,3,1,1,30,1,211.0,1
P09008,C00818,289.21,upi,HDFC,limit_exceeded,2,2,0,0,0,,0
P09009,C01175,349.11,card,ICICI,timeout,3,0,1,10,0,,1
P09010,C01165,759.79,netbanking,ICICI,limit_exceeded,2,3,0,0,0,,0
P09011,C01093,523.57,card,ICICI,limit_exceeded,8,1,0,0,1,217.0,0
P09012,C01284,397.43,upi,Other,insufficient_funds,9,1,0,0,1,216.0,0
P09013,C02012,798.83,upi,Axis,timeout,3,5,0,0,1,149.0,0
P09014,C00846,724.37,upi,SBI,network_error,4,0,1,60,0,,1
P09015,C01992,405.17,card,Other,insufficient_funds,1,1,1,30,0,,1
P09016,C00521,1432.37,upi,Axis,timeout,3,2,1,10,0,,1
P09017,C00371,167.46,card,HDFC,insufficient_funds,4,0,0,0,0,,0
P09018,C01443,654.67,netbanking,Other,limit_exceeded,3,1,1,60,1,138.0,1
P09019,C00101,452.16,card,Axis,timeout,6,3,1,60,0,,1
P09020,C00661,700.64,card,Other,timeout,2,2,1,120,1,127.0,1
P09021,C01682,530.09,upi,HDFC,network_error,3,3,0,0,0,,0
P09022,C00243,592.26,upi,HDFC,bank_declined,3,2,1,30,0,,1
P09023,C02801,140.87,card,Other,timeout,2,1,0,0,0,,0
P09024,C00512,577.23,card,Other,timeout,7,2,0,0,0,,0
P09025,C02897,1022.22,card,SBI,insufficient_funds,5,3,1,30,1,132.0,1
P09026,C02603,322.88,netbanking,ICICI,bank_declined,5,2,1,120,1,53.0,1
P09027,C02274,989.57,netbanking,Axis,bank_declined,2,3,1,60,1,189.0,1
P09028,C01542,384.79,card,HDFC,insufficient_funds,3,3,1,10,0,,1
P09029,C02262,325.4,card,HDFC,limit_exceeded,3,2,0,0,1,236.0,0
P09030,C02766,330.74,card,Axis,network_error,3,2,1,30,1,90.0,1
P09031,C02115,241.14,netbanking,Other,network_error,7,2,1,10,0,,1
P09032,C00396,518.15,upi,SBI,bank_declined,9,2,0,0,0,,0
P09033,C00612,318.36,wallet,Axis,timeout,4,0,1,30,1,131.0,1
P09034,C01261,335.89,upi,Other,bank_declined,2,1,0,0,0,,0
P09035,C01858,305.21,netbanking,HDFC,timeout,5,4,0,0,0,,0
P09036,C00770,619.55,wallet,Other,limit_exceeded,4,1,0,0,1,129.0,0
P09037,C01423,203.16,card,ICICI,network_error,5,0,0,0,0,,0
P09038,C00407,745.84,upi,SBI,network_error,2,4,0,0,1,9.0,0
P09039,C02973,700.27,upi,ICICI,timeout,5,1,1,60,1,47.0,1
P09040,C01873,703.38,card,ICICI,network_error,4,1,0,0,1,58.0,0
P09041,C01504,248.04,upi,Other,timeout,3,4,1,10,1,137.0,1
P09042,C02695,582.31,netbanking,Other,insufficient_funds,6,3,1,10,1,204.0,1
P09043,C02270,1227.14,wallet,Axis,insufficient_funds,4,1,0,0,1,192.0,0
P09044,C01180,211.59,netbanking,HDFC,limit_exceeded,4,4,1,60,1,206.0,1
P09045,C00654,559.35,wallet,SBI,insufficient_funds,7,0,1,10,1,86.0,1
P09046,C02476,225.91,upi,ICICI,bank_declined,7,2,0,0,1,50.0,0
P09047,C01182,406.91,card,Other,bank_declined,2,1,1,60,0,,1
P09048,C00977,481.64,upi,HDFC,bank_declined,3,3,1,10,0,,1
P09049,C01440,316.3,upi,Axis,limit_exceeded,4,0,1,120,0,,1
P09050,C02419,291.37,card,Other,timeout,3,2,1,10,1,186.0,1
P09051,C01368,589.5,netbanking,Axis,timeout,0,0,1,10,0,,1
P09052,C02898,242.96,upi,Other,limit_exceeded,2,2,1,10,0,,1
P09053,C02904,707.35,netbanking,SBI,limit_exceeded,7,4,1,120,0,,1
P09054,C00229,1667.58,card,ICICI,limit_exceeded,4,0,0,0,1,143.0,0
P09055,C02328,201.44,wallet,Axis,network_error,5,1,0,0,0,,0
P09056,C01894,193.17,card,Axis,bank_declined,5,4,0,0,1,219.0,0
P09057,C01314,170.56,upi,Axis,timeout,3,3,0,0,1,139.0,0
P09058,C01071,353.04,card,Other,limit_exceeded,4,2,0,0,1,59.0,0
P09059,C00975,898.43,upi,Axis,limit_exceeded,4,2,0,0,0,,0
P09060,C01739,956.67,card,Other,network_error,9,1,0,0,0,,0
P09061,C00758,661.76,card,Other,timeout,5,3,1,10,1,182.0,1
P09062,C00321,566.95,netbanking,SBI,bank_declined,7,2,0,0,0,,0
P09063,C02322,1203.59,netbanking,Other,insufficient_funds,5,1,1,60,1,212.0,1
P09064,C00556,349.84,netbanking,HDFC,network_error,2,3,1,60,0,,1
P09065,C00844,728.61,upi,Axis,insufficient_funds,2,0,0,0,0,,0
P09066,C01337,1977.79,upi,ICICI,bank_declined,2,1,0,0,1,135.0,0
P09067,C01387,1168.81,card,Axis,bank_declined,9,3,1,10,1,194.0,1
P09068,C00668,224.84,upi,HDFC,limit_exceeded,2,1,0,0,1,58.0,0
P09069,C02428,328.53,card,Other,limit_exceeded,8,2,0,0,0,,0
P09070,C02759,2046.1,card,SBI,insufficient_funds,2,3,0,0,0,,0
P09071,C01943,329.33,upi,Other,insufficient_funds,2,5,1,10,1,44.0,1
P09072,C02005,1508.54,card,SBI,insufficient_funds,3,5,1,10,0,,1
P09073,C01931,364.25,upi,ICICI,network_error,8,1,0,0,0,,0
P09074,C00746,428.69,card,Axis,timeout,2,3,0,0,0,,0
P09075,C00675,259.18,upi,Other,network_error,5,2,0,0,1,131.0,0
P09076,C02164,292.06,upi,SBI,limit_exceeded,4,2,1,60,1,175.0,1
P09077,C02653,429.75,upi,SBI,network_error,1,0,0,0,0,,0
P09078,C01066,560.7,card,HDFC,bank_declined,6,3,1,30,1,60.0,1
P09079,C02427,371.74,card,HDFC,timeout,5,4,0,0,1,145.0,0
P09080,C02514,804.45,card,Axis,limit_exceeded,1,2,0,0,1,214.0,0
P09081,C02328,372.33,netbanking,SBI,bank_declined,5,2,0,0,0,,0
P09082,C00618,116.17,card,ICICI,bank_declined,5,2,0,0,0,,0
P09083,C02166,426.13,upi,SBI,insufficient_funds,4,0,0,0,0,,0
P09084,C02357,353.76,upi,SBI,network_error,5,2,0,0,1,131.0,0
P09085,C02148,1395.72,card,Other,bank_declined,3,2,1,60,1,177.0,1
P09086,C02309,922.53,upi,Other,insufficient_funds,4,1,0,0,0,,0
P09087,C00993,987.66,upi,HDFC,timeout,2,5,1,10,0,,1
P09088,C01329,805.81,card,Other,bank_declined,5,1,0,0,1,43.0,0
P09089,C01378,670.09,upi,SBI,timeout,5,5,0,0,0,,0
P09090,C00286,668.65,card,Other,timeout,2,3,1,120,1,195.0,1
P09091,C02376,940.19,card,HDFC,limit_exceeded,6,2,0,0,0,,0
P09092,C02111,739.56,upi,Axis,insufficient_funds,4,7,1,120,0,,1
P09093,C00687,340.73,upi,ICICI,bank_declined,6,0,1,60,0,,1
P09094,C01306,182.97,card,SBI,network_error,5,1,0,0,0,,0
P09095,C01465,131.55,upi,ICICI,timeout,2,2,1,60,0,,1
P09096,C00738,271.91,upi,Axis,bank_declined,1,2,0,0,0,,0
P09097,C02687,294.37,upi,SBI,network_error,1,3,1,60,0,,1
P09098,C02984,461.08,card,ICICI,bank_declined,5,1,0,0,0,,0
P09099,C01959,452.03,wallet,Axis,insufficient_funds,4,2,1,30,1,18.0,1
P09100,C01895,1663.58,netbanking,SBI,bank_declined,3,0,1,60,0,,1
P09101,C02524,730.02,card,Axis,timeout,5,1,1,10,0,,1
P09102,C01486,292.35,card,SBI,timeout,3,1,1,10,1,28.0,1
P09103,C02101,1286.96,netbanking,SBI,limit_exceeded,3,0,0,0,0,,0
P09104,C02802,419.49,upi,Axis,network_error,5,3,1,60,1,31.0,1
P09105,C00486,732.57,card,HDFC,timeout,7,1,0,0,1,174.0,0
P09106,C01514,683.91,card,ICICI,bank_declined,4,1,0,0,0,,0
P09107,C02002,506.89,upi,HDFC,bank_declined,3,3,0,0,0,,0
P09108,C01388,1325.91,upi,Other,bank_declined,4,1,0,0,0,,0
P09109,C02457,327.37,netbanking,ICICI,insufficient_funds,4,2,0,0,0,,0
P09110,C01031,539.18,upi,SBI,bank_declined,6,2,0,0,1,178.0,0
P09111,C01766,262.09,netbanking,ICICI,timeout,9,3,1,30,0,,1
P09112,C00668,629.75,card,ICICI,insufficient_funds,5,8,1,10,0,,1
P09113,C01221,655.41,upi,Other,network_error,4,3,1,30,0,,1
P09114,C00835,523.27,netbanking,HDFC,insufficient_funds,4,2,0,0,1,33.0,0
P09115,C00876,516.78,card,SBI,timeout,2,1,0,0,0,,0
P09116,C02415,435.98,netbanking,ICICI,insufficient_funds,5,3,1,120,1,46.0,1
P09117,C01002,641.4,netbanking,HDFC,insufficient_funds,5,2,0,0,1,230.0,0
P09118,C00250,759.59,netbanking,Other,insufficient_funds,4,4,0,0,0,,0
P09119,C01940,211.0,card,HDFC,bank_declined,5,0,0,0,1,111.0,0
P09120,C01619,405.76,upi,Other,network_error,6,3,1,120,0,,1
P09121,C01264,382.5,card,ICICI,bank_declined,5,1,1,120,0,,1
P09122,C02428,782.74,card,SBI,insufficient_funds,5,3,0,0,1,142.0,0
P09123,C00872,1148.17,wallet,HDFC,limit_exceeded,5,1,1,120,0,,1
P09124,C00835,664.7,upi,Other,limit_exceeded,8,1,1,120,0,,1
P09125,C02823,544.68,netbanking,SBI,bank_declined,1,3,0,0,0,,0
P09126,C00919,287.73,netbanking,ICICI,timeout,1,2,0,0,0,,0
P09127,C01725,1813.92,upi,HDFC,timeout,5,4,0,0,1,235.0,0
P09128,C02503,258.34,wallet,Axis,network_error,7,1,1,30,1,22.0,1
P09129,C02414,204.67,netbanking,SBI,network_error,4,2,1,60,0,,1
P09130,C01314,815.38,upi,HDFC,network_error,7,2,1,60,1,158.0,1
P09131,C01898,344.45,card,Other,timeout,2,0,0,0,0,,0
P09132,C00403,841.49,card,Axis,timeout,3,0,1,30,0,,1
P09133,C02106,1342.78,upi,SBI,network_error,5,3,0,0,0,,0
P09134,C02569,408.64,upi,Axis,timeout,3,0,1,60,0,,1
P09135,C01328,678.01,netbanking,SBI,insufficient_funds,4,0,0,0,1,7.0,0
P09136,C01139,360.55,card,ICICI,timeout,3,2,1,60,0,,1
P09137,C00210,518.93,netbanking,Other,insufficient_funds,3,3,1,10,1,201.0,1
P09138,C01065,450.52,upi,Other,network_error,7,3,1,30,1,57.0,1
P09139,C00816,964.91,upi,ICICI,timeout,7,1,1,120,1,87.0,1
P09140,C02221,336.42,card,SBI,limit_exceeded,4,0,0,0,0,,0
P09141,C00234,307.47,wallet,SBI,bank_declined,4,2,1,60,0,,1
P09142,C00793,429.19,upi,Other,insufficient_funds,7,3,1,60,0,,1
P09143,C01908,783.74,netbanking,HDFC,bank_declined,7,1,1,60,1,181.0,1
P09144,C01614,281.63,card,SBI,bank_declined,4,4,0,0,0,,0
P09145,C02841,215.27,card,ICICI,timeout,3,3,1,10,1,235.0,1
P09146,C02167,1121.59,upi,Other,insufficient_funds,8,1,1,60,1,118.0,1
P09147,C00335,103.96,wallet,ICICI,insufficient_funds,4,1,1,60,1,94.0,1
P09148,C01360,198.07,upi,ICICI,insufficient_funds,3,3,0,0,1,32.0,0
P09149,C01640,2244.41,upi,SBI,insufficient_funds,4,2,0,0,1,96.0,0
P09150,C01098,144.56,upi,ICICI,limit_exceeded,3,2,1,120,0,,1
P09151,C01215,362.73,card,Other,insufficient_funds,4,2,0,0,0,,0
P09152,C00324,312.88,upi,HDFC,bank_declined,6,2,1,120,1,67.0,1
P09153,C01791,98.91,card,Other,bank_declined,5,0,1,120,1,32.0,1
P09154,C00284,244.12,card,Axis,insufficient_funds,1,3,0,0,0,,0
P09155,C00213,593.24,upi,Other,insufficient_funds,4,2,0,0,0,,0
P09156,C01659,835.78,card,Axis,limit_exceeded,4,1,1,120,0,,1
P09157,C01742,1066.79,netbanking,SBI,timeout,6,1,1,60,1,218.0,1
P09158,C00929,379.34,card,Axis,limit_exceeded,5,1,1,120,1,63.0,1
P09159,C00752,135.0,card,HDFC,bank_declined,3,3,0,0,0,,0
P09160,C01418,510.93,upi,SBI,network_error,7,3,0,0,0,,0
P09161,C02387,1289.67,wallet,HDFC,bank_declined,7,2,1,30,1,128.0,1
P09162,C01822,1433.84,upi,Axis,bank_declined,3,0,1,30,1,46.0,1
P09163,C01046,980.16,card,SBI,timeout,5,3,0,0,0,,0
P09164,C01795,189.77,upi,Axis,bank_declined,5,1,0,0,0,,0
P09165,C01893,430.01,card,ICICI,insufficient_funds,2,1,0,0,0,,0
P09166,C00105,578.81,card,HDFC,insufficient_funds,4,2,1,10,1,132.0,1
P09167,C01490,648.4,card,ICICI,insufficient_funds,2,1,1,120,0,,1
P09168,C01483,141.88,upi,HDFC,insufficient_funds,6,2,0,0,1,232.0,0
P09169,C01456,2078.39,card,HDFC,timeout,6,2,1,60,0,,1
P09170,C00770,1240.99,card,SBI,network_error,4,1,0,0,1,30.0,0
P09171,C02764,491.81,card,ICICI,timeout,6,0,0,0,1,22.0,0
P09172,C02811,538.85,upi,Axis,bank_declined,7,3,1,120,1,155.0,1
P09173,C01960,347.32,card,SBI,network_error,6,1,1,30,0,,1
P09174,C02028,1170.55,card,HDFC,bank_declined,2,3,1,30,0,,1
P09175,C00379,219.18,upi,Axis,insufficient_funds,2,2,0,0,0,,0
P09176,C00713,533.54,upi,HDFC,network_error,3,5,1,30,1,81.0,1
P09177,C01373,274.2,card,HDFC,bank_declined,3,3,0,0,1,126.0,0
P09178,C00225,486.7,upi,Axis,insufficient_funds,2,1,1,30,1,146.0,1
P09179,C01738,1116.88,netbanking,Other,limit_exceeded,5,1,0,0,1,109.0,0
P09180,C00738,314.14,upi,Axis,insufficient_funds,2,1,0,0,0,,0
P09181,C00236,559.33,card,SBI,timeout,0,1,0,0,1,48.0,0
P09182,C00183,450.6,upi,Axis,network_error,2,3,0,0,1,36.0,0
P09183,C00712,294.68,netbanking,SBI,timeout,3,1,1,60,1,231.0,1
P09184,C01893,319.8,card,ICICI,insufficient_funds,6,2,1,60,1,125.0,1
P09185,C02492,322.29,card,Axis,bank_declined,3,4,1,120,0,,1
P09186,C01889,139.26,upi,ICICI,timeout,3,4,0,0,1,66.0,0
P09187,C00623,441.57,card,Axis,timeout,3,1,0,0,0,,0
P09188,C01260,520.34,card,SBI,timeout,4,1,1,120,1,174.0,1
P09189,C01151,170.54,upi,ICICI,timeout,6,5,1,30,0,,1
P09190,C00749,358.84,netbanking,Other,bank_declined,6,1,0,0,1,190.0,0
P09191,C02203,420.74,upi,Axis,timeout,5,3,0,0,1,130.0,0
P09192,C02305,867.6,netbanking,SBI,insufficient_funds,6,3,0,0,0,,0
P09193,C02283,1648.49,card,SBI,insufficient_funds,2,1,0,0,1,61.0,0
P09194,C02548,648.98,netbanking,HDFC,network_error,5,1,0,0,0,,0
P09195,C02337,187.92,upi,SBI,network_error,6,3,0,0,1,33.0,0
P09196,C00510,257.95,netbanking,SBI,bank_declined,3,1,1,30,1,230.0,1
P09197,C01576,518.76,card,Axis,timeout,2,2,0,0,1,23.0,0
P09198,C01824,358.98,upi,ICICI,network_error,6,4,1,30,1,60.0,1
P09199,C02757,479.14,netbanking,Axis,insufficient_funds,3,2,1,60,1,42.0,1
P09200,C00785,879.89,netbanking,Axis,limit_exceeded,4,1,0,0,1,43.0,0
P09201,C02942,436.99,upi,Other,network_error,9,0,0,0,1,76.0,0
P09202,C02824,2731.88,netbanking,Other,limit_exceeded,4,1,0,0,0,,0
P09203,C02346,163.29,upi,Axis,bank_declined,5,1,0,0,1,180.0,0
P09204,C00137,718.57,upi,Other,insufficient_funds,4,1,0,0,0,,0
P09205,C02424,153.27,wallet,HDFC,timeout,8,5,1,120,1,151.0,1
P09206,C02135,271.27,card,SBI,network_error,4,1,0,0,1,65.0,0
P09207,C01778,888.06,upi,Axis,insufficient_funds,2,0,0,0,0,,0
P09208,C01223,116.42,card,ICICI,network_error,4,1,1,30,0,,1
P09209,C02485,606.66,wallet,Other,limit_exceeded,3,1,1,120,1,193.0,1
P09210,C01334,206.31,card,HDFC,insufficient_funds,1,0,0,0,1,195.0,0
P09211,C01778,469.22,upi,Other,bank_declined,6,5,1,10,1,225.0,1
P09212,C01305,317.06,netbanking,HDFC,network_error,6,0,0,0,1,68.0,0
P09213,C00764,497.63,card,HDFC,timeout,2,3,1,30,1,174.0,1
P09214,C00702,650.84,card,HDFC,network_error,1,1,0,0,1,11.0,0
P09215,C02990,1033.91,card,Axis,network_error,3,1,0,0,0,,0
P09216,C00152,543.13,card,SBI,bank_declined,4,2,0,0,1,124.0,0
P09217,C01326,758.16,netbanking,Axis,insufficient_funds,2,2,0,0,0,,0
P09218,C01302,470.05,wallet,SBI,timeout,1,1,1,30,0,,1
P09219,C01712,192.51,wallet,ICICI,limit_exceeded,5,2,1,120,1,200.0,1
P09220,C01032,221.97,upi,Other,limit_exceeded,3,2,1,120,0,,1
P09221,C00807,1399.98,netbanking,Axis,bank_declined,4,2,1,10,0,,1
P09222,C00235,209.67,netbanking,Other,bank_declined,6,2,1,10,1,103.0,1
P09223,C02723,563.05,netbanking,Other,limit_exceeded,5,0,0,0,1,99.0,0
P09224,C00561,556.76,card,ICICI,limit_exceeded,2,1,0,0,0,,0
P09225,C01326,535.21,card,Other,network_error,5,1,0,0,1,148.0,0
P09226,C00038,1008.22,wallet,SBI,network_error,6,0,0,0,1,94.0,0
P09227,C01160,313.61,netbanking,Axis,network_error,3,0,0,0,0,,0
P09228,C02870,424.91,netbanking,ICICI,insufficient_funds,4,2,0,0,0,,0
P09229,C00421,388.15,upi,SBI,timeout,6,3,0,0,0,,0
P09230,C01243,100.85,upi,SBI,insufficient_funds,5,0,1,10,1,188.0,1
P09231,C00348,289.31,upi,ICICI,insufficient_funds,3,3,1,60,0,,1
P09232,C01832,1038.91,upi,ICICI,network_error,6,2,1,30,1,197.0,1
P09233,C01570,2031.87,upi,Other,limit_exceeded,1,1,1,10,0,,1
P09234,C02796,958.48,card,HDFC,network_error,7,1,0,0,0,,0
P09235,C01919,646.75,card,SBI,bank_declined,6,0,1,10,1,198.0,1
P09236,C02321,188.15,upi,SBI,network_error,5,3,1,120,0,,1
P09237,C01902,561.02,upi,HDFC,bank_declined,5,0,1,30,1,217.0,1
P09238,C02356,528.01,upi,SBI,network_error,4,3,0,0,1,150.0,0
P09239,C01398,2537.17,card,Axis,timeout,4,2,1,30,0,,1
P09240,C02781,145.07,wallet,Other,insufficient_funds,3,3,1,60,0,,1
P09241,C01825,205.27,netbanking,Other,insufficient_funds,4,3,0,0,1,155.0,0
P09242,C02492,1150.97,card,Axis,timeout,7,1,0,0,0,,0
P09243,C01229,1452.66,card,HDFC,bank_declined,4,3,1,10,0,,1
P09244,C00405,621.34,upi,ICICI,network_error,4,1,0,0,1,141.0,0
P09245,C01722,381.65,card,SBI,network_error,3,1,1,10,0,,1
P09246,C02901,735.92,card,SBI,network_error,6,0,0,0,1,193.0,0
P09247,C01221,2263.06,netbanking,ICICI,timeout,4,1,1,10,0,,1
P09248,C02826,313.16,card,ICICI,bank_declined,3,2,0,0,0,,0
P09249,C00115,682.52,upi,HDFC,network_error,1,6,0,0,1,40.0,0
P09250,C01677,427.79,upi,SBI,bank_declined,2,1,1,120,0,,1
P09251,C00065,638.19,card,ICICI,network_error,2,3,0,0,0,,0
P09252,C01300,849.82,card,SBI,insufficient_funds,5,3,0,0,0,,0
P09253,C00825,326.81,wallet,Axis,timeout,5,1,0,0,0,,0
P09254,C02287,978.93,card,ICICI,bank_declined,3,2,1,10,0,,1
P09255,C02350,349.12,netbanking,HDFC,bank_declined,4,3,0,0,0,,0
P09256,C01416,735.68,netbanking,HDFC,insufficient_funds,6,6,0,0,1,215.0,0
P09257,C00969,126.48,card,SBI,network_error,6,1,0,0,1,168.0,0
P09258,C00369,840.69,upi,SBI,bank_declined,3,0,0,0,1,43.0,0
P09259,C00233,264.79,netbanking,HDFC,insufficient_funds,3,4,0,0,1,170.0,0
P09260,C02243,347.27,upi,SBI,timeout,3,2,1,30,0,,1
P09261,C00907,101.51,upi,HDFC,insufficient_funds,4,2,1,30,1,33.0,1
P09262,C00921,421.02,card,Other,insufficient_funds,3,3,0,0,0,,0
P09263,C00689,1248.65,card,HDFC,bank_declined,4,0,1,30,1,178.0,1
P09264,C00177,164.6,netbanking,Other,bank_declined,8,0,1,30,1,93.0,1
P09265,C02265,564.63,upi,Axis,bank_declined,6,1,0,0,1,100.0,0
P09266,C01035,118.16,card,Axis,network_error,6,0,0,0,0,,0
P09267,C01470,443.61,wallet,Axis,network_error,1,3,1,60,0,,1
P09268,C00630,898.6,wallet,ICICI,bank_declined,7,3,0,0,1,193.0,0
P09269,C00164,456.7,card,HDFC,timeout,1,2,1,60,0,,1
P09270,C02101,850.97,netbanking,Other,bank_declined,3,2,1,30,0,,1
P09271,C02266,346.66,card,Other,limit_exceeded,5,1,1,120,0,,1
P09272,C00824,3008.04,upi,Other,timeout,3,3,1,120,1,189.0,1
P09273,C02433,1064.89,netbanking,HDFC,insufficient_funds,3,0,1,120,1,192.0,1
P09274,C00056,570.56,card,Axis,bank_declined,4,3,1,120,0,,1
P09275,C00118,1633.29,upi,ICICI,network_error,5,1,1,10,1,191.0,1
P09276,C02948,1307.92,upi,HDFC,bank_declined,4,2,1,30,1,20.0,1
P09277,C00798,338.26,netbanking,ICICI,insufficient_funds,2,1,1,120,0,,1
P09278,C00780,699.63,upi,ICICI,network_error,2,1,1,60,0,,1
P09279,C02851,400.55,upi,ICICI,network_error,4,2,1,30,1,232.0,1
P09280,C02893,937.33,netbanking,HDFC,bank_declined,7,1,1,30,0,,1
P09281,C01439,1480.76,upi,Axis,limit_exceeded,5,3,1,10,1,199.0,1
P09282,C01894,174.88,upi,Axis,network_error,4,2,0,0,1,80.0,0
P09283,C02903,535.6,upi,SBI,timeout,2,1,0,0,0,,0
P09284,C00708,1371.57,card,Other,network_error,1,3,0,0,0,,0
P09285,C01104,839.06,card,Other,limit_exceeded,3,0,1,120,0,,1
P09286,C00022,664.66,wallet,Axis,insufficient_funds,3,1,1,120,1,217.0,1
P09287,C01501,1045.85,card,Other,timeout,3,1,0,0,0,,0
P09288,C00843,193.17,card,Axis,bank_declined,4,1,0,0,1,24.0,0
P09289,C01761,733.44,upi,ICICI,network_error,2,1,0,0,1,215.0,0
P09290,C01117,1168.55,netbanking,SBI,network_error,4,3,1,30,1,177.0,1
P09291,C00192,734.07,netbanking,Other,insufficient_funds,4,3,1,10,0,,1
P09292,C01019,209.85,netbanking,ICICI,bank_declined,7,2,0,0,0,,0
P09293,C01127,378.5,wallet,Other,network_error,1,4,0,0,0,,0
P09294,C00396,496.57,card,SBI,limit_exceeded,5,0,1,120,1,14.0,1
P09295,C02688,277.71,upi,HDFC,insufficient_funds,1,3,0,0,0,,0
P09296,C01019,262.19,wallet,SBI,bank_declined,8,3,1,120,1,198.0,1
P09297,C00567,694.96,upi,ICICI,bank_declined,5,3,1,120,1,74.0,1
P09298,C00231,1561.18,netbanking,SBI,network_error,5,2,0,0,0,,0
P09299,C00874,131.67,card,ICICI,limit_exceeded,4,2,1,60,1,88.0,1
P09300,C02622,351.39,upi,SBI,bank_declined,3,2,1,120,1,82.0,1
P09301,C00240,297.18,wallet,Other,insufficient_funds,3,1,0,0,0,,0
P09302,C00090,1409.14,card,SBI,network_error,3,0,1,10,1,159.0,1
P09303,C02280,817.48,wallet,SBI,insufficient_funds,3,2,1,30,0,,1
P09304,C00457,1305.14,card,Axis,bank_declined,3,3,1,10,0,,1
P09305,C02281,916.04,card,SBI,network_error,5,1,1,10,1,14.0,1
P09306,C00354,1126.5,upi,Other,network_error,4,0,0,0,1,165.0,0
P09307,C01005,602.25,card,ICICI,timeout,2,2,1,30,0,,1
P09308,C01357,687.52,card,HDFC,timeout,4,2,0,0,0,,0
P09309,C00439,711.5,card,HDFC,bank_declined,4,0,0,0,0,,0
P09310,C01399,504.35,upi,HDFC,bank_declined,1,3,1,10,0,,1
P09311,C00345,494.5,upi,HDFC,limit_exceeded,2,5,0,0,0,,0
P09312,C02712,687.07,wallet,ICICI,bank_declined,5,0,0,0,0,,0
P09313,C00657,674.99,netbanking,ICICI,insufficient_funds,4,3,1,10,0,,1
P09314,C02178,571.31,netbanking,HDFC,network_error,5,1,1,120,1,98.0,1
P09315,C02189,559.2,upi,SBI,insufficient_funds,9,1,0,0,1,64.0,0
P09316,C02463,811.04,card,SBI,network_error,7,2,0,0,0,,0
P09317,C01117,450.65,upi,Axis,timeout,9,2,0,0,1,205.0,0
P09318,C00626,209.66,card,ICICI,insufficient_funds,3,6,1,60,0,,1
P09319,C00284,569.12,upi,Axis,bank_declined,2,3,0,0,0,,0
P09320,C01980,262.79,upi,Other,bank_declined,8,2,1,10,1,88.0,1
P09321,C01679,1019.49,upi,ICICI,limit_exceeded,2,1,1,30,1,71.0,1
P09322,C00223,326.73,netbanking,HDFC,timeout,5,0,1,10,0,,1
P09323,C00744,347.15,card,HDFC,insufficient_funds,4,2,0,0,0,,0
P09324,C00463,658.81,card,Axis,insufficient_funds,4,5,0,0,0,,0
P09325,C01569,488.73,card,ICICI,insufficient_funds,4,1,1,30,1,148.0,1
P09326,C01706,1127.42,netbanking,SBI,insufficient_funds,7,1,0,0,1,113.0,0
P09327,C01164,425.65,upi,ICICI,bank_declined,3,0,1,30,0,,1
P09328,C02405,401.04,card,Axis,bank_declined,1,3,1,120,0,,1
P09329,C01737,288.8,card,Axis,insufficient_funds,3,1,1,10,1,64.0,1
P09330,C01047,214.92,upi,HDFC,network_error,1,0,0,0,0,,0
P09331,C02907,340.88,card,HDFC,insufficient_funds,1,4,1,10,1,221.0,1
P09332,C00665,657.23,upi,Other,limit_exceeded,1,6,0,0,0,,0
P09333,C01357,1210.14,upi,Axis,timeout,3,1,1,60,0,,1
P09334,C01015,894.04,card,Other,insufficient_funds,8,1,0,0,1,63.0,0
P09335,C02133,330.53,card,Other,bank_declined,3,2,0,0,0,,0
P09336,C02669,552.0,card,HDFC,limit_exceeded,6,3,1,10,1,239.0,1
P09337,C01055,502.52,upi,SBI,insufficient_funds,5,2,0,0,1,135.0,0
P09338,C01765,1108.85,card,HDFC,insufficient_funds,5,2,1,60,1,236.0,1
P09339,C02288,1237.48,netbanking,ICICI,insufficient_funds,7,2,1,10,1,84.0,1
P09340,C01914,126.12,upi,SBI,timeout,5,3,1,120,1,174.0,1
P09341,C00363,1306.8,upi,Axis,network_error,6,3,1,30,1,234.0,1
P09342,C02870,164.24,upi,SBI,insufficient_funds,4,5,0,0,0,,0
P09343,C01413,596.56,card,Axis,bank_declined,5,2,0,0,1,27.0,0
P09344,C00668,114.1,wallet,Axis,insufficient_funds,10,6,1,10,0,,1
P09345,C01881,1003.16,wallet,Other,bank_declined,6,3,0,0,1,164.0,0
P09346,C01395,388.79,card,ICICI,insufficient_funds,5,1,0,0,0,,0
P09347,C00099,791.22,netbanking,HDFC,insufficient_funds,4,0,0,0,1,197.0,0
P09348,C02095,402.73,card,Other,timeout,4,1,1,120,1,116.0,1
P09349,C02887,972.63,netbanking,Other,timeout,6,2,1,30,0,,1
P09350,C00422,153.43,card,ICICI,timeout,5,0,0,0,0,,0
P09351,C01504,755.16,card,HDFC,network_error,5,1,1,120,1,132.0,1
P09352,C00062,659.74,upi,Other,insufficient_funds,2,2,0,0,0,,0
P09353,C01133,640.66,upi,SBI,bank_declined,2,4,1,10,1,20.0,1
P09354,C01703,705.91,card,HDFC,bank_declined,4,4,1,60,1,130.0,1
P09355,C00598,1090.6,upi,ICICI,network_error,5,2,1,10,1,46.0,1
P09356,C00392,983.17,card,SBI,limit_exceeded,0,2,0,0,0,,0
P09357,C01076,183.46,upi,SBI,limit_exceeded,6,3,1,60,1,156.0,1
P09358,C02651,533.95,card,Other,insufficient_funds,8,0,0,0,0,,0
P09359,C01313,631.88,netbanking,ICICI,bank_declined,3,4,1,30,0,,1
P09360,C02030,470.42,card,ICICI,insufficient_funds,1,4,0,0,1,233.0,0
P09361,C02385,549.12,netbanking,Other,network_error,9,5,0,0,0,,0
P09362,C00810,688.56,card,HDFC,network_error,7,5,0,0,0,,0
P09363,C01406,837.09,card,Axis,limit_exceeded,8,3,1,120,1,215.0,1
P09364,C02800,734.54,upi,Other,network_error,3,1,0,0,0,,0
P09365,C01160,902.04,upi,SBI,timeout,2,0,0,0,1,12.0,0
P09366,C01532,1955.7,upi,Axis,bank_declined,6,2,0,0,0,,0
P09367,C01386,426.2,card,HDFC,network_error,6,2,0,0,1,65.0,0
P09368,C00881,448.57,card,HDFC,insufficient_funds,3,4,1,120,1,47.0,1
P09369,C01600,806.07,card,HDFC,insufficient_funds,2,4,1,10,0,,1
P09370,C02683,491.26,wallet,Axis,bank_declined,5,2,0,0,0,,0
P09371,C00254,388.76,upi,Other,limit_exceeded,5,0,0,0,1,182.0,0
P09372,C02068,358.42,netbanking,ICICI,limit_exceeded,4,3,0,0,1,190.0,0
P09373,C02576,765.02,card,Other,network_error,2,1,1,10,0,,1
P09374,C01169,676.32,upi,Other,insufficient_funds,2,2,1,60,0,,1
P09375,C01232,1818.61,netbanking,Axis,network_error,2,1,0,0,1,25.0,0
P09376,C02424,240.52,card,SBI,insufficient_funds,5,0,1,10,1,217.0,1
P09377,C00166,244.58,card,Axis,bank_declined,2,2,1,30,1,77.0,1
P09378,C01574,516.25,upi,SBI,bank_declined,5,3,1,120,0,,1
P09379,C02909,284.58,upi,Axis,limit_exceeded,4,1,1,120,1,106.0,1
P09380,C00617,141.64,upi,SBI,network_error,3,3,1,30,0,,1
P09381,C02660,366.8,card,ICICI,insufficient_funds,3,3,0,0,0,,0
P09382,C01626,2240.09,card,ICICI,timeout,3,2,0,0,0,,0
P09383,C00503,2809.55,upi,HDFC,bank_declined,2,1,0,0,0,,0
P09384,C00913,720.11,upi,HDFC,timeout,6,0,1,120,1,229.0,1
P09385,C02127,225.99,upi,SBI,timeout,7,0,0,0,0,,0
P09386,C00585,285.12,netbanking,Other,limit_exceeded,5,1,0,0,0,,0
P09387,C01959,525.76,netbanking,HDFC,bank_declined,2,3,1,10,1,140.0,1
P09388,C02736,346.23,card,Axis,limit_exceeded,3,1,1,120,0,,1
P09389,C00396,552.48,card,ICICI,bank_declined,5,0,0,0,0,,0
P09390,C01632,507.91,card,HDFC,limit_exceeded,3,2,1,60,0,,1
P09391,C01881,209.11,card,HDFC,bank_declined,1,2,1,30,1,19.0,1
P09392,C00402,476.14,wallet,HDFC,network_error,3,0,1,30,0,,1
P09393,C00975,681.36,card,Axis,limit_exceeded,2,0,1,30,1,121.0,1
P09394,C00224,379.28,netbanking,Axis,insufficient_funds,0,0,0,0,0,,0
P09395,C00518,955.88,card,HDFC,network_error,4,3,0,0,0,,0
P09396,C02682,512.35,card,Other,limit_exceeded,3,2,1,10,0,,1
P09397,C00236,449.8,card,Other,limit_exceeded,3,2,1,60,1,18.0,1
P09398,C00116,514.58,card,Axis,insufficient_funds,5,1,1,30,0,,1
P09399,C00226,337.37,card,Axis,insufficient_funds,4,2,1,30,0,,1
P09400,C02278,654.64,card,ICICI,bank_declined,3,2,1,30,1,98.0,1
P09401,C00182,270.38,upi,Other,timeout,5,3,0,0,1,136.0,0
P09402,C01342,2623.11,card,HDFC,timeout,8,1,0,0,1,32.0,0
P09403,C00210,2038.94,wallet,SBI,network_error,7,1,0,0,1,168.0,0
P09404,C01416,466.86,upi,ICICI,network_error,3,1,0,0,0,,0
P09405,C02144,734.12,netbanking,ICICI,insufficient_funds,5,1,0,0,1,101.0,0
P09406,C00894,751.15,card,HDFC,bank_declined,5,2,0,0,1,66.0,0
P09407,C01882,747.15,card,HDFC,network_error,5,1,0,0,1,32.0,0
P09408,C02804,795.85,netbanking,Axis,network_error,4,1,1,120,1,198.0,1
P09409,C01110,836.72,upi,Other,insufficient_funds,6,3,0,0,0,,0
P09410,C02463,800.58,wallet,Axis,network_error,1,0,1,120,1,225.0,1
P09411,C02027,284.3,card,Other,limit_exceeded,3,2,1,10,1,182.0,1
P09412,C00394,672.82,card,Other,timeout,3,3,1,120,0,,1
P09413,C02744,292.59,wallet,SBI,network_error,3,1,1,120,1,238.0,1
P09414,C00844,710.7,upi,ICICI,insufficient_funds,4,2,0,0,0,,0
P09415,C01525,948.94,netbanking,SBI,timeout,2,0,1,10,0,,1
P09416,C00604,640.68,card,HDFC,network_error,1,3,1,120,0,,1
P09417,C00582,832.09,card,SBI,network_error,8,4,1,120,1,51.0,1
P09418,C02043,574.69,upi,SBI,timeout,3,1,1,10,1,59.0,1
P09419,C01940,1797.99,wallet,ICICI,network_error,3,3,0,0,0,,0
P09420,C00133,656.84,wallet,SBI,bank_declined,1,6,0,0,1,134.0,0
P09421,C02839,259.04,card,ICICI,insufficient_funds,2,2,0,0,1,182.0,0
P09422,C02697,350.58,card,ICICI,network_error,4,4,0,0,1,12.0,0
P09423,C02269,667.91,card,ICICI,insufficient_funds,6,1,0,0,0,,0
P09424,C00976,1234.99,netbanking,ICICI,insufficient_funds,3,0,1,60,0,,1
P09425,C01814,652.86,netbanking,SBI,insufficient_funds,4,2,0,0,0,,0
P09426,C01544,577.14,card,Axis,bank_declined,5,2,1,120,0,,1
P09427,C02836,225.3,upi,Axis,network_error,5,2,1,60,1,222.0,1
P09428,C02739,1858.16,upi,HDFC,bank_declined,6,1,0,0,0,,0
P09429,C01358,194.51,upi,ICICI,timeout,3,1,1,10,1,69.0,1
P09430,C00039,167.01,upi,Axis,timeout,3,2,0,0,1,139.0,0
P09431,C01317,354.55,card,HDFC,timeout,3,3,1,60,0,,1
P09432,C02738,746.06,upi,SBI,network_error,4,4,0,0,0,,0
P09433,C00162,372.41,upi,HDFC,network_error,4,1,1,30,1,111.0,1
P09434,C01910,320.09,card,Axis,limit_exceeded,6,1,1,10,0,,1
P09435,C01128,277.1,wallet,HDFC,timeout,4,6,0,0,0,,0
P09436,C02209,1698.32,card,HDFC,timeout,6,1,0,0,1,197.0,0
P09437,C01659,623.09,upi,HDFC,bank_declined,5,1,0,0,0,,0
P09438,C01964,922.65,upi,Axis,bank_declined,5,0,0,0,0,,0
P09439,C01058,2079.85,card,ICICI,bank_declined,1,4,0,0,1,68.0,0
P09440,C02290,2033.69,upi,SBI,bank_declined,3,3,1,60,0,,1
P09441,C00967,262.73,netbanking,ICICI,bank_declined,1,1,1,120,0,,1
P09442,C00890,586.85,wallet,Other,network_error,6,3,1,30,0,,1
P09443,C02161,855.08,card,ICICI,network_error,2,4,1,30,0,,1
P09444,C02366,531.58,upi,SBI,timeout,5,4,0,0,0,,0
P09445,C02071,307.04,netbanking,HDFC,network_error,3,3,1,60,0,,1
P09446,C02872,76.2,card,ICICI,limit_exceeded,5,0,0,0,0,,0
P09447,C02749,1264.06,upi,Axis,network_error,5,0,1,30,1,10.0,1
P09448,C01667,1797.02,upi,Other,bank_declined,2,0,0,0,0,,0
P09449,C01442,825.23,upi,HDFC,network_error,6,1,0,0,0,,0
P09450,C01068,484.66,card,HDFC,timeout,3,3,1,30,0,,1
P09451,C00128,334.64,upi,HDFC,network_error,4,2,0,0,0,,0
P09452,C02924,539.54,card,ICICI,timeout,6,2,1,10,1,24.0,1
P09453,C00158,1255.23,card,Axis,limit_exceeded,6,0,0,0,1,89.0,0
P09454,C00827,724.92,card,SBI,bank_declined,3,2,1,60,0,,1
P09455,C01891,107.39,upi,Other,insufficient_funds,6,2,0,0,1,174.0,0
P09456,C02900,1513.93,wallet,Axis,network_error,3,2,1,10,0,,1
P09457,C00512,792.31,upi,ICICI,insufficient_funds,1,5,0,0,0,,0
P09458,C02093,232.66,wallet,Other,limit_exceeded,4,0,1,60,1,206.0,1
P09459,C02267,745.55,upi,Axis,timeout,1,4,0,0,0,,0
P09460,C00443,569.95,netbanking,SBI,timeout,5,3,0,0,1,113.0,0
P09461,C02363,568.49,netbanking,SBI,limit_exceeded,8,2,0,0,1,29.0,0
P09462,C02225,243.32,netbanking,HDFC,limit_exceeded,9,1,1,120,0,,1
P09463,C02276,410.4,upi,HDFC,limit_exceeded,3,0,0,0,0,,0
P09464,C01727,159.44,upi,SBI,timeout,2,3,1,120,0,,1
P09465,C02007,1162.36,upi,HDFC,bank_declined,4,2,0,0,0,,0
P09466,C01696,270.45,card,HDFC,insufficient_funds,3,2,0,0,0,,0
P09467,C00267,1080.91,upi,SBI,insufficient_funds,5,1,0,0,0,,0
P09468,C02918,757.57,upi,Other,timeout,3,3,0,0,0,,0
P09469,C00838,373.45,netbanking,SBI,insufficient_funds,5,1,0,0,1,105.0,0
P09470,C00489,291.78,wallet,HDFC,bank_declined,6,3,0,0,1,33.0,0
P09471,C00702,570.54,card,Other,network_error,7,1,1,120,0,,1
P09472,C00687,1053.07,upi,HDFC,insufficient_funds,2,3,0,0,0,,0
P09473,C00996,870.47,wallet,ICICI,limit_exceeded,5,4,1,120,0,,1
P09474,C00357,731.93,wallet,HDFC,timeout,4,3,0,0,1,121.0,0
P09475,C00872,439.58,netbanking,Axis,network_error,3,3,1,30,0,,1
P09476,C01974,872.48,card,Axis,limit_exceeded,4,3,1,30,1,166.0,1
P09477,C02252,167.36,card,HDFC,bank_declined,2,2,0,0,0,,0
P09478,C00552,585.42,card,HDFC,limit_exceeded,6,1,0,0,0,,0
P09479,C01811,495.79,wallet,ICICI,timeout,1,1,1,120,0,,1
P09480,C00323,209.25,netbanking,Other,insufficient_funds,5,1,0,0,1,107.0,0
P09481,C02642,385.78,upi,Other,timeout,6,1,0,0,1,165.0,0
P09482,C02229,1610.96,wallet,ICICI,timeout,10,3,0,0,0,,0
P09483,C02547,734.88,card,SBI,bank_declined,1,1,1,30,1,97.0,1
P09484,C00083,950.86,upi,HDFC,bank_declined,4,4,0,0,0,,0
P09485,C02351,360.65,upi,HDFC,insufficient_funds,3,2,1,30,1,101.0,1
P09486,C00262,152.06,card,Axis,network_error,7,2,0,0,0,,0
P09487,C00784,1409.21,upi,Axis,network_error,4,0,1,60,1,192.0,1
P09488,C01224,295.05,card,SBI,limit_exceeded,5,3,0,0,0,,0
P09489,C00914,391.18,upi,Other,timeout,3,2,1,120,0,,1
P09490,C02740,191.69,upi,Other,bank_declined,0,1,1,30,1,128.0,1
P09491,C00944,1305.98,card,Other,insufficient_funds,4,1,0,0,0,,0
P09492,C02731,621.08,wallet,HDFC,timeout,4,0,0,0,1,75.0,0
P09493,C01319,449.3,upi,Axis,bank_declined,4,5,0,0,0,,0
P09494,C01536,756.99,netbanking,HDFC,limit_exceeded,3,0,0,0,0,,0
P09495,C00689,380.29,card,SBI,bank_declined,8,1,1,60,1,226.0,1
P09496,C02444,322.7,card,ICICI,insufficient_funds,3,1,0,0,1,112.0,0
P09497,C01773,215.55,wallet,ICICI,network_error,7,5,1,10,0,,1
P09498,C00839,197.07,upi,Other,limit_exceeded,8,3,1,30,0,,1
P09499,C00878,1042.79,upi,Axis,insufficient_funds,6,1,0,0,0,,0
P09500,C02871,1196.87,upi,SBI,insufficient_funds,4,4,0,0,0,,0
P09501,C00049,150.36,card,HDFC,limit_exceeded,4,2,1,30,0,,1
P09502,C02837,475.4,wallet,SBI,insufficient_funds,4,1,1,120,0,,1
P09503,C00293,530.53,card,SBI,network_error,5,1,1,120,1,26.0,1
P09504,C01652,312.61,card,SBI,insufficient_funds,5,3,0,0,0,,0
P09505,C00536,278.51,wallet,Axis,insufficient_funds,4,0,1,120,1,23.0,1
P09506,C00311,528.99,card,SBI,insufficient_funds,6,2,1,30,1,21.0,1
P09507,C00537,302.57,netbanking,ICICI,timeout,2,1,1,10,0,,1
P09508,C01927,503.93,netbanking,Other,timeout,5,5,0,0,1,97.0,0
P09509,C02687,231.34,upi,SBI,insufficient_funds,2,2,1,60,1,205.0,1
P09510,C00234,327.46,card,HDFC,insufficient_funds,5,1,0,0,0,,0
P09511,C01233,406.0,netbanking,ICICI,limit_exceeded,3,3,1,30,0,,1
P09512,C02653,390.02,upi,SBI,network_error,2,2,0,0,0,,0
P09513,C02142,1099.13,card,Axis,timeout,7,2,0,0,1,190.0,0
P09514,C02375,334.77,netbanking,SBI,insufficient_funds,5,2,1,60,1,14.0,1
P09515,C02273,953.28,netbanking,Other,insufficient_funds,3,3,0,0,0,,0
P09516,C00967,61.37,wallet,ICICI,bank_declined,3,0,0,0,0,,0
P09517,C00890,493.46,upi,Other,network_error,6,2,0,0,0,,0
P09518,C02059,113.71,card,Other,bank_declined,2,1,0,0,0,,0
P09519,C00035,1168.35,wallet,Axis,timeout,0,3,0,0,1,232.0,0
P09520,C00447,2033.13,upi,SBI,network_error,7,3,0,0,1,84.0,0
P09521,C01764,480.45,upi,Other,bank_declined,6,3,0,0,0,,0
P09522,C02489,1645.38,upi,ICICI,insufficient_funds,5,5,0,0,1,56.0,0
P09523,C02701,282.07,upi,SBI,network_error,5,2,0,0,1,36.0,0
P09524,C01559,980.18,card,Other,insufficient_funds,5,0,1,10,1,19.0,1
P09525,C00595,890.76,upi,HDFC,bank_declined,3,0,0,0,1,117.0,0
P09526,C02026,442.6,netbanking,HDFC,insufficient_funds,3,2,0,0,1,173.0,0
P09527,C02277,489.66,wallet,HDFC,network_error,11,1,1,10,0,,1
P09528,C00344,621.75,card,Other,network_error,2,1,1,10,0,,1
P09529,C01104,569.13,card,Axis,network_error,5,4,0,0,0,,0
P09530,C01420,626.95,netbanking,Other,timeout,3,2,1,10,1,18.0,1
P09531,C01314,2203.07,netbanking,ICICI,limit_exceeded,3,5,1,30,0,,1
P09532,C01479,2004.98,card,HDFC,network_error,5,1,1,60,1,230.0,1
P09533,C01152,892.4,card,Other,insufficient_funds,7,2,0,0,0,,0
P09534,C02957,2095.61,upi,HDFC,network_error,2,2,0,0,0,,0
P09535,C01922,228.85,card,ICICI,insufficient_funds,1,1,1,120,0,,1
P09536,C01383,876.91,netbanking,Axis,bank_declined,2,3,0,0,1,165.0,0
P09537,C02575,900.92,upi,Axis,bank_declined,3,1,1,120,1,159.0,1
P09538,C02123,369.35,netbanking,Axis,network_error,3,2,0,0,0,,0
P09539,C01570,2229.44,upi,HDFC,network_error,3,7,1,10,0,,1
P09540,C01895,1528.99,upi,Other,network_error,4,1,0,0,1,90.0,0
P09541,C02244,717.04,wallet,SBI,bank_declined,4,2,1,10,1,18.0,1
P09542,C01867,300.1,wallet,ICICI,insufficient_funds,4,2,0,0,1,85.0,0
P09543,C00029,168.14,card,HDFC,bank_declined,5,2,0,0,0,,0
P09544,C00706,239.08,card,ICICI,timeout,3,4,0,0,0,,0
P09545,C01021,1551.89,wallet,HDFC,timeout,3,0,0,0,0,,0
P09546,C02064,407.05,upi,Axis,insufficient_funds,4,3,1,10,1,218.0,1
P09547,C01447,1104.56,netbanking,ICICI,limit_exceeded,4,3,0,0,1,54.0,0
P09548,C02853,636.41,wallet,SBI,bank_declined,7,3,0,0,0,,0
P09549,C02988,119.43,upi,Axis,network_error,1,1,1,30,0,,1
P09550,C01660,410.54,upi,Axis,insufficient_funds,5,1,1,30,1,179.0,1
P09551,C00967,252.0,card,SBI,limit_exceeded,6,4,1,10,1,91.0,1
P09552,C02277,882.68,wallet,SBI,network_error,1,2,1,60,0,,1
P09553,C02763,917.49,upi,Axis,bank_declined,4,2,1,120,1,234.0,1
P09554,C00573,433.0,card,SBI,network_error,3,0,1,120,1,117.0,1
P09555,C01607,1448.92,upi,Axis,bank_declined,1,3,1,10,0,,1
P09556,C00615,1050.93,card,Other,bank_declined,4,0,1,30,0,,1
P09557,C00326,365.19,card,HDFC,bank_declined,2,2,0,0,1,112.0,0
P09558,C02923,721.99,card,Other,network_error,8,3,1,120,1,68.0,1
P09559,C00359,283.05,upi,HDFC,insufficient_funds,1,1,1,30,0,,1
P09560,C01811,389.49,upi,HDFC,timeout,2,1,1,60,0,,1
P09561,C02372,754.93,netbanking,Other,network_error,4,3,1,30,0,,1
P09562,C01722,513.42,card,HDFC,insufficient_funds,1,2,0,0,0,,0
P09563,C01350,182.78,wallet,HDFC,network_error,7,2,1,10,1,213.0,1
P09564,C00165,659.49,upi,Axis,bank_declined,6,2,1,120,1,142.0,1
P09565,C01597,394.28,card,HDFC,network_error,8,2,1,60,1,209.0,1
P09566,C01628,282.06,upi,SBI,limit_exceeded,4,1,0,0,0,,0
P09567,C02846,228.96,wallet,HDFC,bank_declined,5,2,0,0,1,180.0,0
P09568,C02503,430.41,upi,ICICI,network_error,8,4,1,10,1,91.0,1
P09569,C01177,589.03,netbanking,Axis,insufficient_funds,4,1,0,0,0,,0
P09570,C01151,419.2,card,Axis,insufficient_funds,3,0,1,60,0,,1
P09571,C00193,610.54,wallet,HDFC,limit_exceeded,3,2,0,0,0,,0
P09572,C02675,410.24,upi,ICICI,limit_exceeded,5,1,1,120,0,,1
P09573,C02578,745.36,wallet,ICICI,network_error,7,2,1,30,0,,1
P09574,C00092,444.56,netbanking,Axis,insufficient_funds,5,2,0,0,1,15.0,0
P09575,C00139,156.82,upi,Other,bank_declined,1,3,0,0,0,,0
P09576,C00481,212.82,upi,ICICI,network_error,4,3,0,0,0,,0
P09577,C02497,341.0,card,HDFC,network_error,2,5,1,10,0,,1
P09578,C01357,1190.53,upi,SBI,network_error,6,5,1,120,0,,1
P09579,C02917,252.46,upi,Other,timeout,1,2,1,30,1,26.0,1
P09580,C00340,648.81,card,HDFC,insufficient_funds,1,3,1,10,0,,1
P09581,C01076,655.04,upi,HDFC,bank_declined,6,1,0,0,0,,0
P09582,C02514,210.22,wallet,Other,insufficient_funds,2,3,0,0,1,212.0,0
P09583,C02766,407.94,card,SBI,insufficient_funds,4,1,1,120,0,,1
P09584,C00799,549.07,upi,Other,bank_declined,2,2,1,30,1,123.0,1
P09585,C00475,405.17,card,Axis,insufficient_funds,6,1,1,30,0,,1
P09586,C02449,732.76,wallet,HDFC,bank_declined,3,3,0,0,0,,0
P09587,C01463,713.48,wallet,Axis,timeout,0,1,0,0,0,,0
P09588,C00605,571.46,upi,Axis,timeout,2,3,1,30,0,,1
P09589,C02980,936.71,upi,Axis,timeout,2,2,1,60,0,,1
P09590,C02970,491.47,wallet,SBI,network_error,8,2,1,10,1,238.0,1
P09591,C00821,533.43,card,HDFC,timeout,3,5,1,30,0,,1
P09592,C02705,600.55,upi,Axis,insufficient_funds,5,0,0,0,0,,0
P09593,C00598,228.42,card,Axis,network_error,8,2,1,30,0,,1
P09594,C01533,739.62,wallet,Axis,network_error,4,4,1,10,0,,1
P09595,C00514,320.76,card,ICICI,network_error,4,3,0,0,1,75.0,0
P09596,C01527,424.48,upi,HDFC,timeout,1,2,0,0,1,175.0,0
P09597,C01878,722.54,upi,Axis,limit_exceeded,7,0,0,0,1,185.0,0
P09598,C01700,673.68,netbanking,SBI,timeout,5,3,1,120,0,,1
P09599,C01030,182.23,wallet,ICICI,limit_exceeded,4,1,1,120,1,57.0,1
P09600,C00500,183.4,card,ICICI,network_error,2,4,1,10,1,155.0,1
P09601,C01685,245.36,netbanking,Other,bank_declined,3,1,1,10,0,,1
P09602,C00717,567.28,upi,SBI,network_error,5,2,0,0,0,,0
P09603,C01142,1229.79,card,Other,limit_exceeded,6,0,1,60,1,183.0,1
P09604,C01509,351.73,upi,ICICI,timeout,2,2,1,120,0,,1
P09605,C02649,254.91,wallet,Other,limit_exceeded,2,2,1,10,1,157.0,1
P09606,C00666,255.72,upi,Other,insufficient_funds,5,2,1,30,0,,1
P09607,C02516,669.15,card,Other,bank_declined,4,0,0,0,0,,0
P09608,C02209,1045.89,netbanking,Axis,bank_declined,5,1,1,120,0,,1
P09609,C02318,1004.68,netbanking,ICICI,bank_declined,2,0,1,60,0,,1
P09610,C01080,307.22,card,Other,insufficient_funds,4,3,0,0,0,,0
P09611,C00228,170.34,card,SBI,limit_exceeded,1,0,1,120,0,,1
P09612,C02897,522.5,upi,Axis,timeout,5,5,1,10,1,73.0,1
P09613,C00149,1390.31,card,ICICI,insufficient_funds,8,1,0,0,1,136.0,0
P09614,C01070,666.69,upi,ICICI,insufficient_funds,1,1,1,60,1,67.0,1
P09615,C01168,190.5,card,HDFC,network_error,3,5,1,10,0,,1
P09616,C00632,470.11,card,ICICI,limit_exceeded,2,2,0,0,1,203.0,0
P09617,C01364,243.04,card,Other,insufficient_funds,1,1,0,0,1,120.0,0
P09618,C00413,620.75,upi,HDFC,bank_declined,3,0,1,30,1,149.0,1
P09619,C01756,478.15,card,ICICI,insufficient_funds,7,2,0,0,0,,0
P09620,C00520,407.13,netbanking,Axis,insufficient_funds,4,1,0,0,1,138.0,0
P09621,C01368,316.86,wallet,ICICI,timeout,3,1,0,0,0,,0
P09622,C02435,663.95,card,Axis,timeout,2,2,1,30,1,89.0,1
P09623,C02323,1136.6,upi,ICICI,limit_exceeded,4,2,0,0,0,,0
P09624,C02401,1529.58,card,ICICI,network_error,8,1,0,0,1,7.0,0
P09625,C01103,658.1,upi,Other,insufficient_funds,3,3,1,10,0,,1
P09626,C00598,1199.22,card,ICICI,bank_declined,5,1,1,10,0,,1
P09627,C01660,242.78,upi,Other,bank_declined,5,2,1,30,0,,1
P09628,C01686,389.68,card,HDFC,bank_declined,6,3,1,120,0,,1
P09629,C02606,251.91,card,ICICI,network_error,5,1,1,120,0,,1
P09630,C02161,350.05,netbanking,Other,insufficient_funds,1,3,1,10,0,,1
P09631,C02189,240.32,card,Axis,limit_exceeded,3,2,1,120,0,,1
P09632,C01925,1540.86,card,HDFC,insufficient_funds,2,2,1,120,1,54.0,1
P09633,C00730,379.58,card,HDFC,bank_declined,5,2,0,0,0,,0
P09634,C00589,446.31,card,Axis,insufficient_funds,2,1,0,0,0,,0
P09635,C02459,166.98,upi,HDFC,bank_declined,0,2,1,10,0,,1
P09636,C00377,120.89,card,Axis,bank_declined,4,1,0,0,1,24.0,0
P09637,C01408,1619.32,upi,SBI,network_error,4,2,0,0,0,,0
P09638,C01870,416.83,wallet,Other,bank_declined,3,1,0,0,1,168.0,0
P09639,C00751,2454.89,upi,ICICI,timeout,3,1,1,60,0,,1
P09640,C00627,443.49,upi,HDFC,network_error,7,0,1,30,1,22.0,1
P09641,C01630,206.29,upi,SBI,limit_exceeded,2,1,0,0,0,,0
P09642,C00995,500.29,upi,Axis,insufficient_funds,0,3,0,0,0,,0
P09643,C01584,518.95,wallet,ICICI,insufficient_funds,5,3,1,10,0,,1
P09644,C00703,544.83,card,Axis,timeout,3,2,1,10,1,93.0,1
P09645,C02510,469.35,wallet,Axis,network_error,1,2,1,120,0,,1
P09646,C02060,170.8,card,Axis,bank_declined,4,1,0,0,0,,0
P09647,C01180,168.28,card,HDFC,bank_declined,4,4,1,10,1,7.0,1
P09648,C00477,1112.68,upi,SBI,network_error,5,3,0,0,1,77.0,0
P09649,C02987,1952.66,card,HDFC,insufficient_funds,1,3,1,120,0,,1
P09650,C00401,402.96,upi,ICICI,timeout,5,3,1,10,1,12.0,1
P09651,C02856,136.92,netbanking,SBI,bank_declined,3,0,0,0,1,143.0,0
P09652,C02225,1144.24,upi,ICICI,bank_declined,5,0,0,0,0,,0
P09653,C00057,272.21,card,HDFC,timeout,9,1,0,0,0,,0
P09654,C01876,628.47,card,Other,network_error,4,0,1,60,0,,1
P09655,C00448,341.39,card,Other,timeout,4,2,1,10,0,,1
P09656,C00203,348.64,wallet,SBI,limit_exceeded,6,3,1,30,0,,1
P09657,C01657,269.3,netbanking,Other,limit_exceeded,6,3,1,30,1,108.0,1
P09658,C00738,1309.91,wallet,Axis,bank_declined,9,0,0,0,0,,0
P09659,C00202,676.14,netbanking,Other,insufficient_funds,3,1,1,60,0,,1
P09660,C01354,621.2,upi,Other,insufficient_funds,10,1,1,30,0,,1
P09661,C02411,506.01,netbanking,Axis,timeout,3,1,0,0,0,,0
P09662,C00892,645.2,upi,Axis,insufficient_funds,1,2,1,10,0,,1
P09663,C02502,215.03,upi,ICICI,bank_declined,2,2,0,0,0,,0
P09664,C02404,710.48,upi,HDFC,network_error,2,0,0,0,1,33.0,0
P09665,C00216,1148.85,upi,SBI,limit_exceeded,5,2,1,10,0,,1
P09666,C02603,574.69,upi,Axis,insufficient_funds,5,4,0,0,1,135.0,0
P09667,C02935,903.55,upi,SBI,insufficient_funds,4,2,0,0,0,,0
P09668,C00023,370.71,upi,ICICI,insufficient_funds,6,0,0,0,0,,0
P09669,C02203,656.26,netbanking,Other,insufficient_funds,0,2,1,60,1,81.0,1
P09670,C01210,375.77,card,HDFC,limit_exceeded,4,2,1,120,0,,1
P09671,C02297,155.56,netbanking,HDFC,insufficient_funds,8,1,1,120,1,101.0,1
P09672,C00749,417.96,netbanking,Axis,timeout,5,2,1,10,1,24.0,1
P09673,C00805,1083.66,upi,Other,insufficient_funds,8,1,0,0,0,,0
P09674,C00134,193.66,card,HDFC,insufficient_funds,4,3,1,60,0,,1
P09675,C00321,1544.55,upi,SBI,insufficient_funds,3,4,0,0,1,138.0,0
P09676,C02438,334.93,card,Other,insufficient_funds,4,1,0,0,0,,0
P09677,C00434,730.57,card,Axis,insufficient_funds,5,1,0,0,0,,0
P09678,C01046,1426.18,upi,SBI,insufficient_funds,7,1,1,120,0,,1
P09679,C00873,1771.21,upi,HDFC,timeout,5,3,0,0,1,137.0,0
P09680,C02906,1518.99,card,SBI,insufficient_funds,2,1,0,0,1,52.0,0
P09681,C02099,289.73,card,Other,insufficient_funds,8,4,1,120,1,115.0,1
P09682,C02224,1097.4,upi,SBI,bank_declined,3,2,1,30,1,191.0,1
P09683,C02918,325.24,upi,Axis,timeout,4,2,0,0,1,55.0,0
P09684,C00253,255.32,card,HDFC,insufficient_funds,2,4,0,0,1,230.0,0
P09685,C00966,326.79,card,SBI,network_error,9,2,0,0,0,,0
P09686,C00739,1194.11,card,SBI,insufficient_funds,5,4,0,0,0,,0
P09687,C01130,354.62,wallet,ICICI,bank_declined,3,3,1,60,0,,1
P09688,C01340,285.68,upi,Other,network_error,2,0,0,0,1,59.0,0
P09689,C00302,1511.67,wallet,Axis,timeout,3,4,0,0,0,,0
P09690,C02596,447.95,upi,HDFC,bank_declined,2,2,0,0,1,217.0,0
P09691,C01978,778.64,wallet,SBI,bank_declined,6,2,0,0,1,55.0,0
P09692,C02764,255.01,upi,ICICI,network_error,6,2,1,30,0,,1
P09693,C02827,373.64,upi,Other,bank_declined,9,2,0,0,1,133.0,0
P09694,C02316,427.74,upi,Axis,insufficient_funds,5,2,0,0,1,28.0,0
P09695,C00551,328.64,card,ICICI,network_error,1,2,1,10,0,,1
P09696,C01479,465.46,card,Other,limit_exceeded,2,3,1,120,0,,1
P09697,C01316,264.49,card,HDFC,limit_exceeded,7,1,0,0,0,,0
P09698,C01588,467.34,upi,Axis,network_error,3,0,1,120,0,,1
P09699,C01823,1094.38,upi,HDFC,bank_declined,5,2,0,0,0,,0
P09700,C01825,152.79,upi,Other,network_error,2,4,1,60,0,,1
P09701,C01165,449.34,netbanking,SBI,timeout,6,0,1,30,1,85.0,1
P09702,C00314,351.92,netbanking,SBI,insufficient_funds,8,0,0,0,1,214.0,0
P09703,C00184,328.81,wallet,SBI,timeout,3,0,0,0,0,,0
P09704,C01688,1933.29,upi,HDFC,network_error,3,5,1,120,0,,1
P09705,C00713,1356.25,card,HDFC,bank_declined,4,2,0,0,0,,0
P09706,C02176,349.77,card,HDFC,limit_exceeded,5,1,1,60,0,,1
P09707,C01311,190.81,card,SBI,insufficient_funds,9,4,1,60,1,99.0,1
P09708,C02748,1428.91,card,Other,limit_exceeded,10,1,0,0,1,95.0,0
P09709,C02434,652.46,upi,SBI,bank_declined,3,2,0,0,0,,0
P09710,C00271,219.52,card,Other,timeout,10,2,0,0,0,,0
P09711,C01795,260.51,upi,Other,insufficient_funds,4,4,0,0,0,,0
P09712,C00811,530.4,upi,Other,network_error,1,3,1,60,1,173.0,1
P09713,C02463,1683.19,upi,Axis,insufficient_funds,3,0,1,120,0,,1
P09714,C00198,380.93,card,HDFC,bank_declined,3,1,1,60,1,115.0,1
P09715,C01080,677.04,card,Other,timeout,10,2,1,120,1,46.0,1
P09716,C02879,325.78,upi,Other,bank_declined,3,2,0,0,1,156.0,0
P09717,C01227,686.57,card,Other,network_error,2,1,1,30,0,,1
P09718,C01645,157.43,netbanking,HDFC,timeout,7,0,0,0,0,,0
P09719,C00628,770.51,wallet,Axis,network_error,1,2,1,120,1,56.0,1
P09720,C00604,583.51,upi,HDFC,network_error,2,2,1,60,1,123.0,1
P09721,C01162,276.56,netbanking,SBI,timeout,6,2,1,120,0,,1
P09722,C01446,47.18,upi,HDFC,insufficient_funds,4,1,0,0,1,15.0,0
P09723,C01081,1537.2,upi,HDFC,insufficient_funds,6,3,1,120,0,,1
P09724,C01586,145.8,upi,ICICI,network_error,6,4,0,0,0,,0
P09725,C02119,1191.83,netbanking,ICICI,limit_exceeded,2,4,0,0,1,149.0,0
P09726,C00911,276.29,netbanking,Axis,network_error,4,4,1,120,1,146.0,1
P09727,C00594,643.35,netbanking,HDFC,timeout,1,2,1,30,0,,1
P09728,C01396,757.66,upi,ICICI,network_error,4,2,1,30,0,,1
P09729,C00600,1569.93,upi,HDFC,network_error,6,2,0,0,0,,0
P09730,C00514,230.73,upi,Other,insufficient_funds,5,2,1,10,1,154.0,1
P09731,C01896,479.35,upi,ICICI,timeout,3,3,1,120,1,112.0,1
P09732,C02132,250.94,card,ICICI,network_error,5,3,0,0,0,,0
P09733,C01067,237.24,card,ICICI,limit_exceeded,3,3,1,60,0,,1
P09734,C02887,525.99,upi,HDFC,insufficient_funds,7,3,0,0,0,,0
P09735,C01958,887.27,wallet,Other,bank_declined,3,2,0,0,0,,0
P09736,C02654,2808.11,wallet,HDFC,insufficient_funds,5,1,1,120,0,,1
P09737,C00810,422.41,upi,ICICI,limit_exceeded,8,1,1,30,1,207.0,1
P09738,C02181,469.14,card,Other,timeout,6,0,0,0,0,,0
P09739,C01089,490.98,netbanking,ICICI,timeout,6,2,1,30,0,,1
P09740,C00290,552.51,netbanking,Axis,network_error,4,0,0,0,0,,0
P09741,C02424,587.72,card,Other,insufficient_funds,3,2,0,0,0,,0
P09742,C00769,219.49,netbanking,Axis,bank_declined,2,2,1,120,1,54.0,1
P09743,C02515,71.67,upi,SBI,timeout,3,2,1,10,1,84.0,1
P09744,C00471,407.9,netbanking,ICICI,bank_declined,2,3,0,0,1,158.0,0
P09745,C02197,1944.02,card,SBI,timeout,4,1,1,120,1,154.0,1
P09746,C00088,518.46,netbanking,HDFC,bank_declined,11,2,0,0,1,193.0,0
P09747,C02444,449.03,netbanking,Axis,network_error,7,3,0,0,1,75.0,0
P09748,C00790,485.23,card,SBI,bank_declined,6,5,0,0,1,226.0,0
P09749,C01665,302.1,upi,SBI,limit_exceeded,3,2,1,60,1,124.0,1
P09750,C01310,459.63,netbanking,ICICI,bank_declined,4,2,1,30,0,,1
P09751,C00865,508.61,card,Other,bank_declined,4,3,0,0,0,,0
P09752,C01294,506.75,upi,ICICI,insufficient_funds,1,3,1,30,1,18.0,1
P09753,C00024,532.77,card,ICICI,insufficient_funds,8,0,1,10,1,169.0,1
P09754,C01887,529.5,upi,HDFC,network_error,6,0,1,10,1,118.0,1
P09755,C00311,471.79,upi,Axis,timeout,4,2,0,0,1,78.0,0
P09756,C01485,1091.09,upi,HDFC,limit_exceeded,8,2,0,0,1,108.0,0
P09757,C01232,1855.7,card,Other,network_error,5,2,1,30,0,,1
P09758,C02712,151.04,card,SBI,network_error,3,1,1,60,1,132.0,1
P09759,C02486,333.9,upi,Axis,network_error,3,3,1,120,1,58.0,1
P09760,C00706,104.27,card,HDFC,limit_exceeded,8,1,0,0,0,,0
P09761,C01360,698.3,upi,HDFC,bank_declined,5,0,0,0,0,,0
P09762,C00422,1179.53,upi,Other,network_error,3,2,0,0,1,168.0,0
P09763,C01774,532.74,netbanking,SBI,limit_exceeded,5,2,1,10,0,,1
P09764,C02369,536.72,card,SBI,insufficient_funds,5,2,1,120,1,215.0,1
P09765,C02635,329.14,netbanking,Axis,bank_declined,5,1,1,60,0,,1
P09766,C00947,562.02,upi,Axis,timeout,2,0,1,60,1,143.0,1
P09767,C01187,467.58,upi,ICICI,bank_declined,7,1,1,60,0,,1
P09768,C01835,1052.42,card,Other,insufficient_funds,2,1,0,0,0,,0
P09769,C01565,2054.81,upi,Axis,network_error,3,3,0,0,0,,0
P09770,C00849,1465.96,netbanking,Other,network_error,8,1,1,10,0,,1
P09771,C01590,2407.08,card,Axis,bank_declined,2,2,1,10,0,,1
P09772,C01319,778.75,netbanking,Other,bank_declined,6,2,1,30,0,,1
P09773,C02090,623.99,upi,ICICI,insufficient_funds,3,3,1,120,1,159.0,1
P09774,C01948,487.37,netbanking,HDFC,network_error,3,5,1,60,0,,1
P09775,C01309,639.33,wallet,HDFC,network_error,4,2,1,30,1,102.0,1
P09776,C02987,624.4,card,SBI,network_error,2,2,1,30,0,,1
P09777,C00387,1245.22,upi,ICICI,insufficient_funds,3,2,1,10,1,228.0,1
P09778,C02036,435.22,card,HDFC,insufficient_funds,5,3,0,0,0,,0
P09779,C01162,236.87,card,ICICI,insufficient_funds,0,2,0,0,0,,0
P09780,C02026,482.41,upi,Axis,bank_declined,2,2,0,0,1,108.0,0
P09781,C02958,258.2,card,SBI,timeout,3,1,1,10,0,,1
P09782,C00716,424.09,upi,ICICI,insufficient_funds,2,0,0,0,0,,0
P09783,C02479,147.36,upi,Axis,timeout,5,2,1,120,1,118.0,1
P09784,C02602,505.4,upi,Axis,insufficient_funds,2,1,0,0,0,,0
P09785,C02848,265.72,upi,SBI,timeout,8,2,0,0,0,,0
P09786,C00426,830.32,netbanking,Other,limit_exceeded,1,3,1,30,0,,1
P09787,C01440,378.13,netbanking,SBI,timeout,1,1,1,120,0,,1
P09788,C02074,128.92,upi,Axis,timeout,4,4,1,120,0,,1
P09789,C00385,370.72,card,ICICI,insufficient_funds,7,4,1,60,0,,1
P09790,C00056,464.78,upi,HDFC,bank_declined,5,6,1,60,0,,1
P09791,C02682,621.89,upi,HDFC,insufficient_funds,4,1,0,0,0,,0
P09792,C00106,714.57,card,Axis,bank_declined,3,2,0,0,0,,0
P09793,C02897,280.28,upi,ICICI,bank_declined,6,0,1,10,1,8.0,1
P09794,C00670,289.13,card,SBI,network_error,5,0,0,0,1,39.0,0
P09795,C00376,482.86,upi,HDFC,network_error,3,2,1,30,0,,1
P09796,C00743,609.59,netbanking,Axis,bank_declined,1,2,0,0,0,,0
P09797,C00967,686.06,wallet,Other,timeout,4,4,0,0,0,,0
P09798,C00308,959.03,wallet,HDFC,insufficient_funds,6,3,1,30,0,,1
P09799,C02139,152.44,card,HDFC,limit_exceeded,3,1,1,120,0,,1
P09800,C00802,971.8,card,Axis,insufficient_funds,4,0,0,0,0,,0
P09801,C00110,874.03,card,Other,bank_declined,2,3,1,120,0,,1
P09802,C01665,893.46,upi,Axis,limit_exceeded,2,2,1,30,1,235.0,1
P09803,C02633,421.71,card,HDFC,bank_declined,2,2,0,0,0,,0
P09804,C00340,588.97,wallet,Axis,timeout,5,1,1,120,1,115.0,1
P09805,C01589,695.69,card,HDFC,bank_declined,7,1,1,10,1,157.0,1
P09806,C00979,433.07,upi,ICICI,limit_exceeded,4,4,0,0,0,,0
P09807,C02404,959.09,netbanking,Axis,limit_exceeded,3,1,0,0,0,,0
P09808,C01916,215.49,wallet,SBI,limit_exceeded,0,4,1,120,0,,1
P09809,C00168,815.52,upi,Axis,insufficient_funds,5,3,0,0,0,,0
P09810,C00557,696.61,upi,ICICI,insufficient_funds,5,3,1,60,0,,1
P09811,C00905,1427.48,upi,HDFC,network_error,4,4,0,0,0,,0
P09812,C00105,1914.09,upi,ICICI,limit_exceeded,3,0,1,30,1,120.0,1
P09813,C02048,430.87,card,ICICI,bank_declined,5,7,0,0,0,,0
P09814,C02198,1446.16,netbanking,Axis,bank_declined,3,1,0,0,1,61.0,0
P09815,C00146,609.35,upi,SBI,limit_exceeded,8,1,1,10,1,239.0,1
P09816,C02764,621.47,upi,SBI,timeout,4,1,0,0,1,22.0,0
P09817,C00874,649.85,card,Axis,timeout,5,0,1,10,1,155.0,1
P09818,C00299,193.08,card,SBI,insufficient_funds,0,2,1,60,0,,1
P09819,C01737,1090.85,upi,SBI,bank_declined,3,3,1,10,0,,1
P09820,C00646,186.52,upi,SBI,network_error,7,1,1,60,1,43.0,1
P09821,C02771,701.38,upi,Other,timeout,2,1,0,0,0,,0
P09822,C00638,85.29,netbanking,ICICI,bank_declined,5,1,0,0,0,,0
P09823,C02287,423.29,netbanking,HDFC,insufficient_funds,5,0,1,30,0,,1
P09824,C02512,489.18,card,Other,bank_declined,7,1,1,120,1,9.0,1
P09825,C02501,770.86,netbanking,HDFC,bank_declined,0,2,0,0,0,,0
P09826,C00784,1360.45,upi,Axis,limit_exceeded,6,5,0,0,0,,0
P09827,C00897,467.38,netbanking,Other,limit_exceeded,5,3,1,60,1,36.0,1
P09828,C00371,205.93,netbanking,ICICI,insufficient_funds,4,1,1,120,1,30.0,1
P09829,C00487,360.1,card,HDFC,bank_declined,7,0,0,0,1,128.0,0
P09830,C02038,581.38,card,Other,timeout,4,2,1,60,1,133.0,1
P09831,C02213,549.09,upi,Axis,insufficient_funds,2,0,1,10,0,,1
P09832,C01361,145.86,card,HDFC,bank_declined,4,1,0,0,0,,0
P09833,C00192,344.22,card,ICICI,network_error,4,2,0,0,1,231.0,0
P09834,C00730,339.25,card,ICICI,network_error,2,3,1,60,1,35.0,1
P09835,C02262,426.11,wallet,HDFC,timeout,9,0,1,10,0,,1
P09836,C02622,750.14,card,ICICI,insufficient_funds,4,5,1,10,0,,1
P09837,C00957,283.66,netbanking,HDFC,network_error,5,0,0,0,1,54.0,0
P09838,C00381,1039.74,wallet,Axis,network_error,2,2,0,0,0,,0
P09839,C02721,826.42,wallet,HDFC,bank_declined,6,2,1,60,1,197.0,1
P09840,C00798,113.96,upi,HDFC,insufficient_funds,3,3,0,0,1,157.0,0
P09841,C00239,367.78,upi,HDFC,insufficient_funds,4,1,1,120,0,,1
P09842,C02748,571.56,card,HDFC,network_error,4,4,1,60,0,,1
P09843,C01106,1418.72,netbanking,Other,insufficient_funds,4,3,1,30,0,,1
P09844,C01387,212.93,card,ICICI,bank_declined,5,0,0,0,1,148.0,0
P09845,C02553,147.37,card,ICICI,bank_declined,1,4,1,60,0,,1
P09846,C02250,576.18,card,SBI,network_error,3,2,0,0,0,,0
P09847,C02968,243.49,card,Other,bank_declined,3,4,1,30,0,,1
P09848,C01528,468.14,netbanking,ICICI,bank_declined,5,4,0,0,1,103.0,0
P09849,C01668,295.74,card,Other,bank_declined,0,2,0,0,0,,0
P09850,C00037,938.85,card,HDFC,insufficient_funds,5,1,0,0,0,,0
P09851,C02692,828.81,card,HDFC,timeout,3,0,1,60,0,,1
P09852,C01997,322.31,netbanking,ICICI,timeout,3,2,0,0,0,,0
P09853,C01426,1418.87,netbanking,Axis,timeout,3,0,0,0,1,187.0,0
P09854,C02813,515.19,upi,ICICI,insufficient_funds,4,4,0,0,0,,0
P09855,C02754,621.05,upi,Axis,network_error,3,2,0,0,0,,0
P09856,C02593,309.96,card,HDFC,bank_declined,6,3,0,0,0,,0
P09857,C01491,294.18,upi,SBI,bank_declined,5,0,0,0,0,,0
P09858,C01225,1441.14,wallet,HDFC,insufficient_funds,7,3,0,0,0,,0
P09859,C02588,534.42,card,Other,limit_exceeded,6,1,0,0,0,,0
P09860,C02023,577.67,netbanking,HDFC,limit_exceeded,6,0,0,0,1,82.0,0
P09861,C02442,344.47,card,HDFC,bank_declined,3,3,1,120,0,,1
P09862,C00833,596.42,card,Other,limit_exceeded,5,4,1,60,0,,1
P09863,C00597,498.96,netbanking,HDFC,bank_declined,3,4,0,0,0,,0
P09864,C02441,486.55,upi,ICICI,network_error,5,2,0,0,1,183.0,0
P09865,C00700,1564.69,netbanking,HDFC,timeout,1,0,0,0,0,,0
P09866,C01647,541.11,card,Other,network_error,1,0,1,60,0,,1
P09867,C02019,223.09,upi,HDFC,insufficient_funds,4,3,0,0,1,231.0,0
P09868,C00441,698.38,netbanking,Other,bank_declined,3,4,0,0,0,,0
P09869,C01861,380.82,netbanking,Axis,timeout,2,2,1,60,1,38.0,1
P09870,C01641,242.31,upi,Other,timeout,1,2,0,0,0,,0
P09871,C01530,298.72,wallet,SBI,bank_declined,5,1,0,0,1,23.0,0
P09872,C02966,1056.63,upi,ICICI,network_error,3,3,0,0,0,,0
P09873,C02368,239.96,netbanking,HDFC,insufficient_funds,6,1,0,0,0,,0
P09874,C02601,248.55,card,ICICI,bank_declined,3,3,1,60,0,,1
P09875,C01095,514.89,card,HDFC,insufficient_funds,3,2,1,10,0,,1
P09876,C00568,391.62,netbanking,Axis,bank_declined,5,2,0,0,0,,0
P09877,C02967,248.05,upi,ICICI,timeout,2,2,1,10,1,188.0,1
P09878,C00236,938.17,upi,HDFC,limit_exceeded,6,2,0,0,0,,0
P09879,C01305,366.65,card,Axis,network_error,1,1,0,0,0,,0
P09880,C01186,199.03,upi,SBI,network_error,4,2,0,0,1,211.0,0
P09881,C01033,607.33,card,HDFC,bank_declined,6,1,0,0,1,192.0,0
P09882,C02108,871.44,card,Axis,insufficient_funds,3,2,0,0,0,,0
P09883,C02941,684.85,card,SBI,bank_declined,3,1,0,0,0,,0
P09884,C01841,781.16,wallet,SBI,network_error,4,0,1,10,0,,1
P09885,C00225,772.1,card,SBI,insufficient_funds,5,0,0,0,1,232.0,0
P09886,C01843,408.6,card,HDFC,insufficient_funds,2,2,0,0,0,,0
P09887,C02748,356.1,upi,Axis,network_error,6,0,1,30,1,164.0,1
P09888,C00582,307.94,upi,HDFC,insufficient_funds,1,3,0,0,0,,0
P09889,C00169,490.38,netbanking,Other,bank_declined,6,2,1,120,1,88.0,1
P09890,C01466,156.79,upi,ICICI,limit_exceeded,7,3,0,0,0,,0
P09891,C00014,219.53,card,Axis,limit_exceeded,9,1,1,10,0,,1
P09892,C02212,1248.82,upi,Axis,insufficient_funds,6,2,0,0,1,99.0,0
P09893,C01444,923.14,card,HDFC,insufficient_funds,5,3,0,0,1,62.0,0
P09894,C02805,549.22,card,Other,insufficient_funds,4,1,1,30,1,68.0,1
P09895,C01871,1435.68,wallet,Axis,insufficient_funds,4,3,1,10,0,,1
P09896,C01544,643.97,netbanking,Other,bank_declined,8,5,0,0,1,57.0,0
P09897,C01690,502.34,netbanking,ICICI,bank_declined,6,1,1,120,1,53.0,1
P09898,C01572,190.97,card,Axis,insufficient_funds,4,1,0,0,1,76.0,0
P09899,C01052,405.76,upi,Other,bank_declined,1,1,0,0,0,,0
P09900,C01732,977.99,upi,Other,network_error,2,2,1,60,0,,1
P09901,C00446,729.43,card,Other,network_error,3,1,1,120,1,111.0,1
P09902,C00716,1939.5,netbanking,Other,bank_declined,2,2,1,120,1,209.0,1
P09903,C00819,501.13,card,HDFC,bank_declined,4,1,0,0,0,,0
P09904,C02152,82.14,upi,Axis,network_error,7,3,0,0,0,,0
P09905,C02790,645.09,upi,HDFC,limit_exceeded,5,1,0,0,0,,0
P09906,C00426,88.75,netbanking,Other,bank_declined,5,2,1,30,1,56.0,1
P09907,C01125,352.42,card,SBI,bank_declined,3,2,0,0,0,,0
P09908,C01565,920.83,card,Axis,timeout,7,2,1,30,0,,1
P09909,C02687,1601.52,netbanking,HDFC,limit_exceeded,5,1,1,30,0,,1
P09910,C00850,238.82,card,Other,limit_exceeded,5,1,0,0,0,,0
P09911,C01546,651.41,netbanking,Other,insufficient_funds,3,2,1,30,0,,1
P09912,C01130,1484.69,card,Axis,bank_declined,1,4,1,30,0,,1
P09913,C01703,527.1,netbanking,ICICI,limit_exceeded,3,3,1,30,1,199.0,1
P09914,C02002,320.19,netbanking,Axis,bank_declined,6,2,0,0,1,27.0,0
P09915,C02817,1795.2,netbanking,HDFC,bank_declined,4,1,1,120,1,96.0,1
P09916,C00277,986.66,upi,ICICI,network_error,7,1,0,0,1,188.0,0
P09917,C01807,516.3,card,Axis,network_error,3,2,0,0,0,,0
P09918,C02948,168.99,card,Axis,limit_exceeded,5,1,0,0,0,,0
P09919,C02236,383.97,upi,Axis,network_error,0,4,0,0,0,,0
P09920,C01940,295.58,card,SBI,bank_declined,9,1,0,0,0,,0
P09921,C02153,148.04,card,Axis,insufficient_funds,7,0,1,60,0,,1
P09922,C00546,1267.15,card,HDFC,limit_exceeded,4,2,1,60,0,,1
P09923,C02428,735.98,card,Other,bank_declined,5,1,1,120,0,,1
P09924,C00110,299.79,netbanking,HDFC,network_error,6,2,0,0,1,122.0,0
P09925,C00545,327.17,card,Axis,network_error,3,3,1,60,0,,1
P09926,C02402,357.51,wallet,ICICI,timeout,2,1,1,120,1,191.0,1
P09927,C00743,244.96,card,SBI,network_error,4,3,1,60,1,223.0,1
P09928,C02365,3616.03,card,SBI,bank_declined,2,2,0,0,1,87.0,0
P09929,C01290,298.52,card,SBI,network_error,5,0,1,60,1,201.0,1
P09930,C01876,393.27,upi,ICICI,timeout,2,3,0,0,0,,0
P09931,C01089,304.46,card,ICICI,network_error,6,4,0,0,1,26.0,0
P09932,C00333,140.52,card,ICICI,limit_exceeded,4,1,1,30,1,221.0,1
P09933,C01537,207.93,card,ICICI,timeout,4,0,0,0,1,150.0,0
P09934,C01157,1034.66,upi,HDFC,bank_declined,5,2,0,0,0,,0
P09935,C00592,392.22,card,Other,timeout,4,4,0,0,0,,0
P09936,C00783,658.66,upi,ICICI,bank_declined,4,1,0,0,0,,0
P09937,C00540,678.45,wallet,Other,insufficient_funds,4,2,0,0,0,,0
P09938,C02783,679.67,card,Axis,network_error,4,2,1,120,1,76.0,1
P09939,C01559,303.19,card,Other,bank_declined,3,1,0,0,1,239.0,0
P09940,C01520,1607.81,upi,Axis,insufficient_funds,2,1,1,10,0,,1
P09941,C02669,939.02,card,SBI,insufficient_funds,2,3,1,30,0,,1
P09942,C00619,687.67,card,Axis,insufficient_funds,4,0,0,0,1,167.0,0
P09943,C02957,587.44,upi,HDFC,timeout,4,0,0,0,0,,0
P09944,C01834,187.88,upi,Axis,timeout,7,4,0,0,1,217.0,0
P09945,C00992,880.6,card,SBI,network_error,4,2,1,10,1,114.0,1
P09946,C02147,449.27,netbanking,SBI,limit_exceeded,4,2,0,0,1,154.0,0
P09947,C02365,279.46,upi,Other,insufficient_funds,2,2,1,10,0,,1
P09948,C02171,241.1,wallet,Other,insufficient_funds,2,1,0,0,0,,0
P09949,C02847,980.19,upi,SBI,limit_exceeded,4,3,1,10,1,103.0,1
P09950,C01617,185.39,netbanking,Axis,network_error,6,1,0,0,1,72.0,0
P09951,C01519,372.58,netbanking,Axis,network_error,4,3,0,0,0,,0
P09952,C02505,551.15,upi,ICICI,timeout,4,3,1,30,0,,1
P09953,C00522,444.27,netbanking,HDFC,bank_declined,2,3,1,30,0,,1
P09954,C02568,659.54,upi,Axis,network_error,3,3,1,10,1,132.0,1
P09955,C00917,1121.31,upi,SBI,bank_declined,5,2,1,10,1,194.0,1
P09956,C00717,759.81,netbanking,HDFC,bank_declined,2,6,1,60,0,,1
P09957,C02363,515.57,card,Other,limit_exceeded,2,5,1,120,1,102.0,1
P09958,C02757,360.53,netbanking,SBI,insufficient_funds,10,4,0,0,0,,0
P09959,C02758,180.65,card,SBI,insufficient_funds,3,1,0,0,0,,0
P09960,C01937,471.1,upi,Other,bank_declined,4,2,1,60,1,19.0,1
P09961,C00560,379.06,wallet,Axis,insufficient_funds,3,1,1,60,0,,1
P09962,C00969,713.17,upi,Other,timeout,1,5,1,120,0,,1
P09963,C02404,447.99,upi,SBI,insufficient_funds,2,1,1,120,0,,1
P09964,C01078,1020.17,upi,Axis,limit_exceeded,6,1,0,0,1,28.0,0
P09965,C00890,362.07,netbanking,Other,insufficient_funds,5,3,0,0,0,,0
P09966,C00793,333.06,upi,Axis,limit_exceeded,5,3,1,120,1,14.0,1
P09967,C02313,662.5,card,HDFC,insufficient_funds,2,2,1,60,0,,1
P09968,C00982,531.26,upi,Axis,insufficient_funds,1,2,1,10,0,,1
P09969,C00802,642.84,upi,SBI,bank_declined,4,1,0,0,0,,0
P09970,C00043,449.32,upi,Other,bank_declined,8,0,1,120,1,112.0,1
P09971,C01610,501.82,netbanking,Axis,network_error,4,0,0,0,0,,0
P09972,C02910,400.41,card,ICICI,network_error,2,3,1,30,0,,1
P09973,C01778,540.79,upi,Other,limit_exceeded,3,1,0,0,1,211.0,0
P09974,C00350,1170.7,card,Other,limit_exceeded,10,2,1,120,0,,1
P09975,C01568,345.01,upi,ICICI,bank_declined,8,4,1,10,0,,1
P09976,C01130,322.38,card,Axis,insufficient_funds,5,1,1,10,1,105.0,1
P09977,C02960,616.28,upi,HDFC,insufficient_funds,3,2,0,0,0,,0
P09978,C02049,432.8,upi,SBI,insufficient_funds,4,4,0,0,1,96.0,0
P09979,C01781,1324.53,upi,HDFC,bank_declined,4,5,0,0,1,53.0,0
P09980,C00584,804.16,card,SBI,limit_exceeded,3,3,1,60,0,,1
P09981,C00432,896.7,netbanking,SBI,bank_declined,7,0,1,120,1,156.0,1
P09982,C01933,955.0,upi,Other,network_error,6,3,0,0,1,30.0,0
P09983,C02101,311.22,upi,SBI,limit_exceeded,2,3,0,0,1,238.0,0
P09984,C02988,533.16,card,Other,insufficient_funds,4,2,0,0,0,,0
P09985,C02568,791.66,upi,ICICI,timeout,4,2,0,0,0,,0
P09986,C01349,494.33,upi,SBI,network_error,1,3,0,0,0,,0
P09987,C02195,263.0,card,ICICI,timeout,6,5,1,120,1,121.0,1
P09988,C02031,943.77,wallet,HDFC,insufficient_funds,7,2,1,60,0,,1
P09989,C01190,436.08,netbanking,Other,network_error,3,3,0,0,0,,0
P09990,C01163,608.83,upi,Other,network_error,6,1,1,30,1,171.0,1
P09991,C02677,740.7,card,Axis,timeout,4,3,1,10,1,130.0,1
P09992,C00299,1420.65,netbanking,SBI,timeout,3,4,0,0,1,210.0,0
P09993,C01940,568.46,card,Axis,network_error,2,1,1,120,1,210.0,1
P09994,C00789,120.15,card,Axis,bank_declined,4,0,0,0,0,,0
P09995,C00850,559.78,upi,ICICI,limit_exceeded,1,1,0,0,0,,0
P09996,C02226,600.01,card,Other,insufficient_funds,2,1,0,0,1,86.0,0
P09997,C02890,153.28,upi,ICICI,insufficient_funds,2,0,0,0,1,208.0,0
P09998,C01378,1381.26,upi,Other,insufficient_funds,5,3,1,30,0,,1
P09999,C01178,77.22,upi,Other,insufficient_funds,3,2,0,0,1,140.0,0
P10000,C01950,739.27,card,Axis,limit_exceeded,5,2,0,0,1,154.0,0
